rank,name,status,description,telegram,bot,x,website,launched,peak_mau,verified_since
1,Boinkers,active,"Boinkers game: upgrade your Boinkers, earn Moons, and travel to new planets",https://t.me/boinkersnews,https://t.me/boinker_bot,https://x.com/BoinkersIO,https://boinkers.io/,2024-07-06,,2024-09-03
2,Time Farm,active,A gamified Telegram app for completing tasks and earning SECOND tokens,https://t.me/timefarmchannel,https://t.me/timefarmcryptobot,https://x.com/ChronotechNews,https://Chrono.tech,2024-04-01,15597403,
3,Agent 301,active,,https://t.me/app301,https://t.me/agent301bot,https://x.com/301Community,,2024-05-23,,
4,Hrum,active,Hrum is a fortune cookie app for predictions and earning tokens,https://t.me/hrumfam,https://t.me/hrummebot,https://x.com/tonco_io,https://tonco.io/,2024-03-30,11290099,
5,CEXIO Power Tap,active,CEX.IO Power Tap is a crypto earning game,https://t.me/cexio_announcements,https://t.me/cexio_tap_bot,https://x.com/cex_io,https://earn.cex.io/,2021-04-19,18014462,2024-01-18
6,Rich Dog Game,active,A play-to-earn Telegram mini-app where players earn in-game currency and can generate yields,https://t.me/richdogsupport,https://t.me/richdoggamebot,https://x.com/RichDogGame,https://richdog.io,2024-06-15,,
7,Dropee,active,Dropee is a game where you build an empire and earn rewards,https://t.me/dropee_community,https://t.me/dropeebot,,https://dropee.xyz,2024-07-23,,2024-11-07
8,SuperEarn,active,SuperEarn is a cross-chain platform for earning passive income on crypto,https://t.me/superearn,,https://x.com/superdapp,https://superearn.org,2023-01-14,,
9,Super Wallet,active,Super Wallet — a wallet for earning crypto through staking and liquidity,https://t.me/superearn,https://t.me/superdappbot,https://x.com/superdapp,https://superearn.com/wallet,2023-01-14,,
10,My Duck,active,The most social game on Telegram where ducks make love,,https://t.me/myduck,,,2025-01-13,2347968,2026-03-22
11,Hamster Kombat,active,Hamster Kombat is a game where you manage a game development studio and earn rewards,https://t.me/hamsterkombat_official,https://t.me/hamster_kombat_bot,https://x.com/hamster_kombat,https://hamster.network,2023-10-23,155514148,2024-06-02
12,HOT Wallet,active,HOT Wallet is a multichain crypto wallet within Telegram,https://t.me/hotonnear,https://t.me/herewalletbot,https://x.com/hotdao_,,2023-11-11,,2024-07-02
13,TapCoins,active,TapCoins is a Web3 mobile game where users earn rewards by tapping the screen,https://t.me/thetapcoins,https://t.me/tapcoinsbot,https://x.com/theTapCoins,https://www.tapcoins.app,2024-04-29,,
14,BabyDoge PAWS,active,"Telegram game: collect PAWS, upgrade cards, and earn passive income",https://t.me/babydogecoin,https://t.me/babydogepaws_bot,https://x.com/babydogecoin,,2024-06-28,7190500,2021-07-01
15,TapCGPT,active,,https://t.me/chaingptnews,https://t.me/Tap_CGPT_Bot,https://x.com/Tap_CGPT,https://tap.chaingpt.org/,2022-08-22,383433,
16,Gift Combat,active,Gift Combat is a Telegram game where players participate in tournaments by trading items and earning points,https://t.me/gift_kombat,https://t.me/gift_kombat_bot,,,2025-02-20,,
17,TON Station,active,A game distribution platform with quests and events,https://t.me/tonstationgames,https://t.me/tonstationgames_bot,https://x.com/tonstationgames,https://tonstation.app/,2024-04-04,12665145,2024-10-01
18,Hamster Kombat: GameDev,active,Mini-app «Hamster Kombat: GameDev» — a game creation tool within the Hamster Kombat ecosystem,,https://t.me/hamster_game_dev_bot,,,2025-02-15,4180465,
19,TapSwap,active,"A skill-based earning mini app in Telegram and Web3 where you play games, complete tasks, and withdraw rewards through the built-in cashier",https://t.me/tapswapai,https://t.me/tapswap_bot,https://x.com/tapswapai,,2024-01-23,21187991,2025-09-01
20,Giftomania,active,Giftomania is a bot for receiving Telegram Gifts and Premium,,https://t.me/giftomaniabot,,,2025-03-12,,
21,mAInet V2,active,First Mine-to-Earn game with LIQUID Token $CORE available NOW!,https://t.me/mainet_io,https://t.me/mainet2_bot,https://x.com/mAInet_io,https://web.mainet.io/,2025-05-22,,
22,Labrador Adventures,active,"An adventure game featuring a labrador character, arena battles, dungeon crawling, and the $LABR token",https://t.me/labrador_labr_ru,https://t.me/labradoradventuresbot,https://x.com/labrador_labr,https://labrador.team,2024-03-30,165954,
23,GameBot,active,I'm a demo bot for the Telegram Gaming Platform,,https://t.me/gamebot,,,2016-09-30,248044,2020-05-14
24,Cats,active,Only $CATS the meowest Telegram native token. Join meow,https://t.me/cats_housewtf,https://t.me/catsgang_bot,https://x.com/cats_telegram,https://www.catshouse.live,2024-02-20,,2024-10-01
25,BeeCoin,active,BeeCoin is an early-access earning app,https://t.me/beecoin_official,https://t.me/Bee_CoinBot,https://x.com/BeeeCoin,https://beecoin.finance/,2024-04-15,,
26,Headcoin,active,Official channel of the game Headcoin,https://t.me/head_coin,https://t.me/head_coin_bot,https://x.com/head_battlee,https://headgun.org/,2024-06-26,1857819,
27,PixelTap by Pixelverse,active,PixelTap by Pixelverse is a Telegram mini app for playing games,https://t.me/pixelverse_xyz,https://t.me/pixelversexyzbot,https://x.com/pixelverse_xyz,https://pixelverse.xyz,2024-02-23,24972642,2024-07-01
28,Surf & Earn,active,,https://t.me/surf_earn_channel,https://t.me/surf_earn_bot,,,2025-11-29,47787,
29,Hamster Fight Club,active,Welcome to Hamster Fight Club Bot!,,https://t.me/hamster_fightclub_bot,,,2024-12-27,2514100,
30,ZarGates Retrodrop,active,ZarGates Retrodrop – a retro game with a collection system,https://t.me/dyorninjaru,https://t.me/zargatesbot,https://x.com/zargates,https://dyor.io,2023-10-17,952388,2025-07-01
31,CapsGame,active,CapsGame is a Telegram game where players collect digital items and participate in game events,https://t.me/capsgame,https://t.me/capsgamebot,https://x.com/CapsXGame,https://capsgame.com/,2024-01-25,654591,
32,Yescoin,active,Yescoin is a game where you earn points and tickets for prize draws,https://t.me/theyescoin,https://t.me/realyescoinbot,https://x.com/Yescoin_Fam,https://yesco.in/,2024-03-14,5756742,
33,BAKS TON GAME,active,,https://t.me/baks_ton,https://t.me/baksgamebot,https://x.com/ton_baks,https://baks.tgstore.app/,2023-12-09,1331715,
34,Tomarket App,active,Tomarket App is a game where you farm and earn $TOMA tokens,https://t.me/tomarket_ai,https://t.me/tomarket_ai_bot,https://x.com/tomarket_ai,https://tomarket.ai,2024-05-15,,
35,ZarGates,active,"Welcome to ZarGates — a community-driven gaming infrastructure! Explore top-tier games, complete exciting quests, and earn exclusive rewards!",https://t.me/zargateschannel,,,,2024-05-03,,
36,Empires Battle Bot,active,A steampunk-themed arcade RPG where players defend a drill from waves of robots and earn tokens,https://t.me/empiresbattle_channel,https://t.me/empiresbattlebot,https://x.com/EmpiresBattle,https://docs.empiresbattle.com/,2024-04-21,181824,
37,Capybara Nation,active,Welcome to Capybara Nation,https://t.me/capybaranation,https://t.me/capybara_nation_bot,https://x.com/capy_nation,https://www.tiktok.com/@capy.nation,2024-07-12,1763357,
38,WGScoin,active,,https://t.me/whatsgameschannel,https://t.me/Whatsgamesbot,,https://pulsegpt.ru/,2024-05-28,,
39,Urkocoin Tap Game,active,"A tap-to-earn Telegram mini app that rewards users with Urkocoin and GOLD tokens, featuring raffles, auto Solana payouts, and a Jackpot Wheel",https://t.me/urkocoin,https://t.me/urkocoin_bot,,,2024-07-11,590662,
40,Binance Moonbix bot,active,Binance Moonbix bot shows a service notice,https://t.me/binancemoonbixbotchannel,https://t.me/binance_moonbix_bot,,,2023-12-29,23295479,2024-09-17
41,Yumify,active,Новостной около-крипто канал,https://t.me/yumify,https://t.me/yumify_bot,https://x.com/yumify_ton,https://yumify.one,2024-01-12,1152485,
42,Spekter Agency,active,A rogue-lite survivor game in Telegram where players participate in battles and earn Sparks,https://t.me/spekteragencynews,https://t.me/spekteragency_bot,https://x.com/spekteragency,,2025-01-31,568017,
43,Crownville,active,Crownville - это социально‑экономическая игра‑город,https://t.me/hificrownville,https://t.me/Crownvillebot,,https://crownville.online/,2024-02-03,,
44,W-Coin,active,W-Coin is a tool for verifying wallets on TON,,https://t.me/wcoin_tapbot,https://x.com/wcoin_io,,2024-05-02,,2025-01-03
45,DuckCoin,active,,https://t.me/duckcoin,https://t.me/ducktask_bot,https://x.com/notduckcoin,https://duckcoin.org,2023-06-26,339117,
46,SEED,active,SEED is a Telegram mini-app for earning and growing SEED tokens,https://t.me/seedupdates,https://t.me/seed_coin_bot,https://x.com/SeedCombinator,https://home.seeddao.org/,2024-04-03,22261287,2024-06-09
47,Wen Lambo?!,active,"Play, earn $LAMBO, get gifts from boxes, and stars from referrals",https://t.me/lambospeak,https://t.me/wen_lambo_bot,https://x.com/LAMBOtokenTON,,2024-11-04,139257,
48,Simple Coin,active,A stablecoin wallet for everyday use,https://t.me/smpl_app,https://t.me/simple_tap_bot,https://x.com/smpl_app,https://promo.simple.app/1Qd2/xe0uv1iz?af_qr=true,2022-07-20,10991192,
49,XSTAR Fleet,active,Discover the first-ever mini app for humanity on Telegram and Ton!,https://t.me/channel,https://t.me/XStarFleet_bot,https://x.com/xstar_id,https://channel.t.me,2024-10-01,,
50,CT Pool,active,CT Pool is a Telegram mini app for free crypto mining,,https://t.me/ctpool_bot,,,2024-04-23,,
51,Dotcoin,active,Everything starts from a DOT,https://t.me/dotcoin_help_support,https://t.me/dotcoin_bot,https://x.com/thedotcoin,https://tmarket.icu/,2024-02-03,10748746,2024-12-03
52,RichQuestBot,active,"Seize the chance to grab a million pounds, showcase your strength, and win huge prizes",,https://t.me/richquestbot,,,2024-06-20,710852,
53,Rocky Rabbit,active,A Telegram game for earning by predicting Bitcoin's price,https://t.me/rockyrabbitio,https://t.me/rocky_rabbit_bot,https://x.com/rockyrabbitio,https://rockyrabbit.io,2024-06-04,20542801,2024-07-02
54,MEMEWORLD,active,,,https://t.me/tgmemeworld_bot,https://x.com/toughgoldbull,,2024-07-16,35589,
55,Nuts Farm,active,Nuts Farm — a nut farming game in Telegram,,https://t.me/nutsfarm_bot,https://x.com/nutsfarm1337,,2024-05-22,,
56,HoldCoin,active,HoldCoin is an app for earning by holding tokens,https://t.me/holdcoin_channel,https://t.me/theholdcoinbot,https://x.com/HoldCoinGo,https://www.holdcoin.xyz,2024-05-04,5318753,
57,Vertus,active,Official channel of Vertus,https://t.me/the_vertus,https://t.me/Vertus_App_bot,https://x.com/the_vertus,https://,2024-03-21,4459644,2025-01-03
58,Match money game,active,,,https://t.me/matchmoney_gamebot,,,2024-04-16,,
59,WeMine,active,WeMine - mining accessible to everyone,https://t.me/weminecommunity,https://t.me/WeMineBot,,,2024-03-30,548542,
60,ToON Nation,active,Welcome to the ToON News channel,https://t.me/toonorgnews,https://t.me/toon_nation_bot,https://x.com/toon_nation_app,,2024-04-21,589009,
61,TON Map,active,TON Map — digital real estate on the Telegram map,https://t.me/tonmap,https://t.me/thetonmapbot,https://x.com/thetonmap,https://tonmap.app,2021-09-21,428018,
62,Lovely Legends,active,,,https://t.me/lovelylegends_bot,https://x.com/LovelyLegends_,,2024-07-30,6741684,
63,PhysicalDoge Airdrop,active,,,https://t.me/physicaldogeairdropbot,https://x.com/physicaldoge,,2024-05-02,30107,
64,RetroBit,active,,https://t.me/retro_bit,https://t.me/Retro_Bit_bot,https://x.com/retrobit_game,https://ston.fi,2024-05-16,,
65,TonPrison,active,Prison — Play2Earn игра в Telegram,https://t.me/tonprisonnews,https://t.me/tonprison_bot,https://x.com/tonprison,,2024-07-18,,
66,The Exiles,active,"SOEX Gaming Universe is a rapidly growing, skill-based gaming ecosystem",https://t.me/shelterofexiles,https://t.me/TheExilesBot,,https://shelterofexiles.com/,2022-10-04,186031,
67,Piggy Bank,active,,,https://t.me/piggybankgamebot,,https://taddy.pro/piggybankgamebot,2024-06-23,,
68,FreeDogs,active,,https://t.me/thefreedogs_ann,https://t.me/thefreedogs_bot,https://x.com/thefreedogs_bot,,2024-05-30,3399110,
69,TOXIC X GAME,active,"TOXIC X is a mini-universe of NFT squad! With the help of our telegram game you can earn future $TXL! The main goal is to increase your game income: inviting friends, completing tasks and other types",https://t.me/toxic_x_official,https://t.me/toxic_x_game_bot,https://x.com/toxic_x_squad,https://toxicx.space,2024-09-02,,
70,GOATS,active,,https://t.me/realgoats_channel,https://t.me/realgoats_bot,https://x.com/goats_immortal,https://ton.goatsbot.xyz/,2024-05-29,18890751,
71,Ton Galaxy,active,Ton Galaxy is a Telegram game for battles and earning rewards,https://t.me/tongalaxy_official,https://t.me/tongalaxy_bot,https://x.com/tongalaxy_com,https://tongalaxy.com,2023-07-17,20434,
72,PEPE Miner Bot,active,PEPE Miner Bot - a tap-to-earn game with withdrawals,https://t.me/pepe_miner_community,https://t.me/pepe_miner_game_bot,https://x.com/ArcadiaWeb3_0,https://www.arcadiaweb3.net/,2024-04-24,4805439,
73,CatsDogs,active,"Join the most kind battle of the world, get some $FOOD for Dogs or Cats!",https://t.me/catsdogs_community,https://t.me/catsdogs_game_bot,https://x.com/cats_dogs_game,,2024-04-04,,
74,MineX,active,MineX is a cutting-edge app for mining with virtual GPUs. Start mining TON jettons in a whole new way!,https://t.me/minex_ru,https://t.me/MineXton_bot,https://x.com/minexton_bot,https://minex.cx/,2024-08-05,,
75,MONEY DOGS,active,,https://t.me/moneydogs_community,https://t.me/money_dogs_bot,https://x.com/MoneyDogs_house,,2024-05-29,19318267,
76,Dig It - Play For Gold,active,Dig It - Play For Gold is a game where you dig for $NUGS,,https://t.me/dig_it_game_bot,,,2025-10-20,,
77,Kiwi Coin,active,,https://t.me/kiwicoinnews,https://t.me/kiwicoins_bot,,,2025-02-08,153463,
78,Banana,active,"Telegram Stars дешевле, чем в Telegram",https://t.me/banana_update,https://t.me/BananaStarsBot,https://x.com/thebananagameee,https://banana.marusinohome.ru,2024-07-14,,
79,Money Garden AI,active,,https://t.me/moneygardenai_ann,https://t.me/moneygardenaibot,https://x.com/moneygardenai,https://www.moneygarden.ai/,2024-04-13,,
80,RollerTap,active,RollerTap from Rollercoin is LIVE – join now!,https://t.me/rollertap,https://t.me/rollertap_bot,https://x.com/rollercoin_com,https://rollercoin.com,2024-06-23,151196,
81,Capybara MEME,active,Capybara MEME is a Telegram game for earning $TON rewards,https://t.me/capybara_meme_official,https://t.me/the_capybara_meme_bot,https://x.com/meme_capybara,https://arbitragescanner.io/,2024-07-18,5186961,
82,Gemz,active,,https://t.me/gemzcoin_official,https://t.me/gemzcoin_bot,https://x.com/Gemzcoins,,2024-04-21,9369530,
83,BlockSpinGaming,active,All the news regarding Blockspingaming,https://t.me/blockspingamingann,https://t.me/BlockSpinBot,https://x.com/blockspingaming,https://blockspingaming.com/,2024-09-06,,
84,Acki Nacki,active,,https://t.me/ackinackinews,https://t.me/ackinacki_bot,https://x.com/ackinackichain,https://ackinacki.com,2024-07-02,2507225,
85,OKX Racer,active,,,https://t.me/okx_official_bot,,,2023-12-29,13920318,2024-09-05
86,HEXNIO App,active,HEXNIO App — a farm and trading bot for TON,https://t.me/hexnio,https://t.me/hexn_bot,https://x.com/hexn_io,https://hexn.io/sign-up,2022-08-04,,2024-08-08
87,#TotalHash,active,Channel of bitcoin-style Proof-of-Work game,https://t.me/totalhashcommunity,https://t.me/totalhashbot,,,2024-11-12,,
88,Happy Farmer,active,Farm with friends on the best TON farm in Telegram!,https://t.me/happyfarmer_official,https://t.me/happyfarmergamebot,https://x.com/happyfarmerapp,https://www.happyfarmer.ai/,2024-05-27,633078,
89,Step2Earn,active,Step2Earn – an app that awards points for real steps and lets you exchange them for GRAM inside Telegram,https://t.me/step2earn_news,https://t.me/step2earn_bot,,https://step2earn.app,2026-07-27,,
90,Dogiators,active,A Telegram fighting game where players battle each other and explore dungeons,https://t.me/dogiators,https://t.me/dogiators_bot,,,2024-06-05,9982703,
91,TON City,active,,https://t.me/toncity_hq,https://t.me/toncity_bot,https://x.com/toncity_hq,https://toncity.io,2024-05-25,24134,
92,Sociafober,active,,https://t.me/sociafober,https://t.me/sociafoberbot,https://x.com/sociafober,https://sociafober.me,2025-02-01,,
93,MOON App,active,,https://t.me/moon1app,https://t.me/ton1moonBot,,,2024-03-26,438692,
94,GRAND BANG,active,"Space agency simulator: rocket launches, resource mining, item crafting",https://t.me/thegrandbang,https://t.me/GrandBangBot,https://x.com/grandbanger,https://grandbang.space/,2025-04-21,,
95,Aura Network,active,,https://t.me/auraanetwork,https://t.me/networkaura_bot,https://x.com/auraAnetwork,,2024-06-12,,
96,NotBitCoin Bot,active,,https://t.me/notbitco_in,https://t.me/notbitco_in_bot,https://x.com/notbitco_in,https://notbitco.in,2024-05-11,128502,
97,Nomis App,active,The Reputation Layer for Web3 — Get your Nomis Reputation Score at Nomis.cc,https://t.me/nomis_protocol,https://t.me/NomisAppBot,https://x.com/0xNomis,https://Nomis.cc,2022-10-11,3622705,
98,Spin Town,active,Revolutionary Spin to Earn Game,https://t.me/spintownofficial,https://t.me/spintownbot,https://x.com/spintownbot,,2024-09-20,,
99,BillyBob,active,,https://t.me/billybobofficial,https://t.me/billybobrobot,https://x.com/billybob_game,https://nftkeeper.org/,2024-04-19,,
100,Dakecoin,active,,https://t.me/dake_coin,https://t.me/dake_coin_bot,https://x.com/thedakecoin,https://dake.xyz/,2023-06-24,,
101,Sabai Tapai,active,Sabai Tapai — a tap-to-earn game with earning opportunities,https://t.me/sabaiecoverse,https://t.me/sabaitapai_bot,https://x.com/sabaiecoverse,https://sabaiprotocol.com/solution,2021-12-12,119059,
102,brrrrr game,active,haha money printer go brrrrr,https://t.me/brrrrren,https://t.me/brrrrrgamebot,,https://,2024-03-31,603001,
103,ArtiTap,active,ArtiTap is a Web3 clicker RPG with NFT and cryptocurrency elements,https://t.me/artitap,https://t.me/artitapbot,,https://Artitap.com,2024-06-05,,
104,BFDCoin,active,,https://t.me/bfd_coin,https://t.me/bfdcoin_bot,https://x.com/BFDCoin,https://presale.bfdcoin.org,2024-04-21,2934491,
105,PROBULL PLAY AND EARN,active,Play and earn game. Сommunity,https://t.me/gamebulls,https://t.me/pro_bull_bot,,,2024-06-15,28164,
106,OinkCoin,active,,https://t.me/oinkcoinchannel,https://t.me/oinkcoinbot,https://x.com/oinkcoin_,https://oinkcoin.org,2024-08-26,43189,
107,Farm World,active,,https://t.me/farmworldton,https://t.me/farm_world_bot,https://x.com/farm_world_tg,https://,2024-04-01,,
108,Notcoin Inu,active,,https://t.me/notcoininu_news,https://t.me/notcoininu_bot,https://x.com/NotcoinInu_TON,https://notcoininu.com/,2024-06-01,,
109,NOVUM.AI Agent,active,Activate your personal AI agent and earn daily!,,https://t.me/ainovum_bot,,,2026-08-20,,
110,Catizen (CATI),active,Catizen is a Cat Intelligence ecosystem built around a cat-themed Telegram Mini App,https://t.me/CatizenAnn,,https://x.com/CatizenAI,https://linktr.ee/catizen,2024-08-16,,
111,Bums,active,Telegram mini app game with a token ecosystem,https://t.me/bums_official,https://t.me/bums,https://x.com/bums_official,https://bums.store,2024-04-16,,2024-11-12
112,$DROPEE (DROPEE),active,Welcome to the official Dropee channel!,https://t.me/dropee_community,,https://x.com/dropee_app,https://dropee.xyz,2025-08-07,,2024-11-07
113,MRG,active,,https://t.me/mrgminer,https://t.me/mrgminerbot,,,2026-09-13,,
114,Notcoin,active,Notcoin is a Telegram game involving the $NOT token,https://t.me/notcoin,https://t.me/notcoin_bot,https://x.com/thenotcoin,https://notcoin.org,2023-12-20,17733685,2023-12-16
115,Cattea,active,"Simple to play, easy to earn, and perfect for cats and bubble tea lovers!",https://t.me/CatteaNews,https://t.me/CatteaAIbot,https://x.com/CatteaAI,,2024-03-30,6016688,
116,Pitcoin Miner,active,Welcome to Pitcoin ($PTC) Mining! Mine $PTC — the Next Bitcoin on the TON Blockchain!,,https://t.me/pitbullcoinbot,,,2026-09-03,,
117,ART,active,,https://t.me/art_airdrop,https://t.me/art_airdrop_bot,,,2026-09-15,,
118,Honey Farm,active,,https://t.me/honeyfarmnews,https://t.me/honey_farmbot,,,2026-07-22,,
119,GetBonus,active,"GetBonus is an app that instantly rewards you with Telegram Stars for completing simple tasks from major brands like Magnit, IVI, and others",https://t.me/getbonustg,https://t.me/GetBonusAppBot,https://x.com/GetBonusGlobal,https://getbonus.red/,2024-10-29,,
120,Epsilon,active,Mine EPS Invite Friends Earn Rewards The next-generation Telegram crypto ecosystem powered by,,https://t.me/epsiloncrypto_bot,,,2026-06-28,,
121,Stones White Stand,active,"Tap to MINE STONES ! Level up, earn bonuse and withdraw Real Token !",,https://t.me/stoneswithestand_bot,,,2026-09-06,,
122,Earn Craft,active,The fun and rewarding mini game where every task brings you closer to fortune! Website,,https://t.me/earncraft_bot,,https://ecraftx.com,2026-04-14,,
123,MIDASO,active,"1 free spin every 4 hours, a prize every time: XP, $GRAM, $MIDASO or extra spins. Cash out from 0.01 GRAM",,https://t.me/appmidaso_bot,,,2026-09-22,,
124,Not Games Coin,active,Инвестиционный токен. Получай дивиденды при любом движении токена. Майнинг токена,https://t.me/notgamescoin,https://t.me/not_games_mining_bot,,,2025-02-17,,
125,Jack's Farm,active,,https://t.me/jacksfarmnews,https://t.me/jacksfarm_bot,,,2026-05-15,,
126,Mouse,active,MOUS is a P2E (Play-to-Earn) game based on the TON blockchain that gives users a unique gaming experience,https://t.me/Mouse_community,https://t.me/mousehous_bot,https://x.com/MouseHomies,https://mousehouses.com/,2022-04-01,,2025-03-01
127,Agent Ai,active,"Invest, Refer & Earn! Invite friends and earn referral rewards",,https://t.me/agentaiinvestdailybot,,,2026-09-07,,
128,RubUP,active,,https://t.me/udalenkarabotaai,https://t.me/rubup,,,2025-05-03,,
129,Data Miner,active,Mining of the reward token $Data each purchase/sale burns 15% forever,,https://t.me/datamineer_bot,,,2026-09-04,,
130,Moola,active,Welcome to MOOLA — where the herd mines together. Mine $MOOLA • Boost your power • Own Calf NFTs • Grow your herd,,https://t.me/moolasbot,,,2026-05-05,,
131,Bigram,active,The first mobile mining CEX on Telegram. Powered by BIUSD,,https://t.me/bigramapp_bot,,,2026-08-27,,
132,MusicMining$MB,active,"Mining of the reward token $MB, each purchase/sale burns 15% forever",,https://t.me/musicminingmb_bot,,,2026-08-22,,
133,RUBY EARN,active,,,https://t.me/rubyearn_bot,,,2026-08-22,,
134,Victor's Company,active,Victor's Company where every crew get hired! Subscribe Support,https://t.me/victors_company,https://t.me/victorscompanybot,,,2026-09-28,,
135,EMBERWING,active,"Dragon P2E game on Telegram — hatch, train, battle, earn GRAM",https://t.me/emberwing_official,https://t.me/emberwing_emb_bot,,,2026-08-06,,
136,Naughty Coin,active,"NOTY Coin game is a mining Game Mine and earn, decentralized digital currency designed to enable fast, secure, and borderless peer-to-peer transactions — all wi",https://t.me/naughtycoin_channel,https://t.me/naughtycoinofficial_bot,https://x.com/notycoin,https://naughtycoin.club,2024-10-18,20163,
137,MEME Mining,active,Launch your MEME Miner and reach the TOP!,https://t.me/mememiningnews,https://t.me/mememiningbot,,,2026-04-14,,
138,Hipo Gang,active,Hipo Gang allows you to earn airdrops of $HPO,https://t.me/HipoFinance,https://t.me/HipoGangBot,https://x.com/hipofinance,https://hipo.finance,2023-02-23,2813683,2025-05-14
139,Diaverse Game,active,A game combining the concepts of Move 2 earn and Health Fi with an exciting RPG game,https://t.me/DiaverseMedia,https://t.me/DiasporaPartnerBot,https://x.com/diaversegame,https://diaverse.app/?utm_sid=321277444,2023-09-11,350513,
140,Gmail Farmer PRO,active,,https://t.me/gfprocom,https://t.me/gmailfprobot,,,2025-10-28,,
141,Imperial Citadel,active,"Build your empire, upgrade your Gold Mines, and farm Gold. Official",https://t.me/imperial_citadel_channel,https://t.me/imperial_citadel_bot,,,2025-10-15,,
142,Golden Miner,active,"Gather your dwarf crew, upgrade the mines, and turn ore into rewards. Dig deeper, climb the ranks, and claim your golds",https://t.me/goldenminernews,https://t.me/goldenminerbot,,,2026-01-26,226728,
143,Leaf Earn Bot,active,"Play games, complete tasks, collect Stars and grow your Leaf balance with fun ways to earn rewards",,https://t.me/leafearnbot,,,2026-09-23,,
144,ClawQuest,active,ClawQuest is a Telegram-native Command-to-Earn AI agent game available as a Telegram Mini App,https://t.me/Claw_Quest_Chat,https://t.me/Claw_Quest_bot,https://x.com/ClawQuest_net,https://clawquest.net/,2026-04-16,,
145,GoBull To Da Moon,active,Invite your friends Earn Free USDT,,https://t.me/gobullmoonbot,,,2026-09-21,,
146,HumanPass,active,"With HumanPass, you can unlock the value of your unique DID and access unlimited rewards and on-chain privileges!",https://t.me/HumanPass,https://t.me/HumanPassBot,https://x.com/HumanPassAI,https://www.humanpass.ai,2024-10-17,1848237,
147,LIME Game,active,A Telegram Mini App game (Tap-To-Earn) by the iMe project,,https://t.me/iMe_lime_bot,,https://www.imem.app/,2024-11-05,,
148,Octies,active,Octies is a Telegram game for earning OCTIES tokens and participating in competitions,,https://t.me/octies_bot,https://x.com/Octies_GameFI,,2024-05-29,157881,
149,Zentorno,active,"MINE & EARN Join And Get 1,000 POWER Minimum Withdrawal 0.05 USD Earn And Withdraw Without Restrictions",,https://t.me/zentorno_gram_bot,,,2026-09-19,,
150,Adclickersbot,active,On This Bot You Can Earn Money By Complete Simple Task. Join Here For More info,https://t.me/adclickersbotchannel,https://t.me/adclickersbot,,,2022-05-29,403723,
151,VOLTA,active,Activate and Earn!,,https://t.me/volta_mining_bot,,,2026-08-10,,
152,PowerPoolX DEX Listed Airdrop (Listed On Pancakeswap),active,,,https://t.me/powerpoolxpancakeswapairdropbot,,,2026-09-14,,
153,The Open Earn App,active,,,https://t.me/theopenearnappbot,,,2025-04-17,,
154,YODA,active,,,https://t.me/yodaairdropbot,,,2026-08-24,,
155,Cat Gold Miner,active,Cat Gold Miner: Where Purr-fectly adorable meets Purr-fectly profitable!,https://t.me/catgoldminerann,https://t.me/catgoldminerbot,https://x.com/catgoldminer,https://www.catgoldminer.ai/,2024-04-13,,2024-08-13
156,Dragonz Land,active,"Step into the world of Dragonz Land, where every card played shapes your destiny At Dragonz Land we’re building a cutting edge Web3 MTG style trading card ga",https://t.me/dragonz_land_announcement,https://t.me/dragonz_land_bot,https://x.com/dragonzlandx,https://www.dragonz.land/,2024-04-21,5908360,
157,LF Wallet Airdrop,active,,,https://t.me/lfwallet_airdropbot,,,2026-08-14,,
158,GoMine App,active,"Mine rewards, not points. Real $GOMINE on TON, withdraw from $1",,https://t.me/gomineappbot,,,2026-06-15,,
159,9Chain Official New Airdrop (Layer 1 Blockchain),active,,,https://t.me/official9chainnewairdropbot,,https://9chain.org/,2026-09-03,,
160,JBTClabs New Round Official Airdrop (Listing CEX),active,,,https://t.me/jbtclabsnewroundairdropbot,,,2026-08-24,,
161,Grow Tea,active,Build up your tea farm and become the best! Exchange tea for money online!,https://t.me/growteanews,https://t.me/growteabot,,,2026-02-14,149948,
162,Pixel Wars,active,"Pixel strategy: mining, heroes, clans & PvP",https://t.me/pixlws,https://t.me/pxlw_bot,,,2025-10-26,,
163,ASTRA,active,Astra: USDT mining and tons of bonuses!,,https://t.me/auctionastra_bot,,,2026-08-03,,
164,Flames Earn Bot,active,"Flames is a gaming and rewards hub where games, Telegram Stars, and activities turn into real rewards",,https://t.me/flamesearnbot,,,2026-06-11,,
165,SheikDoge New Round Official Airdrop (Plan Listing On CEX),active,,,https://t.me/sheikdogenewofficialairdropbot,,https://sheikdoge.com/,2026-09-01,,
166,EmE App,active,"EmE App: tap game, investment plans, referral program. USDT deposits and withdrawals inside Telegram",,https://t.me/eme_app_bot,,,2026-09-04,,
167,Money Bux,active,"Complete simple tasks, play, farm, and withdraw TON and USDT!",https://t.me/moneybux_channel,https://t.me/mbuxbot,,,2025-02-20,,
168,48Hashes,active,Your 48Hashes contract is ready,,https://t.me/gramhashes48bot,,,2026-08-25,,
169,Bitcoin Base Airdrop,active,"Complete simple tasks, invite friends, and earn Bitcoin Base (BCB) rewards",,https://t.me/bitcoinbaseairdropbot,,,2026-08-27,,
170,Wisplings,active,"Collect spirits, take care of them, combine powers and earn WISP",,https://t.me/wisplings_bot,,,2026-08-16,,
171,TMTMINE,active,"TMTMINE — Mining, rewards, referrals and essential TMT ecosystem features, all in one place",,https://t.me/tmtminebot,,,2026-09-25,,
172,Mining Buddies,active,,,https://t.me/miningbuddiesbot,,,2026-07-23,,
173,Chimp,active,Earn Telegram Stars by completing simple tasks — with NFT roulette and daily free spin!,https://t.me/mychimp,https://t.me/mychimpbot,,https://chimpbot.org,2026-02-03,363945,
174,Doodle Jump,active,,https://t.me/doodleplaynews,https://t.me/doodleplaybot,,,2026-05-30,120566,
175,Call of Odin's Chosen,active,"Mine now, own the Future! Just like mining Bitcoin 2009 News Channel：",https://t.me/coc_web3_news,https://t.me/coc_web3_bot,,,2025-09-30,1145067,
176,EASY COIN FARM,active,Bot - . Token Chat (soon),https://t.me/ezzcoint,https://t.me/easycoinfarbot,,,2026-07-27,,
177,Polox DAO Airdrop,active,,,https://t.me/poloxdaoairdropbot,,,2026-07-24,,
178,Farming Mates,active,"Grow your crops, complete tasks, invite friends & earn USDT",https://t.me/farmingmateschat,https://t.me/farmingmatesbot,,,2026-09-06,,
179,Lucky Train,active,"Lucky Train is a gamified Web3 project on the TON blockchain, built as a Telegram Mini App",https://t.me/LuckyTrain,https://t.me/LuckyTrainBot,https://x.com/LuckyTrainApp,https://luckytrain.com,2025-06-12,123853,
180,CRYPTICO,active,CRYPTICO — a game about trading and character leveling,https://t.me/cryptico_app,,https://x.com/cryptico_app,,2024-10-07,,
181,HoneyInc New Guaranteed USDT Airdrop,active,,https://t.me/thehivegoop,https://t.me/honeyincnewguaranteedairdropbot,,https://honeyinc.app/,2025-12-07,,
182,72Hashes,active,Your 72Hashes contract is ready,,https://t.me/gramhashes72bot,,,2026-06-26,,
183,Otters,active,"Otters is a gamified Telegram Mini App built on TON that rewards users through daily check-ins, referrals, spinning, and a unique 3-hour farming claim system",https://t.me/otters_games,,https://x.com/OttersComm,https://otters.games,2024-12-08,,
184,PythoDex Airdrop,active,,,https://t.me/pythodexairdropbot,,,2026-08-20,,
185,ChiliVersus,active,"Join ChiliVersus, where you dive into popular rivalries, embrace the versus spirit, fuel your Chili character, and earn real money",,https://t.me/ChiliVersusBot,https://x.com/ChiliVersus,https://chiliversus.com/,2024-11-19,24752,
186,PLAYS Hub,active,,https://t.me/PlayshubAnn,https://t.me/playshubbot,https://x.com/PlaysHub,https://playshub.io/,2024-07-25,116577,
187,Huevos,active,"Build your farm, earn CHICKENS, complete tasks & unlock referral rewards!",,https://t.me/huevos_farm_bot,,,2026-08-18,,
188,Agriverse-X Airdrop,active,,,https://t.me/agriversexairdropbot,,,2026-08-25,,
189,Rignite,active,"Tap-to-earn crypto mining game. Mine, upgrade rigs, cash out real TON. Daily cipher & codes",,https://t.me/rignitebot,,,2026-07-08,,
190,Lifetime Energy,active,"Increase Watts, generate Energy, sell it for Gold, and grow without limits",,https://t.me/lifetime_energy_bot,,,2026-07-28,,
191,SheikDoge Airdrop,active,,,https://t.me/sheikdogeairdropbot,,,2026-08-27,,
192,Elyon Chain Airdrop Bot,active,,,https://t.me/elyonchainbot,,,2026-08-14,,
193,CryptoBotsDevilishGoodBot,active,CBDG 2.1 Devil Miner • Marketplace • Referrals • Leaderboards,,https://t.me/cryptobotsdevilishgoodbot,,,2026-06-05,,
194,Elyon Chain @AIRDROP,active,,https://t.me/airdrop,https://t.me/elyonchainairdropbot,,,2026-08-11,,
195,StarMine,active,Майнинг Stars без вложений 1 реферал — 0.5 ‼ Накрутка ботов/твинки/арабы — отмена выплат Owner,,https://t.me/starminesr_bot,,,2026-09-13,,
196,RushMining,active,,https://t.me/rushminingnews,https://t.me/rushmining_bot,,,2026-09-01,,
197,FAST STARS,active,"Фарми Stars и TON в Telegram! Выполняй задания, зови друзей и получай награды",https://t.me/stars_fast_go,https://t.me/stars_fast_bot,,,2025-02-08,,
198,$BOOM: Crypto Rewards,active,$BOOM: Loud Coin let you exchange your time for REAL money!,,https://t.me/boomcoinsbot,,,2026-10,9353510,
199,$BOOM,active,"$Boom will become the fastest-growing crypto community, allowing everyone to earn REAL money",https://t.me/boomloudcoin,https://t.me/boom,,https://tonbox.me,2024-06-16,106075,
200,8lends Airdrop,active,,,https://t.me/eightlendsairdropbot,,,2026-08-13,,
201,Elyon Airdrop,active,,,https://t.me/elyonairdropbot,,,2026-08-12,,
202,EcoForest,active,"Plant trees, produce Oxygen (O₂), and earn real crypto! The most eco-friendly Web3 game",https://t.me/ecoforestton,https://t.me/ecoforesttonbot,,,2026-06-03,,
203,Innovative Usdt,active,"Innovative USDT / Earn BANANA through tasks, ads & referrals. Convert to USDT I Advertisement Here>",https://t.me/innovativeusdt,https://t.me/innovativeusdtbot,,,2026-08-03,,
204,Paygent Airdrop,active,,,https://t.me/paygentairdropbot,,,2026-08-24,,
205,Flagship Crypto,active,Flagship Crypto — a mini app for gaming and earning $FYI tokens,https://t.me/flagship_announcements,https://t.me/Flagshipfyibot,https://x.com/FlagshipFYI,https://flagship.fyi,2023-11-16,574911,
206,Asteroid Shiba,active,"Season 1 is live on Asteroid Shiba. Discover asteroids, earn ASTRO, and grow your referral network",https://t.me/astroidshiba_ton,https://t.me/asteroidshiba_app_bot,https://x.com/asteroidton,https://www.asteroidshiba-ton.xyz,2026-07-16,,
207,Virtual Mine,active,Instant USDT Mining just by Tasks,,https://t.me/virtual_mine_rbot,,,2026-09-17,,
208,FishFarm,active,"Рыбная ферма с настоящими деньгами. Лови, качай, выводи в GRAM",,https://t.me/fish_farmings_bot,,,2026-08-17,,
209,Escomine,active,,https://t.me/escominepey,https://t.me/escominerbot,,,2026-07-01,,
210,UNIC @AIRDROP,active,,,https://t.me/unicairdropbot,,,2026-09-01,,
211,4EVERLAND Bot,active,"The Powerful AI Cloud Platform for Web3. Backed by , Arweave, and IPFS!",https://t.me/Announcements4EVERLAND,https://t.me/tg_4everland_bot,https://x.com/4everland_org,https://4everland.org,2021-07-19,922006,
212,$ORCA Mining Game,active,"Official Mini App for $ORCA Mining Game on TON. Mine $ORCA, build your fleet & earn!",https://t.me/orcamine,https://t.me/orcaminebot,,,2026-08-12,,
213,Outmine,active,Outmine is a fun and action-packed dungeon crawler game where you earn gems,https://t.me/playoutmine,https://t.me/OutmineBot,https://x.com/playoutmine,https://www.rogues.studio/outmine,2024-10-19,39975,
214,GenkiMiner,active,Welcome to the world of GenkiMiner!,https://t.me/GenkiMiner_Announcement,https://t.me/GenkiMinerBot,https://x.com/GenkiMiner_Team,https://genkiminer.gitbook.io/,2024-08-19,2376536,2025-09-01
215,Earnigram Fantasy,active,Earnigram Fantasy is a fast-paced fantasy gaming app built around TON tokens,https://t.me/Earnigram,,,,2024-06-15,,
216,Pleasure Quest,active,Pleasure Quest — a tap-to-earn game with monthly token airdrops,https://t.me/pleasure_quest,https://t.me/PleasureQuest_bot,https://x.com/Pleasure_PLQT,https://questpl.com,2024-09-29,14339,
217,The Open Earn,active,,https://t.me/theopenearnnews,https://t.me/theopenearnbot,,,2025-04-17,,
218,Sheik Doge,active,"Play, learn, and participate in Pools and Rewards. Participate in the airdrop on SheikDoge.com",,https://t.me/sheikdogebot,,,2026-08-28,,
219,Bits,active,Welcome to BITS! Earn more every day. Check out our Airdrop roadmap!,,https://t.me/bitstonboxbot,https://x.com/bits_tonbox,,2022-05-01,22038879,
220,Iceberg,active,,https://t.me/icebergen,https://t.me/icebergappbot,https://x.com/0xiceberg_com,https://0xiceberg.com/,2024-04-19,4033998,
221,SOULFARM,active,"Тёмная idle-RPG, где лут выводится в реальные деньги. Стартовый сундук уже внутри",https://t.me/SOULFARMCHAT,https://t.me/soulfarmbot,https://x.com/soulfarmbot,https://soulfarm.saturn.ac/about,2026-06-17,,
222,BirdX Bot,active,Stay tuned for further BirdX updates and get ready for a journey that transcends the ordinary,https://t.me/birdx_community,https://t.me/bird_x_app_bot,,,2024-03-31,364498,
223,MonkeyRush,active,This is the official community for the MonkeyRush bot. Let's tap and earn together!,https://t.me/monkeyrush,https://t.me/monkeyrush_bot,https://x.com/monkeyrush_bot,https://monkeyrush.app,2024-06-15,14256,
224,CryptoRank,active,CryptoRank — a bot for earning rewards by completing tasks,,https://t.me/cryptorank_app_bot,,https://cryptorank.io/ico/cooking-city,2024-04-16,3147426,
225,WEB3 Portal,active,,https://t.me/tondnsweb3,https://t.me/tondnsclub,https://x.com/web3tondns,,2023-06-10,,
226,String Arc8 Retro,active,"String Retro Arc8 is a TON blockchain-based Telegram gaming bot where you can play Snake, Space Invaders, and Pac-Man to earn TON",https://t.me/stringarc8,https://t.me/Stringarc8Retrobot,https://x.com/StringArc8,,2023-12-29,258280,
227,PoYCoins,active,"In the PoYCoins, every tap brings you one step closer to financial success",https://t.me/PoYCoins,https://t.me/PoYCoins_Bot,https://x.com/uPoYAIToken,https://biomatrix.ai/,2024-08-03,41758,
228,Block Card Game,active,Block Card Game: Where is the crypt found with memes You just took the first step in the world of meme-legend and crypto adventures!,https://t.me/blockcard_bc,,https://x.com/blockcard_q,,2024-09-10,,
229,CerMiner,active,Official channel of the CerMiner app,https://t.me/cerus_ton,,,,2025-07-16,,
230,Bullish Farm Game,active,"Grow and manufacture resources, dispatch them to continents, acquire keys, and earn Token! Token Mining is Open",https://t.me/bullishfarmgame,https://t.me/bullishfarmbot,https://x.com/bullishfarmgame,https://bullishfarm.app,2024-06-04,,
231,TapOk Space,active,"Spin and invite new users to earn points, which can later be converted into ERC-20 tokens of the new DEX exchange!",,https://t.me/tapokspace_bot,,https://dexscreener.com/ton/eqc0ocg895i5hqqa2opwsh8x7zbreujt-xmmcqspliztlwez,2024-04-14,2101,
232,RevoRogue,active,RevoRogue is a free web3 mini game based on TON blockchain and inspired by Pokémon mixed with rogue elements to offer a survival mode,https://t.me/revomonnews,https://t.me/RevoRogueBot,https://x.com/RevomonVR,https://revomon.io/,2021-03-01,,
233,Spincity Tycoon,active,Welcome to the SpinCity Tycoon!,https://t.me/SpincitytycoonAnn,https://t.me/SpinCityTycoonbot,,https://spincitytycoon.com/?ref=n3obp14axsm.c,2025-11-24,,
234,Terminus Coin Drop,active,Terminus Coin Drop — TON token airdrop,https://t.me/terminusdex,https://t.me/terminuscoinbot,https://x.com/TerminusFinance,https://terminus.finance,2024-07-18,349635,
235,Anycraft,active,"In Anycraft, creativity meets real rewards!",https://t.me/anycraft_community,https://t.me/anycraftbot,https://x.com/Anycraft_TMA,https://anycraft.io,2024-08-30,,
236,Crypto Fruit Farm,active,Welcome to Fruit Crypto Farm!,https://t.me/fruitcryptofarm_bot,,,https://home.fruitcryptofarm.xyz,2026-07-31,35232,
237,Dragon Farm,active,"Welcome to Dragon Farm, a unique play-to-earn game where players become Dragon Lords",https://t.me/dragonfarm,https://t.me/DragonFarm_Bot,https://x.com/dragonfarmgame,https://dragonfarm.app/,2024-06-25,142552,
238,CryptoTonMines,active,CryptoTonMines is a free game where you can mine tokens on the TON blockchain without any investment,https://t.me/CryptoTonMines,https://t.me/CyptoTonMines_bot,https://x.com/CryptoTonMines,https://www.cryptotonmines.com/,2025-04-08,60669,
239,Get Games,active,Get Games — an innovative gaming platform on Telegram where users can earn $GG tokens through exciting games like CryptoPump Battle,https://t.me/GetGames_TG,https://t.me/getgamestgbot,https://x.com/GetGames_TG,,2024-07-09,484365,
240,Ton Heroes,active,Ton Heroes is designed to provide continuous joy and rewards through engaging gameplay and blockchain-based incentives,https://t.me/tonheroes01,https://t.me/TonHeroesBot,https://x.com/TonHeroes1,https://twitter.com/TonHeroes1,2024-06-23,95900,
241,PsyDuck Game,active,Quack into a world of fun with PsyDuckGame!,https://t.me/psyduckgamexyz,https://t.me/psyduckgamexyzbot,https://x.com/psyduckgamexyz,https://psyduckgame.xyz/,2024-06-28,19490,
242,Shkipper Penguins,active,Shkipper Penguins is an innovative Web3 mini-app where players don’t just have fun—they earn!,https://t.me/ShkipperNest,https://t.me/ShkipperCoinBot,https://x.com/ShkipperNest,https://shkipper.online,2024-08-24,,
243,Airdropify,active,"Airdropify is a Telegram-based gamified engagement platform that transforms traditional airdrops into interactive, rewarding experiences",https://t.me/AirdropifyHub,https://t.me/airdropify_bot,https://x.com/AirdropifyHub,https://airdropify.net/,2024-09-03,,
244,Quantum Club,active,Quantum Club combines in-app earning mechanics with Telegram ecosystem activity to reward its users,https://t.me/quantumclubinc,https://t.me/QuantumClubBot,https://x.com/quantumclubinc,https://quantumclub.space/,2024-09-03,,
245,TheDoneCoin,active,Tap game in Telegram,https://t.me/thedonecoin,,,,2024-07-06,,
246,ParagonZ,active,"ParagonZ takes the power of the TON blockchain to a new level by combining it with a fast-paced, idle gaming experience that rewards players with $Ton",https://t.me/paragonz_channel,,https://x.com/paragonz_me,https://paragonz.me/,2026-07-07,,
247,BlackHole,active,,https://t.me/blackhole_tap,https://t.me/blackhole_tap_bot,https://x.com/blackhole_tap,https://blackhole-tap.com,2026-06-21,,
248,MemeFi Coin,quiet,"MemeFi Coin — a mini app with earning, items, collections and giveaways; the project channel has sold usernames on Fragment since May 2026",https://t.me/memeficlub,https://t.me/memefi_coin_bot,,,2024-02-03,29035795,2024-05-22
249,Frutoncrypto,quiet,A Telegram game where you shake your smartphone to earn crystals and frucoins,https://t.me/frutoncrypto,https://t.me/frutoncrypto_bot,,,2024-06-17,587461,
250,Farm TON,quiet,"You're growing strong, Farmer!",,https://t.me/yourfarmton_bot,,,2024-09-18,288665,
251,Cosmo Miner,quiet,Channel: Community: Cooperation,https://t.me/cosmominer,https://t.me/cosmominerrobot,,,2024-06-08,251798,
252,Cutlet Tap,quiet,,,https://t.me/cutlet_tap_bot,https://x.com/cutlet_tap,,2024-07-01,205398,
253,CoinPups,quiet,,https://t.me/coinpups2024,https://t.me/coinpupsbot,https://x.com/coinpups24,,2024-07-02,227420,
254,pixelxfarm_bot,quiet,Pixel X Farm is a Telegram mini app for a farming game,https://t.me/pixelxfarm,https://t.me/pixelxfarm_bot,https://x.com/PixelXFarm,,2024-05-22,205297,
255,AlayaAI,quiet,AlayaAI is a product where users earn Tokens by performing AI training annotation tasks,https://t.me/Alaya_AI,https://t.me/alayai_ai_bot,,,2023-06-18,299820,
256,WuffiTap,quiet,WuffiTap: app unavailable (404 Not Found). Previously a game experience,,https://t.me/wuffitap_bot,,,2024-04-02,582629,2024-09-02
257,Moewbie,quiet,Moewbie is a tap-to-earn game where users adopt cats and earn,https://t.me/Moewbie,https://t.me/moewbietapbot,https://x.com/0xMoewbie,https://moewbie.com,2024-07-18,48661,
258,Upayworld Airdrop,quiet,,,https://t.me/upayworldairdropbot,,,2024-07-20,39002,
259,FastX,quiet,FastX is a free play-to-earn game where you can earn token rewards by parking your car,,https://t.me/fastxparkingbot,https://x.com/FastXParking,https://x.com/FastXParking,2024-06-03,1155388,
260,Nexus,quiet,"Nexus is a metaverse for virtual life, land ownership, and earning",,https://t.me/nexusportalbot,https://x.com/ioneoki,https://Neoki.io,2024-08-27,186271,
261,Clicker VWS,quiet,"Clicker VWS Web3 Bot - GameFi and SocialFi Staking VWS,TON, cNfts,NFTs",https://t.me/MagicVipClub,https://t.me/ClickerVWSBot,https://x.com/VirtualsWorlds,,2023-09-12,208011,
262,VWS Games,quiet,"VWS Game A game where the user can build their own settlement, will be able to earn from the sale of land and real estate in the VWS NFT collections VWS Games C",https://t.me/MagicVipClub,https://t.me/AirdropVWSbot,https://x.com/VirtualsWorlds,https://virtualsworlds.online,2022-07-30,,
263,TapCrystal,quiet,New Tap project on TON! Earn TapCrystal,https://t.me/tapcrystal,https://t.me/tapcrystalbot,https://x.com/Tap_Crystal,,2024-06-02,111908,
264,StewieQuest,quiet,"StewieQuest is a Telegram game where you earn coins, upgrade energy, and unlock auto-tap bots",https://t.me/donotgame,https://t.me/stewiequestbot,,,2024-07-23,117902,
265,BLOCK,quiet,"Stack blocks, mine $BLOCK coins",https://t.me/block_en_community,https://t.me/block_app_bot,,,2024-08-08,160110,
266,Fear or Greed App,quiet,App for influencing the Fear or Greed index and earning $FOG,,https://t.me/fearorgreed_bot,,,2024-06-26,37795,
267,ZombieSquad,quiet,"ZombieSquad is a survival game in a post-apocalyptic world, featuring AI girlfriend care and airdrop collection",,https://t.me/zombiesquadbot,https://x.com/zombiesquad_ai,,2024-07-22,21344,
268,GMCoin,quiet,,https://t.me/GMCoinChannel,https://t.me/thegmcoinbot,,,2024-06-28,,
269,TMNT Game,quiet,A tap-to-earn game in the Teenage Mutant Ninja Turtles universe,,https://t.me/tmnt_crypto_bot,,https://www.imem.app/,2020-04-26,22252,
270,Changpeng Zhao Airdrop,quiet,,,https://t.me/changpengzhaoairdropbot,,,2024-07-16,19816,
271,WindyTap,quiet,,,https://t.me/windy_tap_bot,,,2024-06-13,19273,
272,Ordeez Airdrop,quiet,,,https://t.me/ordeezairdropbot,,,2024-05-27,18881,
273,Music,quiet,"First music streaming service inside Telegram: read, chat, listen to music",https://t.me/tonmusiccommunity,https://t.me/ton_music_bot,https://x.com/ton_music_x,,2021-11-09,41935,
274,CELL Wallet,quiet,Mine CELL Coin to your Telegram Wallet via . This is the official channel with all the updates about the project. Welcome!,https://t.me/cell_news,https://t.me/cellcoin_bot,https://x.com/kirillzzy,https://joinhuman.com/,2024-04-26,649901,
275,FARM CLICKER,quiet,,,https://t.me/clicker_farm_bot,https://x.com/clickerfarm,https://clicker.farm,2024-09-09,203436,
276,PUSH Coin,quiet,Gateway to The World of Plank Pushers,,https://t.me/plankpushers_bot,https://x.com/bemo_finance,https://bemo.fi/,2023-06-01,117544,
277,Xeno Network,quiet,,https://t.me/xenonetworkio,https://t.me/xenonetwork_bot,,,2024-06-24,22061,
278,EasyPeasyBot,quiet,Earn lemons in telegram and exchange them for real money,,https://t.me/easypeasylemon_bot,,,2024-06-06,94161,
279,ABLY,quiet,"Access various Telegram Mini Apps, earn ABLY-points and multiply airdrop rewards in your favorite projects!",,https://t.me/ablybot,,,2024-07-09,1175205,
280,XYRO PORTAL,quiet,XYRO PORTAL — a gamified crypto trading platform with game mechanics,https://t.me/xyro_io,https://t.me/xyroportalbot,https://x.com/xyro_io,https://xyro.io,2023-11-02,1017756,
281,BRN Tap,quiet,Complete simple tasks and tap the Dragon! Convert the points you earn into $BRN. That's it,,https://t.me/brntap_bot,,,2024-08-22,270921,
282,SiriusTap,quiet,Tap to earn rewards with every click!,https://t.me/SiriuspadAnnouncements,https://t.me/siriustap_bot,,https://www.siriuspad.com,2024-06-23,114955,
283,DuppiCOIN,quiet,,https://t.me/duppicommunity,https://t.me/DuppiCoinUz_bot,,https://blockcardweb.web.app/,2024-06-15,50834,
284,Whispervale,quiet,,,https://t.me/world_of_whispervale_bot,https://x.com/WhispervaleGame,,2025-02-08,,
285,Mono Farm,quiet,,,,https://x.com/Glow_Stories,,2025-04-06,,
286,Quest Labs,quiet,,,https://t.me/questlabsbot,https://x.com/TorchTon,https://torch.finance,2024-05-28,600340,
287,ClickARBUZ,quiet,,https://t.me/wmclick,https://t.me/wmclick_bot,,,2024-01-28,463836,
288,Water Tap,quiet,"Pump water and earn coins, invest them in equipment and a team to build an empire!",,https://t.me/watertaps_bot,,,2024-08-06,63460,
289,tapNonce,quiet,The official tapNonce announcements channel. Join to stay updated for the latest news and updates,https://t.me/tapNonce,https://t.me/tapnonce_bot,https://x.com/tapnonce,,2024-08-04,680804,
290,MissCharm Tap,quiet,,,https://t.me/miss_charm_bot,,,2022-10-30,603082,2024-11-15
291,Pepe Kombat,quiet,,https://t.me/pepekombatapp,https://t.me/pepekombat_bot,,,2024-06-21,206157,
292,TON Walk App,quiet,Telegram mini-app that lets you earn crypto by just... walking,https://t.me/tonwalk,https://t.me/tonwalk_bot,,https://tonwalk.com,2024-04-26,24079,
293,TonBitcoin Mine-2-Earn,quiet,Приложение майнер токена tBTC,https://t.me/ton4btc,https://t.me/tBTCminer_bot,https://x.com/_tbtc,,2024-01-05,70756,
294,SAVE Trump Tap,quiet,Tap to earn rewards and support Donald Trump. Let's make America great again!,https://t.me/steamify,https://t.me/savetrump_bot,https://x.com/steamify_io,https://steamify.io/topup,2023-11-03,80656,
295,SMOKE Airdrop,quiet,$SMOKE is coming to solana!,https://t.me/smokesolana,https://t.me/smokesolbot,https://x.com/smoke_solana,,2024-07-23,1090893,
296,MomoAI,quiet,MomoAI — a bot for claiming $MTOS airdrops and joining the Sprint event,https://t.me/metaoasis_official,https://t.me/MomoAI_bot,https://x.com/Metaoasis_,https://www.momoai.io/,2024-02-29,,
297,Mappasaurus APP,quiet,"Tap to earn $CRACKA coins, and hatch the eggs to get exciting rewards",https://t.me/mappasaurusofficial,https://t.me/mappasaurusappbot,https://x.com/Mappasaurus,,2024-06-09,590643,
298,Sizu Network Game,quiet,Sizu Network is an innovative cryptocurrency powered by blockchain technology,,https://t.me/sizucoin_bot,,https://pyramida.app,2024-06,154833,
299,SPLASH App,quiet,"Dive in & build SPLASH: the next #1 Telegram Mini-App to earn, mint & trade tokens",,https://t.me/splashapp_bot,,,2024-09-06,1530858,
300,HABIT Farming,quiet,HABIT Farming — app to earn rewards by interacting with an AI agent,https://t.me/habitnetwork,https://t.me/habitnetwork_bot,https://x.com/0xHabitNetwork,https://virtuals.io/,2024-02-21,403955,
301,Tonshi,quiet,寿司キャンプへようこそ — 素晴らしい一日は寿司から始まります。,https://t.me/Tonshi_news,https://t.me/officialtonshi_bot,https://x.com/Tonshi_2024,,2024-09-09,34560,
302,Greedy Ball,quiet,Claim Ball and get airdropped everyday!,https://t.me/greedy_ball,https://t.me/greedyballbot,https://x.com/greedy_ball,,2024-06-01,257444,
303,Pixie,quiet,,https://t.me/pixiecm,https://t.me/pixie_project_bot,,,2022-10-27,532652,
304,TonFarm,quiet,,https://t.me/TonGame_app,https://t.me/tongame_farms_bot,https://x.com/tongameapp,https://farm.tongame.app/,2024-05-06,66713,
305,PET TAP TAP,quiet,"▶ Tap to catch cute pets, earn coins & $TAPET points! Join our community",,https://t.me/pettaptap_bot,https://x.com/pet_tap_tap,https://pettaptap.com,2024-08-21,21535,
306,Crypto Millionaire Bot,quiet,"Play, Learn, and Earn with Crypto Millionaire!",https://t.me/cryptomillionairenews,https://t.me/cryptomillionaireapp_bot,,,2024-06-10,752578,
307,BaaTapBot,quiet,"Phase 1 of the airdrop is complete! Winners are being analyzed, and rewards will be distributed soon (Q1'26!)",,https://t.me/baatapbot,,,2023-10-31,349059,
308,Lizarts World,quiet,Adventure game with farming and roulette elements for lizards,https://t.me/lizartsworld,https://t.me/lizartsworld_bot,https://x.com/lizarts_nft,,2024-04-21,392863,
309,Crypto Bunny Bot,quiet,Welcome to Crypto Bunny Official Chat,https://t.me/cryptobunny_en,https://t.me/cryptobunny_bot,,,2024-05-27,442104,
310,Pocket Waifu 18,quiet,"Tap Waifus, Earn Rewards - Each Tap Unfolds New Surprises!",,https://t.me/pocketwaifu_bot,https://x.com/PocketWaifuGame,,2024-10-02,299578,
311,Diamore,quiet,"Tap, Earn and Learn!",https://t.me/diamoremarket,https://t.me/diamorecryptobot,https://x.com/diamore_market,https://diamore.co,2024-03-24,,
312,Nistap fun and earn,quiet,"Play NisTap and earn tokens! Complete challenges, get daily rewards. Join our channel for updates and bonuses!",,https://t.me/nistap_bot,,,2024-06-07,15983,
313,TapUp,quiet,,https://t.me/tapup_chat,https://t.me/tapup_bot,https://x.com/tapup_tg,,2024-07-16,162804,
314,NASDUCK,quiet,Start farming points now!,https://t.me/nasduck_official,https://t.me/nasduck_official_bot,,,2024-07-16,1458774,
315,Droppy on Sui,quiet,"Tap tap tap! Play games, Earn points and interact witht the Sui ecosystem with Droppy",https://t.me/droppyonsui,https://t.me/droppy_sui_bot,,,2024-09-10,69915,
316,TapMemes,quiet,Tap and tap to grow your memes collection,,https://t.me/tapmemes_bot,https://x.com/soon_verse,https://www.soonverse.xyz/,2026-03-08,14245,
317,Ancestral Land,quiet,A tap-to-earn game with farming and NFTs,https://t.me/ancestralland,https://t.me/ancestrallandbot,https://x.com/Ancestral_Land,https://ancestral-landing.vercel.app,2024-09-04,152964,
318,BeeTon,quiet,BeeTon app official channel,https://t.me/beetoncommunity,https://t.me/beetongamebot,,https://beetongame.com,2024-04-21,56770,
319,Snap Fly Bot,quiet,Snap Fly / Snap & Earn - Play for airdrop,https://t.me/SnapFly_updates,https://t.me/snapfly_game_bot,https://x.com/SnapFly_xyz,https://docs.snapfly.xyz/,2024-06-28,160024,
320,Pixiland,quiet,Pixiland — a farming game with strategy and racing elements,https://t.me/pixilandofficial,https://t.me/pixiland_bot,https://x.com/pixilandsocial,https://pixiland.app,2024-10-11,,
321,Gold Miner,quiet,,https://t.me/tongoldminerchat,https://t.me/tongoldminer_bot,https://x.com/tongoldminer,,2024-07-11,1609234,
322,BIXTAPCLICK,quiet,A NOTCOIN-style game with a real withdrawal to the TON wallet,https://t.me/giftchann,https://t.me/bitbixtapclickbot,https://x.com/bitbixofficial,,2022-02-01,40744,
323,Neuron,quiet,,https://t.me/iamneuron,https://t.me/iamneuron_bot,,,2024-07-24,660915,
324,ZESH: To The Moon,quiet,,,https://t.me/zeshtothemoonbot,https://x.com/zeshapps,https://zesh.io,2024-07-08,979499,
325,Save Question,quiet,"Every day, the number of tokens of all users decreases until the listing on January 1! Can you not lose everything?",,https://t.me/savequestion_bot,,,2024-07-02,2320643,
326,Tap Cat Bot,quiet,,https://t.me/cattapcoin,https://t.me/app_tap_cat_bot,https://x.com/CatTapCoin,,2024-07-08,346993,
327,BAYC Miner,quiet,#BAYCMiner is co-invested by BAYC#7537 and Btok,https://t.me/bayc_miner,https://t.me/btokminerbot,https://x.com/BaycCto,,2024-06-11,877340,
328,Alpha TON,quiet,Alpha TON — a social clicker for earning,https://t.me/alphatongame,https://t.me/alphatongame_bot,https://x.com/AlphaTONCrypto,https://www.tiktok.com/@al,2024-06-16,523240,
329,LimeCoin,quiet,,,https://t.me/officiallimecoinbot,,https://limecoin.notion.site/LimeCoin-e66eb3a9cd124102a7617d6d939851d6?pvs=4,2024-03-04,242428,
330,KISMI.APP,quiet,KISMI.APP — a dice-rolling game mini app with winnable rewards,,,https://x.com/kismiapp,https://kismi.app/,2026-05-24,,
331,MOON TOKEN MINING,quiet,,https://t.me/MOONTOKENMINING,https://t.me/moon_tokenmining_bot,https://x.com/MOONTOKENMINING,https://github.com/VirtualsWorlds,2024-07-02,221820,
332,Not Panda Bot,quiet,,,https://t.me/not_panda_bot,,,2024-06-13,54747,
333,LUMO,quiet,"Tap, trade, connect, grow and… farm LUMO Tokens! Next generation wallet. Made by team",https://t.me/cryptolumo,https://t.me/cryptolumo_bot,,,2024-08-22,110700,
334,Moon Crackers,quiet,The official CheatMoon announcements channel on Telegram,https://t.me/cheatmoonnews,https://t.me/mooncrackers_bot,https://x.com/cheatmooncrypto,https://mooncrackers.com/,2021-10-23,11540,
335,SynQuest,quiet,SynQuest is a Telegram mini app offering a stake-play-earn!,,https://t.me/synquestbot,,,2024-10-04,691325,
336,Buffy Drop,quiet,"Buffy’s debut meme airdrop, where your rewards rise with your spot in the bot lineup!",,https://t.me/buffydropbot,https://x.com/BuffyDrop,,2024-09-10,693989,
337,MoonDrops,quiet,,,https://t.me/moondropsggbot,,,2023-07-20,,
338,CashClick,quiet,Earn rewards by engaging with art & photography on a secure blockchain platform. Join our creative revolution!,,https://t.me/cashclickappbot,https://x.com/CashClickApp,,2024-09-06,630924,
339,TON Start Earn XP,quiet,,,https://t.me/tonstartbot,,,2021-08-17,35687,
340,MBoys,quiet,Your gateway to easy rewards and exciting surprises starts here!,,https://t.me/tapmboys_bot,,,2024-08-25,42665,
341,Bine,quiet,"Earn rewards and NFTs in Bine Games! Complete tasks, open chests, and gear up for future airdrops!",,https://t.me/binegames_bot,,,2024-09-07,75739,
342,Ballz of Steel,quiet,,https://t.me/ballzgametg,https://t.me/ballzofsteelbot,https://x.com/theballzgame,https://chainaware.ai/,2024-10-02,86602,
343,SnakeLite,quiet,Tap-to-Earn gamefi based on the classic Snake theme,https://t.me/chpoker_official,https://t.me/snakelite_official_bot,https://x.com/snakeliteio,,2024-07-06,544766,
344,TapTrend,quiet,"Earn with Every Tap, Start Tapping and Start Earning Today – Transform Simple Taps into Real Rewards!",,https://t.me/taptrendbot,,,2024-09-13,113812,
345,Gold Tap Tap,quiet,Gold Tap Tap channel official,https://t.me/goldtaptap,https://t.me/gold_tap_tap_bot,https://x.com/goldtaptap,,2024-07-20,30964,
346,Coinegg Bot,quiet,,https://t.me/coinegg_miner,https://t.me/coinegg_miner_bot,,,2024-06-12,3706101,
347,Capybara TapTap,quiet,Tap for fun and airdrops!,https://t.me/capybara_taptap_community,https://t.me/capybara_taptap_bot,https://x.com/capybara_guild,,2024-07-07,10954,
348,Not Bored Puppies Bot,quiet,"Tap, collect and mine coins! Hunt for Giveaways & Airdrops!",https://t.me/notboredpuppies_news,https://t.me/notboredpuppies_bot,,,2024-05-01,5674725,2024-07-03
349,Satoshi Game,quiet,TON game – Watch. Mine. Repeat,https://t.me/satoshi_game_news,https://t.me/satoshi_game_bot,,,2024-12-31,,
350,DFTap,quiet,Join me in the DFTap adventure!,,https://t.me/dftap_bot,,https://www.digifinex.com/,2024-08-09,267574,
351,RATS,quiet,,https://t.me/ratsgame_community,https://t.me/ratsgame_bot,,,2024-06-10,704505,
352,AAS TAP,quiet,Afriq JM Arbitrage System (AAS) is a pioneering digital currency trading platform with a distinctive vision,,https://t.me/aastap2earnbot,,,2025-05-19,111016,
353,OptimusX,quiet,,https://t.me/optimusx_official,https://t.me/Optimus_x_bot,https://x.com/optimusx_bot,https://optimusx.org/,2024-11-01,,
354,EasyWatch,quiet,,,https://t.me/eswatch_bot,,,2024-04-04,192195,
355,ELSE,quiet,ELSE is an action-based marketing platform,,https://t.me/else_app_bot,,,2024-06-20,,
356,HashCats,quiet,"HashCats Game: Tap to earn $HASH, upgrade gear, and get ready for future airdrops. Build your path to success!",https://t.me/hash_cats,https://t.me/hash_cats_bot,https://x.com/HashCatsGame,,2024-07-04,5397196,2024-10-05
357,Critters Kombat,quiet,The Most Effective Tap To Earn!,https://t.me/critterskombat,https://t.me/critterskombatbot,,,2024-08-25,186348,
358,Tonoreum PoW & PoL,quiet,The Tonoreum project employs a unique combination of Proof of Link and Proof of Work algorithms to redefine blockchain usability. Our approach leverages the social dynamics of Telegram to enhance user,https://t.me/Tonoreum,https://t.me/Tonoreum_Bot,https://x.com/tonoreum,https://tonoreum.com/,2024-05-07,333216,
359,Tiger,quiet,,,https://t.me/tigernetwork_bot,https://x.com/tigernetworkio,,2024-04-21,659489,
360,Qappi Miner,quiet,Platform with various quests from cryptocurrency projects!,https://t.me/qappi,https://t.me/qappiminerbot,https://x.com/weatherxm,https://qappi.com,2022-03-15,411253,
361,Atleta TAP,quiet,"Explore the testnet of the new L1 blockchain, get XP and break new ground in the world of sports!",https://t.me/atletatap,https://t.me/atleta_tap_bot,https://x.com/AtletaTAP,,2022-05-01,525019,
362,Maybecoin,quiet,,,https://t.me/maybecoin_officialbot,,https://alchemy.f2p.ms,2024-06-23,396437,
363,Mole,quiet,"Dig for wealth! Upgrade pickaxes, enhance your mole, and discover treasures",,https://t.me/tonmole_bot,https://x.com/Ton_mole,https://tonmole.com&source:tonapps,2024-06-11,6568486,
364,Ape Farm,quiet,,,https://t.me/apefarm_bot,,,2024-08-08,25778,
365,RoketoCoin Lunar Program,quiet,,,https://t.me/roketo_lunar_bot,,,2024-05-21,308095,
366,Official Satoshi Miner,quiet,"Crypto is complicated—we fixed that. Satoshi Network makes gaming & DeFi fun, strategic, and rewarding for everyone!",,https://t.me/satoshiminer_hq_bot,,,2024-06-24,2641948,
367,Obix Power Tap,quiet,Welcome to the Obix fam! Connect your account and start to earn,https://t.me/obixtoken,https://t.me/obix_bot,https://x.com/ObixToken,,2024-06-09,2058725,
368,Cats Kombats,quiet,"Turn your kitten into a business cat! Develop skills, grow, and soon: tokenization, listings, and airdrops!",,https://t.me/cats_kombats_bot,,,2024-05,151627,
369,Buzz,quiet,"Welcome to Buzz! We're the busy bees of Web3, here to sweeten your day with fortunes. Spin, Farm, and Win",https://t.me/buzz_official_news,https://t.me/buzz_mine_bot,https://x.com/BuzzWeb3_,,2024-07-12,823026,
370,LumaCoin,quiet,"Eco-friendly crypto with fair, innovative mining to democratize digital wealth",https://t.me/lumacoin,https://t.me/lumacoinbot,https://x.com/lumacoin,https://lumacoin.org/,2024-03-14,94361,
371,Earth Coin,quiet,Participate in mining to easily obtain EC tokens and begin your journey of asset appreciation,https://t.me/earthcoin_channel,https://t.me/earthcoinapp_bot,https://x.com/EarthNetworkio,,2024-03-28,645535,
372,Mine2Mine App,quiet,,https://t.me/mine2mine_news,https://t.me/mine2mine_bot,,,2024-05-20,177645,
373,TOM,quiet,,https://t.me/doges_ton,https://t.me/theopenmeme_bot,,,2024-04-25,21538,
374,Oxygen Miner,quiet,Oxygen Miner: Survival in a futuristic shelter on an asteroid debris,https://t.me/oxygenminerchannel,https://t.me/oxygenminerbot,https://x.com/oxygen_miner,https://xp.network/,2024-03-30,1064969,
375,VIP Club,quiet,,https://t.me/VIPClub_news,https://t.me/vipclubapp_bot,https://x.com/BCBlueSkyVC,,2024-08-14,875957,
376,Tapmonsters,quiet,Join N-Corp & mine $MONSTER in your lab!,https://t.me/tapmonsters_ann,https://t.me/tapmonsters_bot,,,2024-07-02,219648,
377,TONIX App,quiet,,https://t.me/TonixDAO_bot,https://t.me/tonix_mining_bot,https://x.com/TonixDAO,https://tonix.app,2024-07-20,,
378,altooshkabot,quiet,A bot for caring for a virtual girl and earning the memecoin $ALT,https://t.me/altooshka_ton,https://t.me/altooshka_bot,https://x.com/altooshka_ton,https://dedust.io/swap/TON/EQDs4_MWmRySmPbsW6MyZ8Dy-k-Bi0vZNNSVt6LE2LC_ddUP,2024-04-21,81249,
379,Money Mining,quiet,,https://t.me/moneyminingplay,https://t.me/money_mining_bot,,,2024-04-26,,
380,GD Coin,quiet,,https://t.me/GDCoinChannel,https://t.me/gdcoinminerbot,,,2024-08-11,175981,
381,GoMint,quiet,Get $5000 Coin . A brand new mining game you have never played before! Come and see which friends you have playing with!,,https://t.me/gomint_bot,,,2024-06,25244,
382,Pulse Bot,quiet,"Pulse – a crypto wallet and rewards platform, discontinued 21 Aug 2026",https://t.me/PulseSocialGlobal,https://t.me/pulsesocial_bot,https://x.com/PulseSocialFi,,2024-05-15,671209,
383,Novas,quiet,,https://t.me/boxty_news,https://t.me/xnovas_bot,https://x.com/the_novasapp,,2024-05-11,124080,
384,ZND Airdrop App,quiet,,,https://t.me/znd_airdrop_app_bot,,,2023-10-12,47546,
385,Pikachu Tap,quiet,,,https://t.me/pikachu_tap_bot,,,2024-06,184785,
386,Sunwaves Token,quiet,Join the Sunwaves community and earn SW Tokens effortlessly with our blockchain-powered app. Start earning today!,,https://t.me/sunwaves_token_bot,https://x.com/sunwaves_token,,2024-06-07,825038,
387,Miner Kombat,quiet,"Join Miner Kombat! Mine treasures, earn real tokens, and become a legend of mining",https://t.me/miner_kombat,https://t.me/miner_kombat_bot,https://x.com/MinerKombat,,2024-07-02,26942,
388,Ton Flash,quiet,,https://t.me/tonflash_channel,https://t.me/tonflash_mine_bot,,,2024-09-16,104729,
389,xBLAST APP,quiet,,https://t.me/xblast_app,https://t.me/xblastappbot,,,2024-03-11,1266222,
390,Tongems0x Bot,quiet,"Play top games, earn $TGX and referrals for free",,https://t.me/tongems0x_bot,,,2024-07-22,36076,
391,Timecoin,quiet,Timecoin - mine your time,,https://t.me/timecoinbot,https://x.com/Timecoin_mine,,2023-05-13,368770,
392,MTK Clicker Mafia,quiet,Meet MTK CLICKER MAFIA - clicker game of MetaToken project! Tap and earn $MTKBOSS,,https://t.me/mtkbossbot,,https://www.metatoken.gg,2024-03-17,1419280,
393,TPIB Token,quiet,,https://t.me/PiBridgeChannel,https://t.me/tpibtap_bot,,https://Pibridge.org,2024-06-23,265952,
394,Pell Gem,quiet,,https://t.me/gemcoinapp,https://t.me/gemcoinapp_bot,,,2024-06-27,188027,
395,Lamaz bot Play Earn,quiet,,https://t.me/lamaz_official,https://t.me/cryptolamaz_bot,,,2024-08-26,489886,
396,TonBubble,quiet,,,https://t.me/tonbubblebot,,,2024-05-17,9795,
397,Pulse AIRDROP,quiet,,,https://t.me/pulseairdropbot,,,2024-07-16,8370,
398,MemexZone,quiet,"Memex.Zone: Multiproject application combines mining, clicker, games and tasks with an integrated trading exchange",,https://t.me/memexappbot,https://x.com/MemexZone,https://memex.zone,2024-06-01,103454,
399,NotBabyCoinFAM,quiet,,,https://t.me/notbabycoinfambot,,https://www.tonyielding.com/,2024-02-03,6992,
400,CoinGEM Miner Game,quiet,Official CoinGem.com Ecosystem Telegram Channel,https://t.me/coingem_com,https://t.me/coinsgem_miner_bot,https://x.com/coingem_com,https://CoinGem.com,2022-10-29,9480,
401,Frog Farm,quiet,"Join the first truly liquid telegram game. Farm points, complete tasks, invite friends and earn real money!",https://t.me/frogfarmceo,https://t.me/frogfarmbot,,,2024-04-04,,
402,CharacterX,quiet,,,https://t.me/characterx_bot,,https://unknown-coin.com,2021-11-12,,
403,GTon,quiet,Turn your time to a financial tool,https://t.me/gtoncrypto,https://t.me/gtonapp_bot,,,2024-06-18,6808,
404,NOTMEME app,quiet,,https://t.me/notmeme_app,https://t.me/notmemeappbot,https://x.com/notmeme_app,https://notmeme.xyz,2024-04-21,,
405,Radiogram,quiet,First “Listen & Earn” Telegram App. Earn Impulse by listening to music,,https://t.me/radiogrammbot,https://x.com/radiogrambot,,2024-08-03,5559,
406,Richards Baklazhan,quiet,Leading AgroFi tap-to-grow global supply chain for distributing eggplants to every smartphone,https://t.me/growbaklazhan,https://t.me/growbaklazhanbot,,,2024-08-16,,
407,#HexMine,quiet,"Earn HEX, mine rewards, and grow your impact. Join the ecosystem! Support & Partnerships",,https://t.me/HexMine_bot,,https://tbitcoin.online,2025-02-26,,
408,To The Moon,quiet,"A space adventure where you build and launch your spaceship, mine coins, and secure a spot in the token airdrop",https://t.me/utyablack,https://t.me/moon_land_bot,https://x.com/moonplay_games,https://moonplay.io,2024-05-08,3987553,
409,YN Promo app,quiet,"Watch videos, express your opinion. Participate in video battles. Earn coins on the fame of stars",,https://t.me/ynpromobot,,,2024-01-18,,
410,Dust of the Moon Token Dispenser,quiet,,,https://t.me/dust_of_the_moon_bot,,,2024-06,913,
411,GHOST,quiet,Check your account and get rewards,,https://t.me/ghost_web3_bot,,,2024-08-05,,
412,TonTon by Intract,quiet,,https://t.me/tontonminiapp,https://t.me/tonton_intract_bot,https://x.com/TonTon_Intract,https://ton.bulksender.app,2024-07-19,677194,
413,TonMoney Box,quiet,Complete tasks and get TON,https://t.me/ton_moneybox,https://t.me/tonmoneybox_bot,,,2024-02-19,,
414,XNX Crypto Clicker,quiet,,,https://t.me/xnxcoin_bot,,,2024-05,526,
415,GobblUp,quiet,Munch on $GOBBL tokens & join the biggest food revolution in Web3! Claim your Free Starter Pack now to begin,https://t.me/gobblnews,https://t.me/gobblupbot,https://x.com/gmgobbl,https://gobbl.io,2021-11-05,,
416,Alpha World,quiet,,https://t.me/alphaworldofficial,https://t.me/thealphaworld_bot,https://x.com/CryptoAlpha2025,,2024-04-17,,
417,BABYTON,quiet,EARN FREE BABYTON TOKEN LISTING VERY SOON ON #TON CHAIN,,https://t.me/babytonmining_bot,https://x.com/babiytonn,https://www.babyton.pro,2025-06-14,145723,
418,Ghost Drive App,quiet,Join the GhostDrive Data Guardians in mining the Web3 space for profit! Participate in our exclusive airdrop event,,https://t.me/ghostdrive_bot,,,2024-06-30,,
419,Tea Farm,quiet,"P2E game where players grow, produce, and sell tea using TON blockchain",https://t.me/teafarmcoin,https://t.me/teafarmtownbot,https://x.com/teafarmtown,https://teafarmcoin.com/,2022-07-04,,
420,CANO Kombat,quiet,Mining on Telegram is no longer boring!. 100% of tokens are distributed to players,https://t.me/canoann,https://t.me/cano_ai_bot,https://x.com/CanoKombat,,2024-06-28,381498,
421,Tap Goose Adventure,quiet,"Play, earn coins, invite friends",,https://t.me/tap_igoose_bot,,,2022-11-07,228,
422,Checkiton,quiet,Start your adventure here,,https://t.me/checkitonbot,,,2024-05-05,212,
423,SQUID TON,quiet,,https://t.me/ChannelPays,,https://x.com/squidton,,2024-12-17,,
424,ChallenQuizBot,quiet,is a knowledge assessment competitive game on TON blockchain,https://t.me/challenquiz,https://t.me/challenquizbot,,https://challenquiz.online,2023-09-09,162,
425,APO11O,quiet,,https://t.me/apo11ocomm,https://t.me/apo11_bot,,,2025-01-31,9896,
426,RocketTON,quiet,A play-to-earn game where you launch a rocket and must stop it before it crashes,https://t.me/rocketton_official,https://t.me/getyourrocketbot,https://x.com/RocketTONApp,https://rocketton.com,2023-07-27,64987,
427,Chain Bunny Inc.,quiet,Chain Bunny Inc. — a game where you can earn cryptocurrency,https://t.me/ChainBunny,https://t.me/ChainBunnyBot,https://x.com/chainbunnyinc,https://chainbunny.site,2025-07-22,243,
428,Me Earn,quiet,Farm $MEA token. Tap Tap to earn,,https://t.me/meearn_bot,https://x.com/meearn_club,https://architecton.tech/,2024-04-24,9,
429,Pulse,quiet,,,https://t.me/PulseToken_bot,,,2015-06-03,,
430,#ApexHash,quiet,#ApexHash is a real-time mining system built inside Telegram,https://t.me/apexhashcommunity,https://t.me/apexhash_bot,,,2024-12,,
431,$ANON Miner,quiet,Mining mini app of the ANON club,,https://t.me/mineranonbot,,,2024-05-14,,
432,$FIG FARM,quiet,$FIG: Your Gateway to the Future of Web3!,https://t.me/fig_farming,https://t.me/FigFarming_bot,https://x.com/Figfarming,https://figfarm.pro,2024-10,124,
433,$FNOT 13:12,quiet,$FNOT 13:12 — a game where users can earn a fake token,,https://t.me/notcoin_core_stat_bot,,https://app.ston.fi/pools/EQCZBmf0ijfNqZo09OkMty9Kz0xywgbqSe2ncM4xBnGXR8XI,2022-04-30,64625,
434,$RETRO,quiet,"Join the adventure, mine $RETRO coins before they're all gone!",,https://t.me/joinretrocoinbot,https://x.com/joinretrocoin,https://retrocoin.me,2024-09,,
435,1xMM Market Master,quiet,1xMM is a fast-paced Telegram mini app trading game where you compete against others in real time crypto markets,https://t.me/onexmm_official,https://t.me/OneXMM_bot,https://x.com/onexmm_official,https://one-xmm.com,2024-12,,
436,@tontribebot,quiet,"Become the tribe leader, where you'll raise legendary PET creatures to mine $TON and $TRE at the Farms",https://t.me/gametribeton,,https://x.com/tribetonapp,https://tribeton.app/,2024-10,,
437,ABT Miner,quiet,Build your future with ABT ecosystem!,,https://t.me/aibetradecombot,,https://durevpn.com/,2023-09-01,107276,
438,AFKPepe Bot,quiet,Start your adventure and earn your share of AFKPepe,,https://t.me/afkpepebot,https://x.com/PepeAfk,https://afkpepe.com/,2024-06-23,,
439,Age of Farm,quiet,Farming game on TON,,https://t.me/aof_ton_bot,,,2024-06-11,,
440,Age Of Gram,quiet,"Welcome to Age Of Gram! Build your kingdom, command legendary armies, conquer your enemies & earn rewards",,https://t.me/ageofgrambot,,,2026-09-24,,
441,Agent AI Cash Airdrop,quiet,,,https://t.me/agentaicashairdropbot,,,2026-09-26,,
442,Agro Farm,quiet,Farming game bot on TON,,https://t.me/tonagrofarmbot,,,2025-11-28,61265,
443,AI Miner,quiet,AI Miner is a next-generation mining right in your pocket!,,https://t.me/minerai_bot,,,2024-12-06,112310,
444,AID Hub,quiet,AID Hub от Копи баллы за ежедневную активность и трать их на реальные NFT-подарки Для связи,https://t.me/aid_crypto,https://t.me/aid_crypto_bot,,,2026-07-05,,
445,Airbot,quiet,"Hello World, I’m Airbot If you’re finding massive Airdrops to join or you’re a Newbie who wants to enter Crypto Market",,https://t.me/AirbotCrypto_bot,https://x.com/Airbot_x,https://airbot-crypto.com/,2024-11-20,,
446,Airdrop Express,quiet,,,,https://x.com/BRC20Chat,,2024-07,,
447,Airdrop Hunter,quiet,Your Effortless Telegram #Chick Meme Coin,,https://t.me/chickhousebot,,,2024-09-01,,
448,AIxFlap,quiet,"Welcome to AIxFlap – The AIxBlock Telegram mini app Tap, Fly, Compete and Earn Rewards!",https://t.me/AIxFlap_Announcement,https://t.me/AIxFlap_bot,https://x.com/AIxBlock,https://aixblock.io,2025-01,,
449,Angry Miner,quiet,Airdrop mini app for earning before the main event,,https://t.me/angryminerbot,,,2024-10-03,2052403,
450,ANTOWN,quiet,ANTTIME is a Web3 project blending Game-Fi and Social-Fi to create a fair ecosystem focused on the value of time,https://t.me/ANTTIME_NET,https://t.me/anttime_antown_bot,https://x.com/ANTTIME_NET,https://anttime.net/,2025-03-06,122528,
451,ANTS Colony,quiet,"ANTS is a TON-powered mining ecosystem where daily activity, hashrate growth, and community participation build long-term digital value",,https://t.me/ants_miner_bot,https://x.com/ants_coin_x,https://antss-six.vercel.app,2026-01,,
452,Ask Coin,quiet,"Test your knowledge, answer questions, and earn $AskCoin!",https://t.me/askcoinchat,https://t.me/AskCoin_bot,https://x.com/theAskcoin,https://askcoin.io/,2024-05,,
453,AskTon,quiet,,,,,,2020-08-13,,
454,ASSAI,quiet,,,https://t.me/assai8bot,,,2025-01-14,76778,
455,Athledium CEX Airdrop (Listed On Biconomy),quiet,,https://t.me/athledium,https://t.me/athlediumbiconomycexairdropbot,,https://athledium.com/,2026-07-24,,
456,AtlantisChainBot,quiet,Atlantis Tap to Earn,,https://t.me/atlantischainbot,,,,,
457,Atomic Bux,quiet,Earn USDT by completing tasks,,https://t.me/atomicbux_bot,,,2026-05-23,,
458,AuraPet,quiet,Welcome to AuraPet!,,https://t.me/AuraPetBot,,https://aurapetgame.vercel.app/,2026-05,,
459,Awaken Citizen,quiet,Embark on a thrilling adventure where gaming meets rewards,,https://t.me/AwakenCitizenBot,https://x.com/PlayAwakenHQ,https://playawaken.xyz/,2024-11-25,40875,
460,Bait Island,quiet,Bait Island is a pixel art farming and fishing simulation game built on the TON Blockchain,,https://t.me/BaitIslandBot,https://x.com/Bait_island_,https://bait-island.com/,2025-12,,
461,Bankify,quiet,,,https://t.me/bankifyton_bot,,,2026-08-19,,
462,BARREL MINING,quiet,Telegram tap and mining mini app with an airdrop,,https://t.me/barrel_mining_bot,,,2024-10-26,297591,
463,BeastGRAM PvP,quiet,"WELCOME: BeastGRAM PvP Mine & Forge! Be the KING of PvP, Conquer the mines, Dominate the Forge!",,https://t.me/beastgrambot,,,2026-08-07,,
464,BeeHive,quiet,"Welcome to BeeHive! Complete tasks, collect honey, and hire bees",,https://t.me/behives_bot,,,2025-12-18,,
465,bemo The Raffle,quiet,,,https://t.me/bemo_raffle_bot,,https://app.bemo.finance,2023-06-01,,
466,BetFury Cryptodrop,quiet,$20’000’000 prize pool just for completing easy tasks in your favorite messenger - Telegram,https://t.me/betfury_cryptodrop_chat,https://t.me/betfury_social_bot,,https://cryptodrop.ai/,2024-03-04,853092,
467,BIO Miner,quiet,,,https://t.me/biochain_bot,,,,,
468,Bit Energy,quiet,Mining-based game earning tokens,,https://t.me/bit_energy_bot,,,2024-11-25,,
469,BIT U MINE,quiet,Bitcoin-like mining mini app with BTUM token,,https://t.me/bituminebot,,,2024-12-11,,
470,Bitton,quiet,Tap mini app giving BTN tokens,,https://t.me/bittonapp_bot,,,2024-03-21,607739,
471,Block Labs,quiet,Mini app for mining PoW tokens,,https://t.me/blocklab_bot,,,2024-11-27,84749,
472,BlockDAG Tap Miner,quiet,Telegram tap and mining mini app with an airdrop,,https://t.me/blockdag_tap_miner_bot,,,2025-03-11,216727,
473,BlockHash,quiet,Mining game mini app,,https://t.me/hashapp_bot,,,2024-09-07,,
474,BOSS,quiet,BOSSMBT Tap2Earn – Play and Earn Crypto Rewards,,,https://x.com/bossmbtcoin,https://bossmbtcoin.pp.ua,2024-12,,
475,BTC.Fun,quiet,Just have fun to claim gasless airdrops of $PARTY and future tokens on BTC.Fun,,https://t.me/btcfunbot_bot,,,2025-03-08,21981,
476,Buinkers,quiet,Buinkers is free to play parody minigame where players farm holy shitcoin token by spinning screwed wheel and poor machine,https://t.me/buinkers,https://t.me/buinkersbot,https://x.com/buinkers,https://bot.buinkers.com,2026-01-02,,
477,Bums,quiet,Support bot of the Bums game center,,https://t.me/bums_support_bot,,,2024-09-16,,
478,Bybit Coinsweeper,quiet,Telegram tap and mining mini app with an airdrop,,https://t.me/bybitcoinsweeper_bot,,,2024-03-30,2697311,
479,ByteLords,quiet,"ByteLords is a tech-themed progression game where you build and upgrade a virtual computer to generate Bytes, the core currency of the system",https://t.me/ByteLordsChannel,https://t.me/ByteLords_bot,https://x.com/bytelords_game,https://play.ibtechsupport.com/ByteLords/index.php,2025-11,1032,
480,Capibara Coin,quiet,"Capibara es una nueva unidad financiera, aquí puedes ganar nuestra moneda y cambiarla por cualquier otra moneda",,https://t.me/capibaracoinbot,,,2024-11-21,61529,
481,Caplly,quiet,"Go to hit the start, Capture coins & use boosts. TGE Soon!",https://t.me/caplly_support,https://t.me/capllybot,https://x.com/capllyxyz,,2024-04-02,,
482,CAPtcha,quiet,"Huge airdrops from major networks for ""Human"" only",,https://t.me/captcha_airdrop_bot,,,2024-09-30,,
483,CAPTCHA CASH,quiet,Play and earn TON bot,,https://t.me/captcha_cash_off_bot,,,2025-10-20,,
484,Cashbox,quiet,"Cashbox is a Web3 game where you, a chosen explorer, harness the golden touch to earn Ra Coins, awaken mythical beasts, and lead them into battle to revive lost",https://t.me/CashboxCommunity,https://t.me/CashboxGameBot,https://x.com/CashboxAuth,https://www.cashbox.info/,2025-10-22,226331,
485,CashCoin,quiet,Clicker game that pays out rewards,,https://t.me/cashcoingame_bot,,,2024-04-21,,
486,Catchain,quiet,"Daily CATCHAIN swaps, streaks, boxes & friend invites. Open the Mini App",https://t.me/catchaincto,https://t.me/catchain_robot,,https://catchain.fyi,2026-07-10,,
487,Cats Mining,quiet,,,https://t.me/miningcatsbot,,,2026-06-26,,
488,Cattie Miner,quiet,Mine-to-earn mini app on Telegram,,https://t.me/cattie_miner_bot,,,2024-08-02,,
489,CEDEX Tap,quiet,Tap game earning CDXP tokens,,https://t.me/cedex_tap_bot,,,2024-05-21,3898161,
490,CerMiner,quiet,Mining game bot of the Cerus project on TON,,https://t.me/cerminer_bot,,,2025-07-09,15107,
491,Chasing Jiggy,quiet,Unlock wealth through Play Chasing Jiggy is an ultimate play-to-earn game for everyone!,https://t.me/chasingjiggycommunity,https://t.me/ChasingJiggybot,https://x.com/ChasingJiggy,,2024-12,,
492,Cheke Wallet,quiet,Bot for earning TON from channel tasks,,https://t.me/chqe_bot,,,2026-05-27,,
493,Chiсken farm,quiet,,https://t.me/chicken_farmb,https://t.me/chicken_farmbot,,,2026-08-31,,
494,CICADA,quiet,Immerse yourself in the exciting world of Cicada - a unique Play-to-Earn game on the TON blockchain!,,https://t.me/cicadagame_bot,https://x.com/Cicada_Swarm,https://cicadagame.fun/,2025-05-03,165926,
495,Claimybot,quiet,Bot for earning TIGER and partner tokens,,https://t.me/claimybot,,,2024-09-05,,
496,Clean Sheets,quiet,Clean Sheets is a hypercasual penalty shootout game where players can earn tokens by scoring goals,https://t.me/balliesuniverse,https://t.me/BalliesUniverse_bot,https://x.com/BalliesUniverse,https://cs.ballies.gg,2024-10,,
497,Coin Heaven,quiet,Telegram tap and mining mini app with an airdrop,,https://t.me/coin_heaven_bot,,,2025-01-26,11314,
498,COIN KERO,quiet,Чат / Канал / Новости,https://t.me/coinkeronews,https://t.me/coinkerobot,,,2026-08-16,,
499,CombatX,quiet,CombatX is a fun way to earn real money,https://t.me/combatxio,https://t.me/combat_xbot,,https://www.combatx.io/,2024-10,65906,
500,Core-X,quiet,Play and mine mini app on Telegram,,https://t.me/core_xbot,,,2025-05-30,1015480,
501,CosmoClick,quiet,Space clicker game with TON staking,,https://t.me/cosmoclickbot,,,2025-12-05,,
502,Crondom Idle Clicker,quiet,Crondom Idle Clicker — the Telegram idle RPG built for the GRAM ecosystem,https://t.me/CrondomLabs,https://t.me/CrondomIdleClickerBot,https://x.com/CrondomLabs,https://crondom-clicker.vercel.app/landing.html,2026-05,,
503,CrossFi Tap,quiet,,https://t.me/crossfitapnews,https://t.me/xficonsolebot,,https://test.xficonsole.com,2024-05-11,,
504,Crown Village,quiet,Turn your village into a thriving kingdom and earn passive income—all without leaving Telegram,https://t.me/crownvillagenews,https://t.me/crownvillage_bot,,,2026-08-02,,
505,CrownMiner,quiet,"The mining game of the Crown ecosystem. Presale is live — gear up before launch. Mine, upgrade, earn",https://t.me/crownminernews,https://t.me/crownminerbot,,,2026-08-31,,
506,Crypto Donut,quiet,,,https://t.me/cryptodonut_bot,,,2025-02-05,892578,
507,Crypto Masons,quiet,"Crypto Masons, a revolutionary Clicker game based on the famous cartoon ""Take my muffin"", that’s both fun and rewarding!",https://t.me/cryptomasonsgame,,https://x.com/CryptoMasonGame,https://cryptomasonsgame.com/,2024-07-22,,
508,CryptoCat,quiet,This isn't just another tap-to-earn crypto game!,,https://t.me/CryptoCatGame_bot,https://x.com/SimCat_io,https://cryptocat.io/,2025-10,1018131,
509,CYBASE Farm,quiet,Farm bot of Cybase,,https://t.me/cyberbasefarm_bot,,,2024-04-21,1206541,
510,Daily GHS,quiet,Free Daily GHS Directly To Your TON Wallet,,https://t.me/dailyghsbot,,,2026-07-07,,
511,DataRush,quiet,Mining project with real server infrastructure,,https://t.me/datarushbot,,,2024-09-07,,
512,DefyTON,quiet,"AI-powered habit challenge platform. Deposit GRAM, verify with photos, get rewarded",,https://t.me/DefyTONBot,https://x.com/DefyTON_app,https://defyton.com,2026-06-01,,
513,DePIN Alliance,quiet,DePIN earning mini app,,https://t.me/depin_alliance_bot,,,2024-09-13,746259,
514,DiaTON,quiet,Earn GRAM for completing simple tasks. Channel Group,https://t.me/diaton_news,https://t.me/diaton_bot,,,2026-02-26,,
515,Dig It Gold Game,quiet,"A Web3 play-to-earn mining game on TON where players collect ore and $NUGS, redeemable for real gold-backed rewards",https://t.me/DigItGoldGame,https://t.me/dig_it_game_bot,https://x.com/DigItGoldGame,https://flashy.fun/digit/,2025-10-20,,
516,DinoDash,quiet,"DinoDash is a Telegram-based dAPP where players nurture their Deeno by hatching their Dino egg, engaging in various activities to level up Deeno and therefore i",https://t.me/derivioannouncement,https://t.me/DerivioBot,https://x.com/derivio_xyz,https://derivio.xyz/,2024-10,,
517,Ditto Quest,quiet,"Stack, Slay, and Thrive — Welcome to the Dittoverse",,https://t.me/the_ditto_bot,https://x.com/dittocoin,https://team-ditto.notion.site/Ditto-Quest-21359184254f803e8fcbc1c4783cd579,2024-09-27,942,
518,Doge Miner,quiet,,https://t.me/dogeminernews,https://t.me/dogeforge_bot,,,2026-06-12,,
519,DoggieZen,quiet,"DoggieZen is a fun Telegram Mini App where you can play, complete missions, earn $DOGZ, and grow with the community",https://t.me/doggiezen,https://t.me/doggiezenbot,https://x.com/DoggiezenFam,,2026-09-02,,
520,Dogs Mining,quiet,,https://t.me/dogsminingn,https://t.me/miningdogs1bot,,,2026-07-05,,
521,Dogs404,quiet,Dogs404 is the TG mini app for merging virtual NFTs and this way mining $SHDG / $404 tokens,https://t.me/ShoeDogannon,https://t.me/Cube404Bot,,,2025-01,,
522,Dragons Farm,quiet,"Imagine a world where dragons bring you gold, gnomes work for you, and magical crystals power your mighty beasts",,,,https://osnovakamen.ru,2024-12,,
523,Drop2Drop,quiet,Join daily drops of TON cryptocurrency!,,https://t.me/Drop2DropBot,,,2024-10-13,179663,
524,DUCK,quiet,Quests mini app earning real money,,https://t.me/duckcommunitybot,,,2024-11-17,881647,
525,Dulce,quiet,Candy mining bot that earns TON,,https://t.me/dulcecandybot,,,2026-05-08,,
526,Dynabit App,quiet,Dynabit Ecosystem is a cutting-edge Web 3 institute built on the TON blockchain,,https://t.me/dynabitbot,,https://xp.network/,2024-08-31,,
527,Earn,quiet,Telegram Launchpools. Hold tokens and Earn. Supported by,,https://t.me/earnhqbot,,,2025-01-09,2305964,2024-12-11
528,Earnigram,quiet,"Earnigram is a reward-based Telegram mini app where users can earn crypto by completing simple social tasks like joining Telegram channels, groups, and bots",,https://t.me/Earnigram_bot,https://x.com/Earnigram,https://earnigram.com,2024-12,,
529,Earnigram Prediction,quiet,Step into the world of market forecasting with Earnigram Prediction!,https://t.me/earnigram_group,,https://x.com/earnigram,,2026-01,,
530,EasyCake,quiet,DeFi tap mini app on Telegram,,https://t.me/easycaketapbot,,,2024-07-26,284767,
531,eGold Mining,quiet,"eGOLD Mining is an exhilarating play-to-earn game, exclusively available on the Telegram app",https://t.me/egold_news,https://t.me/eGOLD_Mining_Bot,https://x.com/eGold_mine,,2024-06,,
532,eMule Army,quiet,eMule Army is a Web3 crypto game on Telegram that lets you earn while playing,https://t.me/eMuleArmychat,https://t.me/emulearmy_bot,https://x.com/eMuleArmy,https://emulearmy.ai/,2024-10,178853,
533,Etaku,quiet,Etaku is centered around a simple gameplay and focus on collecting Anime characters,https://t.me/EtakuANN,https://t.me/etakubot,https://x.com/EtakuAI,https://etaku.ai/,2024-10-06,7220647,
534,Eva Quiz,quiet,"Eva is a thrilling quiz game built on Telegram mini app, offering players the chance to earn InFancy Points as rewards by answering a series of questions correc",https://t.me/InFancy_AI,https://t.me/InFancyAI_Bot,https://x.com/Infancy_ai,,2024-05,,
535,EXOUSDT Farming Bot APP,quiet,,,https://t.me/exotapapp_bot,,,2024-07-31,174054,
536,FarmGram,quiet,,,https://t.me/farmgramsbot,,,2026-06-28,,
537,Farmizen,quiet,Farming game on TON integrated with DeDust,https://t.me/farmizen,,,,2024-07-11,,
538,Feline Dynasty,quiet,Feline Dynasty is an idle Play-to-Earn ecosystem built as a Telegram Mini App on the TON blockchain,https://t.me/FelineDynastyOfficial,https://t.me/FelineDynastyBot,https://x.com/felinedynastyof,https://felinedynasty.com/,2026-05,,
539,Felix,quiet,,,https://t.me/felix_farm_stars_bot,,,2026-07-03,,
540,FireTon Drop,quiet,,https://t.me/moklgamefi,https://t.me/mokl_io_bot,,,2024-05-03,,
541,Flowers Garden,quiet,Welcome to Flowers Garden!,,https://t.me/flowers_game_bot,,,2025-10-11,,
542,FluxMining,quiet,Mining game with FLX token on TON,,https://t.me/flux_mining_bot,,,2026-03-27,,
543,FortuneHusky,quiet,Welcome to Husrich – The most exciting GameFi on TON!,https://t.me/FortuneHusky,,https://x.com/Fortune_Husky,https://www.FortuneHusky.com,2024-09,,
544,FoxiTask,quiet,"Earn rewards by completing tasks, and enjoy all of this. Post a task",,https://t.me/foxitaskbot,,,2026-07-13,,
545,Fruitfy,quiet,,,https://t.me/fruitfyton_bot,,,2026-06-29,,
546,GBTC,quiet,"Welcome to Gold BTC Mining Game, the Build-to-Earn Game on Telegram!",,https://t.me/gbtcminingbot,,,2025-02-07,148885,
547,GDrop,quiet,App paying USDT and GRAM for ads and games,,https://t.me/gdropappbot,,,2026-08-16,,
548,Gem Farming,quiet,,,https://t.me/Gem_Farming_Bot,https://x.com/gem_farming,,2025-01,,
549,GemsWall,quiet,Rewards bot and announcements for Telegram tasks,,https://t.me/gleamrewardsbot,,,2024-04-16,2682598,
550,Gemwall,quiet,"Swipe Mystery card and earn daily rewards Collect and trade cards of top crypto projects Join Tournaments and grab the prizes Earn rewards in USDT, TON",,https://t.me/Gemwall_Bot,https://x.com/gemwall_app,https://gemwall.io/,2024-10,,
551,Giga Hash,quiet,Turn Energy into GHS,,https://t.me/giga_hash_ghs_bot,,,2026-06-06,,
552,Giraffe Kombat,quiet,Introducing a New Income-Generating Project on Telegram!,,https://t.me/GiraffeKombatbot,,https://giraffekombat.com/,2024-12-08,77140,
553,Go!,quiet,Go! is an agentic operating system for automatic income,,https://t.me/thegoprojectbot,,https://gosmartchain.ai,2024-06-05,1106000,
554,Go! App,quiet,Welcome to the All-New Go!,https://t.me/gorwachain,,https://x.com/gorwachain,https://www.gosmartchain.ai/,2023-09,,
555,GochiFi,quiet,"Тапай, копи монеты, жди дроп. Или прокачай питомца за GRAM и получай $USDT уже сейчас",,https://t.me/gochifibot,,,2026-08-19,,
556,Gold Age,quiet,"Gold Age is a user-driven economic strategy game built around land ownership, resource mining, tool usage, and player-to-player trading",https://t.me/goldagechat,https://t.me/goldageio_bot,https://x.com/GoldAgeGame,https://goldage.io/,2026-01-15,115499,
557,Gold Bux,quiet,"Users can complete tasks to generate passive income, and tasks can be created directly within the app to accelerate growth",https://t.me/gold_bux,https://t.me/GBux_Bot,https://x.com/gold_bux5,,2026-04,,
558,Gold Striker,quiet,Welcome to Gold Striker!,https://t.me/LINEUP_games,https://t.me/gold_striker_bot,https://x.com/LINEUP_games,https://www.lineupgames.io/,2025-05-13,,
559,GOLD Workers,quiet,,,https://t.me/gold_workers_bot,,,2026-09-29,,
560,GoMining,quiet,,https://t.me/gomining,,https://x.com/Gomining_token,https://gomining.com,2024-06,,2026-09-01
561,Gram Farm,quiet,,,https://t.me/gramfarmingapp_bot,,,2026-07-25,,
562,GRAM tasks,quiet,Earn GRAM with GRAM Tasks,,https://t.me/ton_tasks_robot,,,2026-08-05,,
563,GRAM.ZONE,quiet,"Welcome to GramZone! Earn Gram, have fun & win bonuses! Ready? Join now! Official",https://t.me/gramzone_official,https://t.me/gram_zonebot,https://x.com/gram_zone,https://gram.zone,2025-01-14,,
564,GramMiner,quiet,Mine Gram & earn rewards daily!,,https://t.me/gramminer1_bot,,,2026-08-03,,
565,GramX,quiet,Помощь - Регламент на вывод 48 часов,https://t.me/gram_x_x,https://t.me/gramx_x_bot,,,2026-07-29,,
566,GRAND COMBAT,quiet,Unleash Your Inner Tycoon in Grand Combat!,,,https://x.com/grand_combat,https://grandcombat.io/,2024-06,,
567,Grand Journey,quiet,"Prepare for an epic adventure in ""Grand Journey""!",https://t.me/Channel_GrandJourney,https://t.me/grandjourneybot,https://x.com/journeygrand,https://www.grandjourney.io/,2024-08-31,83684,
568,Greens,quiet,"Greens is the first virtual agriculture ecosystem, part of which has been designed like a metaverse, strategy mobile game",,,https://x.com/greensfinance,https://www.greensfi.com/,2022-02-19,,
569,GrGrDino,quiet,GrGrDino is a game in which you control Dino,https://t.me/ettoonn,https://t.me/GrGrGame_bot,,https://getgems.io/collection/EQAJPR7nXdMn_-nBwTcNRR7mqPv6j9w-mMiLzN9j0iNGjctS,2024-06,,
570,Gumcoin,quiet,"The bot lets you farm coins, track your balance, and be part of the community",https://t.me/gumcoin,https://t.me/gumcoinBot,,https://gumcoin.org,2025-09,,
571,Happy Farm,quiet,,,https://t.me/happyfarmgrambot,,,2026-08-07,,
572,Hash mining game,quiet,Mining-style mini app game on TON,,https://t.me/megahashtonbot,,,2025-10-02,157365,
573,HashSeeker,quiet,Free mining mini app,,https://t.me/hashseekerbot,,,2024-09-07,,
574,Hattori game,quiet,The official Hattori App game where you can play and earn!,,https://t.me/hattoribot,,,2025-05-08,,
575,Hempton,quiet,Hempton isn’t just a game — it’s your underground empire,https://t.me/Hempton_CIS,https://t.me/hempton_bot,https://x.com/HemptonFarm,https://hempton.farm,2024-12,,
576,Hero Guild,quiet,Hero Guild is a platform that allows you to earn cryptocurrency by playing your favorite Steam games,,,https://x.com/HeroGuildApp,https://www.heroguildapp.com/,2024-09,,
577,Hexos,quiet,Community quests and play-to-earn bot on TON,,https://t.me/xw3_quest_bot,,,2024-12-12,30797,
578,Honey Ants,quiet,"Grow your ant colony, collect honey, earn GRAM and withdraw in TON. Payout proofs",https://t.me/honeyantspayout,https://t.me/honeyantsbot,,,2026-09-29,,
579,Hydroponic Game,quiet,HydroFarm is a hydroponic farming game built for Telegram,https://t.me/hydroponicgame,https://t.me/Hydrogame_bot,,https://www.hydroponicgame.com/,2026-03,,
580,IEM Hash,quiet,IEM Hash — TON mining app with token rewards,,https://t.me/IEMHash_bot,https://x.com/IEMHash,https://www.iemhash.com,2025-03-28,,
581,iMiner,quiet,Mining-style app on Telegram with IMR coins,,https://t.me/iminer_bot,,,2025-06-10,291171,
582,IQcoin,quiet,IQCOIN is a space for developing and strengthening your mind,https://t.me/IQCOIN_Smart_Community,https://t.me/IQcoinApp_Bot,https://x.com/IQCOIN_IQS,,2025-12,2854,
583,JackKegs,quiet,Farming game Jack Kegs coin,https://t.me/jackkegscoin,https://t.me/jackkegsbot,,,2025-11-21,,
584,JAM,quiet,Daily mining mini app in Telegram,,https://t.me/justanotherminerbot,,,2025-11-21,75633,
585,JBTClabs Pre TGE Airdrop (Listing On Top CEX),quiet,,,https://t.me/jbtclabscexlistingairdropbot,,,2026-08-04,,
586,JetPunk,quiet,Farm JETTON in Telegram mini app,,https://t.me/jetpunkapp_bot,,,2026-01-01,,
587,KingCoin,quiet,,,https://t.me/KingCoin_ebot,https://x.com/King_Coin_X,https://kingcoin.tech/,2024-08,,
588,Klikado,quiet,Mini app for earning by tasks and ads,,https://t.me/klikadobot,,,2026-02-22,,
589,Klink: Earn & Make Money,quiet,Collect points to earn $KLINK tokens in the upcoming Klink airdrop!,,https://t.me/klinkfinancebot,,,2024-09-20,471273,
590,KYRZA FARM,quiet,Фарми монеты на стримах KYRZA и меняй их на призы,,https://t.me/kyrza_farm_bot,,,2026-07-30,,
591,LEPrechaun,quiet,LEPrechaun Pre-launch!,,https://t.me/lepcoinbot,,,2024-05-18,425215,
592,Level Legends,quiet,"Dive into fast-paced battles, epic boss fights, and endless progression",,https://t.me/level_legends_bot,https://x.com/tg_levellegends,,2026-01,,
593,Liberty Dog,quiet,Liberty Dog is a community dedicated to digital freedom,,https://t.me/lido_appbot,https://x.com/lidotoken,https://lido-app.fun/,2025-07,,
594,LocaGo,quiet,"Explore NFT locations, tap to mine coins",,https://t.me/locagoapp_bot,,,2024-06-23,,
595,Lode Hunter,quiet,,https://t.me/lodehunter,https://t.me/lodehunter_bot,,,2026-07-10,,
596,LOL Mining Bot,quiet,Telegram tap and mining mini app with an airdrop,,https://t.me/lol_mining_bot,,,,,
597,Lootify,quiet,,https://t.me/lootifychannel,https://t.me/lootifyton_bot,,,2026-06-09,,
598,Loton,quiet,Mini app for hourly pools where users activate positions and earn pool shares,,https://t.me/lotonapp_bot,,,2026-03-16,,
599,Lucky Pickaxe,quiet,"Hire miners, collect their shifts and trade crystals for GRAM you can withdraw. An idle mine in Telegram",https://t.me/luckypickaxe,https://t.me/luckypickaxebot,,,2026-09-25,,
600,Lucky Rooms,quiet,Rocket up your lucky to the moon and earn some coins!,https://t.me/luckyroomsofficial,https://t.me/luckyroomsbot,https://x.com/lucky_rooms,https://luckyrooms.io,2024-10-29,,
601,LuckyHub,quiet,"Open the lucky box to win $USD, $TON and upcoming $Lucky drop with LuckyHub Now!",https://t.me/luckyhubcash,https://t.me/LuckyHubCashBot,,,2024-11-15,238978,
602,LuckyMoney,quiet,LuckyMoney is a social & gaming platform where you can claim USDT and airdrop,,https://t.me/LuckyMoney_release_bot,https://x.com/0xluckymoney,https://luckymoneys.net/,2024-09,,
603,LumCity,quiet,Mini app for managing a miner and joining daily airdrops,,https://t.me/lumcity_bot,,,2024-05-06,,
604,LUXON Drops,quiet,Rain $DROPS turning into drop top Join and x.com/drops_tg,,https://t.me/drops_coin_bot,,,2024-11-02,5878003,
605,mAInet,quiet,AI mining game in Telegram,,https://t.me/mainetbot,https://x.com/MaiNet_io,https://mainet-game.gitbook.io/mainet-whitepaper,2024-04-16,678381,
606,MallDriven Game,quiet,"MallDriven is a gamified business simulator inside Telegram where players can start and grow virtual businesses, compete with others, and earn rewards",https://t.me/MallDriven,https://t.me/MallDrivenBot,https://x.com/MallDriven,https://Malldriven.com,2025-01,,
607,Mars,quiet,MARS is an online mining game where players earn coins by clicking,,https://t.me/marsminingbot,,,,,
608,Mars2049,quiet,MARS2049 is a strategy RPG that drops you on the frontlines of Mars colonization,https://t.me/mars2049channel,https://t.me/Mars2049_Bot,https://x.com/mars2049online,https://www.mars2049.online/,2024-10,,
609,Marsian,quiet,"Marisan draws inspiration from Elon Musk's Mars colonization initiative, blending sci-fi ambition with engaging gameplay loops for a strategic space a",https://t.me/marsian_news,,,,,,
610,Math coin,quiet,Oxford mathematics Ltd Company number: 15699877,,https://t.me/mathcoinprobot,,,2024-05-31,,
611,Me Earn,quiet,Be a hardworking bee to earn $MEA,,https://t.me/meearn_bot,https://x.com/meearn_club,https://www.meearn.club,2024-05,9,
612,Mechaversus,quiet,Mechaversus Marketing App is your gateway to exclusive rewards and engagement!,https://t.me/Mechaversus,https://t.me/mechaversus_bot,https://x.com/Mechaversusgame,https://mechaversus.co/,2024-10,,
613,Megahash,quiet,Cloud mining bot in Telegram,,https://t.me/mega_hash_bot,,,2024-12-05,,
614,Megamine,quiet,Proof-of-work style mining game on Telegram,,https://t.me/megaminetg_bot,,,2025-01-31,,
615,Member Rewards Bot,quiet,Earn TON for Telegram tasks or boost your channel with real engagement,https://t.me/memberrewards,https://t.me/memberrewardsbot,,https://memberrewards.pro,2026-02-17,,
616,Meme Hash,quiet,Meme Hash is a mining-based game that lets you earn meme coins by utilizing your device’s computing power,,https://t.me/memehashbotbot,,,2025-06-26,,
617,MemeBox,quiet,Welcome to MemeBox!,,https://t.me/memeboxapp_bot,,,2025-01-13,55904,
618,Memeland,quiet,Memeland is a Web3 application for earning crypto with memes and NFTs,,https://t.me/metaland_bot,https://x.com/memeland_tg,,2025-01-14,4534370,
619,MEMEOW,quiet,"Dive into the depths and mine MEMEOW coins, enhance your cat's abilities, and purchase upgrades to boost your earnings",,https://t.me/memeow_io_bot,https://x.com/MEMEOW_IO,https://memeow.io/,2024-06-23,,
620,Memetics,quiet,Home of Telegram mini economies,https://t.me/memetics_news,,,,2024-09-23,,
621,MeowFarm,quiet,Official bot MEOWFARM Support,,https://t.me/meowfarming_bot,,,2024-11-09,,
622,MeshChain,quiet,Airdrop task bot of MeshChain,,https://t.me/meshchain_bot,,,2024-12-17,1907517,2025-02-14
623,Meta Miner,quiet,Cloud mining bot with MM token,,https://t.me/metaminerrobot,,,2025-02-02,230344,
624,MineGram,quiet,"Mine HASHES, stack POWER, and turn your mining progress into GRAM",,https://t.me/minegramtonbot,,,2026-06-19,,
625,Miner,quiet,MINER token mining bot,,https://t.me/minersquad_bot,,,2024-12-02,,
626,Miner Mania,quiet,Telegram tap and mining mini app with an airdrop,,https://t.me/miner_mania_bot,,,2024-10-30,788300,
627,Miner Rush,quiet,Miner Rush is a unique project that combines mining and gaming mechanics,https://t.me/miner_rush,https://t.me/MinerRush_bot,https://x.com/rush_miner,https://minerrush.fun/,2024-12,233,
628,Miner TAC,quiet,,,https://t.me/minertacbot,,,2026-08-13,,
629,MinerGram,quiet,Telegram app for renting mining power and earning TON,,https://t.me/minergramofficial_bot,,,2026-06-21,,
630,Miners.Club,quiet,Telegram tap and mining mini app with an airdrop,,https://t.me/miners_club_bot,,,2025-04-08,71293,
631,Mini Biti Coin,quiet,,,https://t.me/mini_biti_coin_bot,,,,,
632,Mining Unicorn,quiet,Mine and watch your rewards grow effortlessly!,,https://t.me/mining_unicorn_bot,,,2024-11-21,234663,
633,MiniSpot Miner,quiet,Welcome to MiniSpot Miner!,https://t.me/minispot_app_bot,https://t.me/minispot_helper_bot,,,2026-05,,
634,Money Nova,quiet,,,https://t.me/moneynovaearn_bot,,,2026-07-05,,
635,MoneyFarm,quiet,Bot for earning Stars and TON via simple tasks,,https://t.me/farmmoneyyy_bot,,,2026-04-21,,
636,Monkey Play,quiet,MonkeyPlay is a mini-game platform that runs inside Telegram,,https://t.me/monkey_play_bot,https://x.com/MonkeyPlayToken,https://www.monkeyplay.xyz/,2025-10,,
637,Moon Hash,quiet,Mining game bot on Telegram,,https://t.me/moonhashmine_bot,,,2025-03-07,,
638,MoonTap,quiet,"MoonTap is a new play-to-earn clicker game inside Telegram, built on the TON blockchain",https://t.me/MoonTapCommunity,,,,2025-06,,
639,Mr. MeMe Airdrop,quiet,Earn real money by playing right on Telegram with Mr,https://t.me/mrmeme,https://t.me/mrmeme_airdrop_bot,https://x.com/mrmeme_fun,https://mrmeme.fun,2024-11-13,,
640,Mushroom Warrior,quiet,Mushroom Warrior is a play to earn Web3 game,https://t.me/notmushcoin,https://t.me/NotMushCoin_bot,https://x.com/notmushcoin,https://mushcoin.xyz/,2024-09,,
641,MusiKhan,quiet,Tune-to-earn music mini app,,https://t.me/musikhan_bot,,,2025-07-22,150814,
642,Mystic Forge,quiet,Combine elements in the forge to create artifacts,,https://t.me/mysticforgebot,https://x.com/MysticForgeGame,https://mysticforgegame.com,2025-08,,
643,NeoHash,quiet,Mining game in Telegram,,https://t.me/neohash_bot,,,2024-09-07,,
644,NeuroTON,quiet,"AI-нейроны зарабатывают для тебя 24/7 — пассивный доход, задания, рефералка, вывод в TON/USDT",,https://t.me/neurotonx_bot,,,2026-07-21,,
645,NEXO STARS,quiet,"Фарми Stars в Telegram! Выполняй простые задания, приглашай друзей и получай Stars",https://t.me/nexostarsfarm,https://t.me/nexo_stars_bot,,,2026-09-17,,
646,Nexus Coin,quiet,Nexus Coin is a high-performance Tap-to-Earn mini-app integrated with the TON blockchain,https://t.me/NexusCoinSohbet,https://t.me/nexuscoinofficial_bot,,https://cyber-nexus.replit.app,2025-12,,
647,NGB App,quiet,Task mini app with experience and tickets,,https://t.me/ngb_app_bot,,,2025-12-18,,
648,Nifty Nerds Network,quiet,Nifty Nerds Network(NNN) is a Web3 gaming launchpad built on top of Telegram and TON blockchain,https://t.me/niftynerdsnetwork,https://t.me/niftynerds_bot,https://x.com/niftynerds,https://niftynerdsnetwork.com/,2024-08-12,95028,
649,NiTon Mining,quiet,Telegram tap and mining mini app with an airdrop,,https://t.me/nitonnbot,,,,,
650,Not Fren,quiet,,https://t.me/notmyfrens,,,,2024-08-11,,
651,NOTBUX,quiet,Task bot paying TON for simple tasks,,https://t.me/notbux_bot,,,2026-02-02,12721,
652,Novrinex Airdrop,quiet,,,https://t.me/novrinexairdropbot,,,2026-08-15,,
653,ONE USDT,quiet,One Usdt is the Official Telegram Rewarding Mini App Powered by One Dropz,,https://t.me/oneusdtappbot,,,2026-07-25,,
654,ONEquest,quiet,Quest mining app announcements,https://t.me/one_quest_sub,,,,,,
655,OrbitFall,quiet,OrbitFall is a Strategic Mini-App (TON/Ronin) officially approved by the Telegram Apps Center,https://t.me/OrbitfallNews,https://t.me/OrbitFallBot,https://x.com/OrbitfallNFT,https://www.orbitfall.online/wiki,2025-09,,
656,OrixBNB Pre TGE Airdrop (Backed By BNBChain),quiet,,https://t.me/bnbchain,https://t.me/orixbnbofficialpretgeairdropbot,,https://dappbay.bnbchain.org/detail/orix,2026-07-01,,2022-10-01
657,Oxygen Hunters,quiet,The first Chia token to be traded on a centralized exchange!,,,https://x.com/Oxygen_Hunters,https://oxc.world/,2024-10,,
658,PawPower,quiet,Farm and trade bot for the PPWR token,,https://t.me/pawpower_bot,,,2025-03-23,,
659,PEHE Kingdom,quiet,"Test your luck with PEHE spin to win TON,USDT FOR FREE, and boost your rewards with tap, boost, and many activities",,,https://x.com/pehekingdom,https://pehe.pro/,2024-07,,
660,Pepe Meme,quiet,Pepe Meme by Evo Frogs Airdrop! 1000x gains are coming! Earn tokens and epic rewards!,https://t.me/pepememecommunity,https://t.me/raccooncoinbot,,,2026-10,,
661,Pi Network,quiet,Welcome to Pi Network free mining platform!,,https://t.me/pinetwork5_bot,,,2024-11-23,86045,
662,Piggy Tap,quiet,"Play PiggyTap! Dive into casual style fun: Smash piggy banks, collect coins, and chase jackpots!",https://t.me/PiggyTapNews,https://t.me/piggytapofficial_bot,https://x.com/PiggyTap,,2024-09-10,,
663,PinEye,quiet,Tap-to-earn coin game in Telegram,,https://t.me/pineye_bot,,,2024-09-03,,2024-09-29
664,Pixel Aquarium,quiet,,,https://t.me/pixelaquariumbot,,,2026-07-17,,
665,Pixelpond,quiet,"Cast, catch, earn. Pixel Pond — the fishing GameFi where your catch becomes real GRAM/USDT",https://t.me/pixelpondofficial,https://t.me/pixelpond_bot,,,2026-08-19,,
666,PlantTON,quiet,Farming game for earning TON,,https://t.me/aakq_bot,,,2025-12-03,,
667,Play Corn Battles,quiet,Play Corn Battles and earn with Corn Heroes Official channel Official site www.corn.io,,https://t.me/cornbattlesbot,,,2024-07-13,4090503,
668,Pocket Waifu,quiet,"$WIFE is the #1 waifu meme coin, bringing you closer to your favorite waifus in ways you’ve only dreamed of",,https://t.me/pocketwaifu_bot,https://x.com/PocketWaifuGame,https://pocketwaifu.io/,2024-10-02,299578,
669,Pokergang,quiet,"Simple tasks, high rewards Mine tokens that can be redeemed for platform earnings, and invite friends to earn extra bonuses!",https://t.me/chainpokerofficial,https://t.me/Pokergang_bot,https://x.com/ChainPokerio,https://chaingame.pro,2024-10,,
670,Polyfarm,quiet,Join us and earn crypto easily with Polyway Farm Bot,https://t.me/polyway_app,,https://x.com/polyway_app,https://polyway.investments,2024-06,,
671,Probablycoin,quiet,Get ready to tap into a world of endless possibilities with Probably!,https://t.me/pcoin,https://t.me/Probablycoinbot,https://x.com/probablycoin,,2024-06-08,,
672,Puffs Dragon,quiet,"PuffsDragon is a blockchain-based gaming project built on the TON network, offering players an exciting experience where they can earn rewards while playing",https://t.me/PuffsAnn,https://t.me/PuffsAppBot,https://x.com/puffs_ton,https://puffsdragon.com,2024-11-06,,
673,Pumpad,quiet,Mini app for gigs and a lucky wheel with daily earnings,,https://t.me/pumpad_bot,,,2024-07-05,1892019,
674,PX Tarot,quiet,Next-Gen AI-powered Tarot Reading Experience with Pixel Art & the TON Blockchain!,https://t.me/pxtarot_community,https://t.me/pxtarot_bot,https://x.com/px_tarot,https://pxtarot.com,2024-10,17879,
675,Quanta X,quiet,Decentralized mining and staking ecosystem in Telegram,,https://t.me/quanta_xbot,,,2025-10-07,79950,
676,Quantify,quiet,Invite friends through the team link to get (A+B+C) 16%+3%+1%=20% commission income,,https://t.me/memefimining_bot,,,,,
677,Quantum Core,quiet,"Extract Quantum Jelly (JE) tokens, unlock legendary jellybean skins, upgrade your mining boosters, connect your TON Wallet, and invite your alliance comrades—al",https://t.me/quantumcoregame,https://t.me/quantum_core_game_bot,https://x.com/ocalirdigital,https://quantum-core.click/,2026-04,,
678,QuestHub,quiet,Bot with quests and activities on TON,,https://t.me/brocontestsbot,,,2024-03-26,141949,
679,Quiz Wars,quiet,Quiz Wars is a fast-paced quiz arena where micro-learning meets competition,https://t.me/quizwars,https://t.me/quizwars_bot,,,2025-06,,
680,QuokkaCoin Tap Bot,quiet,An innovative project that combines blockchain technology with the joy and happiness of quokkas,,https://t.me/quokkacointap_bot,https://x.com/QuokkaCoinNews,,2024-06,,
681,RAM Miner,quiet,RAM mining simulator,,https://t.me/raminerbot,,,2026-03-08,,
682,Rarecrows,quiet,"Rarecrows is a chapter-based collectible game built around discovery, progression, and ownership",https://t.me/rarecrows_bot,,https://x.com/0xSunflowerLand,https://beta.rarecrows.io,2025-12,41669,
683,Rating,quiet,Become a king and earn $RATING! Official channel,https://t.me/rating_community,https://t.me/the_best_rating_bot,,,2026-10,578748,
684,READY WALLET,quiet,"A Telegram minigame that's easy, fun, and rewards you with $RDT - game on!",,https://t.me/readywallet_bot,,,,,
685,Release Kraken,quiet,"In Release Kraken, you can play, earn, and enjoy an exciting gameplay experience",,https://t.me/kraken_tap_to_earn_bot,https://x.com/SRTKraken,https://releasethekraken.io/,2024-10-18,27881,
686,RFC Mining Bot,quiet,Telegram tap and mining mini app with an airdrop,,https://t.me/rfc_mining_bot,,,,,
687,Rich Bums,quiet,Telegram mini app with community group,,https://t.me/richbumsbot,,,2025-09-13,,
688,RICHTON,quiet,BANK of RICH — место добычи монет,,https://t.me/richton_bank_bot,,,2026-06-03,,
689,Rignite,quiet,Rignite is a TON-native Telegram mini app,https://t.me/RigniteOfficial,https://t.me/RigniteBot,https://x.com/RigniteOfficial,https://rignite.app,2026-05,,
690,Rise of Cinder Duck,quiet,"""Rise of Cinder Duck"" is an engaging Web3 GameFi Mini App on the TON ecosystem, blending management simulation with RPG dress-up mechanics",https://t.me/RCD_Web3_News,https://t.me/RCD_Web3_bot,https://x.com/RCD_Web3,https://rcdweb3.xyz/,2025-12,38424,
691,ROIC BOT,quiet,ROIC BOT is your gateway to earning tokens with ease,https://t.me/ROIC_Community,https://t.me/ROIC_Bot,https://x.com/ROIC_Finance,https://roic.finance/,2024-10,,
692,Royal Miner,quiet,Mining game bot in Telegram,,https://t.me/royalminer_bot,,,2026-01-28,19449,
693,RPSG,quiet,"Spend time with pleasure and enjoy friendly competition in the classic game of Rock-Paper-Scissors, which, for the first time in Telegram, combines real-time Pv",https://t.me/rpsgameio,https://t.me/rpsgameio_bot,https://x.com/RPSGameio,https://rpsg.gitbook.io/rpsg,2024-10,,
694,Rumble Arcade,quiet,"Take on daily challenges, build your ultimate squad, and climb the leaderboard in multiplayer events",https://t.me/RumbleArcadeNews,https://t.me/RumbleArcadeBot,https://x.com/RumbleArcade,https://www.rumblearcade.io/,2025-04-26,70948,
695,Salt,quiet,ALL Crypto at your fingertips,,https://t.me/saltapp_bot,,,2024-08-09,313425,
696,SANS,quiet,"SANS is a free tap-to-earn game on TON, played right inside Telegram",https://t.me/sanslicekilisduyuru,https://t.me/sanslicekilisbot,https://x.com/sansliofficial,https://www.sanslicekilis.com,2026-06-24,,
697,SEI BEAR APP,quiet,Telegram tap and mining mini app with an airdrop,,https://t.me/ton_minerapp_bot,,,2024-10-23,2927379,
698,Seven,quiet,Start your crypto journey with 7Token!,,https://t.me/seventokenbot,,,,,
699,sFOMO,quiet,Mini app with pixel art and staking pools powered by fomo_hash,,https://t.me/sfomo_bot,,,2025-02-19,,
700,SheikDoge @AIRDROP,quiet,,,https://t.me/sheikdogegameairdropbot,,,2026-09-02,,
701,SHIB Miner Game,quiet,Telegram tap and mining mini app with an airdrop,,https://t.me/shib_miner_game_bot,,,2025-01-02,884705,
702,Shroomsters,quiet,Tap to earn with Shroomsters!,,,https://x.com/ShroomstersClub,https://www.shroomsters.club/,2024-12,,
703,Slime Smith,quiet,"Craft legendary weapons, upgrade your forge, and compete in seasonal leaderboards for massive $SLX airdrops",https://t.me/slimeminigames,https://t.me/SlimeSmithBot,https://x.com/Slime_Miner,https://linktr.ee/slimexofficial,2025-12,,
704,Snackify,quiet,,,https://t.me/snackifyton_bot,,,2026-07-15,,
705,Soneta Mini App,quiet,Official mini app of the Soneta project,,https://t.me/frenscoin_bot,,,2024-10-16,2563789,
706,Spark,quiet,Spark is an app that supports the TON ecosystem through tasks and contributions. Earn rewards!,,https://t.me/SparkOne_Bot,,,2024-01-23,,
707,Sprize,quiet,Sprize is the ultimate gaming and rewards app that turns your free time into real value,https://t.me/sprize_chat,https://t.me/sprizebot,https://x.com/sprizeplay,https://sprize.gg,2025-02-08,125546,
708,Spur Protocol,quiet,The Future Of Decentralized Governance spurprotocol.com,,https://t.me/spurprotocolbot,,,2025-03-08,44213,
709,Squid 2,quiet,Squid 2 is a TON-based farming game inside Telegram,,https://t.me/Squid2tg_bot,https://x.com/Squid2tg,https://squidtg.vip/,2026-03,,
710,Stack,quiet,Stack – The Exciting Telegram Mini-App!,https://t.me/TuringNexus,https://t.me/Web3StackBot,,,2024-12,,
711,Star Industry,quiet,"Start producing resources, materials, and goods",https://t.me/starindustry_channel,https://t.me/starindustry_bot,https://x.com/john_0x25_,https://starindustry.io,2025-03-17,,
712,Starfall,quiet,Airdrop mini app with continuous rewards,,https://t.me/starfallappbot,,,2024-03-30,,
713,StarLoot,quiet,Explore deep space,,https://t.me/StarLootGame_bot,,,2025-12,,
714,Stride Lite,quiet,Track your steps and earn money staying fit!,,https://t.me/stridelitebot,,,2025-03-08,180166,
715,Strike Airdrop,quiet,Strike coin airdrop bot,,https://t.me/strikecoinairdropbot,,,2024-10-06,,
716,Supermeow,quiet,,,https://t.me/supermeow_vip_bot,,,2024-05-21,1201419,
717,Swipe Quest Pixel,quiet,An entertaining game genre,,https://t.me/swipe_quest_bot,https://x.com/swipe_quest,https://s2pixel.fun/,2024-10-17,,
718,Syndicate Miner,quiet,,https://t.me/syndicateminer,https://t.me/syndicate_miner_bot,,,2026-07-17,,
719,Ta-da,quiet,The first data-to-earn on Telegram Perform simple tasks and earn $TADA,,https://t.me/tada_ai_bot,,,2025-01-12,148966,
720,Tap Lords,quiet,"Idle MMO gacha game in Telegram. PvP battles, PvE raids Partnership",,https://t.me/taplordsbot,,,2026-06-29,,
721,Tap Miner,quiet,Tap mining bot on Telegram,,https://t.me/tapminerapp_bot,,,2026-02-13,,
722,TapTopia,quiet,"TapTopia is a casual, tap-based battle game where players grow their character by tapping, fighting, and collecting cards",https://t.me/taptopia_io,https://t.me/taptopiaio_bot,https://x.com/taptopia_io,https://www.taptopia.io/,2026-01-19,152819,
723,TaskGo,quiet,Регламент на вывод 48 ч,https://t.me/taskgo_channle,https://t.me/taskgo_task_bot,,,2026-07-15,,
724,Tegen Tap,quiet,Discount crypto seller up to 15% discount,https://t.me/tmail_ton,https://t.me/tegentap_bot,https://x.com/TegenTap,https://tmail.ae/,2024-11-20,,
725,Telo Miner,quiet,Mining bot with DAO economy,,https://t.me/telominerbot,,,2025-01-15,,
726,TG Miner,quiet,TG Miner - майнинг нового поколения прямо в Вашем кармане!,,https://t.me/minerintg_bot,,,,,
727,TGR Boost,quiet,TGR Boost is a bot for earning tokens through actions in the Tegro ecosystem,https://t.me/toncorp,https://t.me/tegrotonbot,https://x.com/tgrtoken,https://tegro.money,2021-11-30,101997,
728,The Sparky,quiet,,,https://t.me/SparkyGameBot,https://x.com/TheSparkyVerse,https://www.sparky.zone/,2025-12,51742,
729,The Treasury,quiet,,,https://t.me/ownershipcoinbot,https://x.com/ownershipcoin,https://ownershipcoin.com,2023-01-30,17124,
730,Thor Network,quiet,"Mine $THOR, the native coin of Thor Network Blockchain, by earning $BOLT",,https://t.me/thormine_bot,,,,,
731,TIGER DROP,quiet,Mining mini app giving token rewards,,https://t.me/tiger_drop_bot,,,2024-04-10,,
732,Tilda,quiet,Tilda is an all-in-one mining app that makes earning fun and rewarding,https://t.me/TildaApp,https://t.me/TildaAppBot,,,2025-07,,
733,Tmail: Merge & Dig,quiet,Mine. Compete. Win in the TMail universe,,https://t.me/tmailgamebot,,,2026-09-18,,
734,To the MOO,quiet,"To the MOO is where Telegram’s mass adoption meets Bitcoin, letting users farm their first Bitcoin through gamified rewards, strategy, and social engagement",,https://t.me/tothemoo_bot,https://x.com/TothemooFarm,https://landing.tothemoo.farm/,2024-12-04,,
735,Token Carnival,quiet,"Airdrop game bot paying out TON, USDT and NOT",,https://t.me/tokencarnivalbot,,,2025-03-15,,
736,Token Lis,quiet,Открой мини-приложение: кнопка в меню или,,https://t.me/tokenlisbot,,,2025-10-12,,
737,TokenXGames,quiet,Welcome to TokenXGames - Play & Earn Rewards!,https://t.me/tokenxgames,https://t.me/TokenXGamesBot,https://x.com/Tokenxgames,https://tokenxgames.com,2026-06-17,,
738,TOM,quiet,TOM isn’t just another community or mini app; it’s a movement to unlock opportunities and break barriers,https://t.me/TOM_Talent,https://t.me/tom_mainnet_bot,https://x.com/TalentOriginM,https://x.com/TalentOriginM,2024-11-26,19686,
739,TON Click Bot,quiet,,,,,,2018-06-13,,
740,TON Click Bot,quiet,frequently asked questions,https://t.me/TONClickFAQ,https://t.me/TonClickRobot,,,2022-02-22,,
741,TON Dropy,quiet,Telegram tap and mining mini app with an airdrop,,https://t.me/tondropy_bot,,,2025-12-05,,
742,TON Factory,quiet,Mini app for tasks and TON rewards,,https://t.me/ton_factory_farm_bot,,,2024-09-24,,
743,TON Faucet,quiet,We’ve launched a unique bot that lets you earn real money just by watching ads and withdrawing funds!,,https://t.me/TonFaucetCryptoBot,,,2025-01,,
744,Ton Ferma,quiet,Farm game in Telegram,,https://t.me/tonfermagamebot,,,2026-02-16,,
745,Ton Miner Gold,quiet,,,https://t.me/tongoldminerbot,https://x.com/TonMinerGold,https://tonminer.co/,2024-06-26,,
746,TON Mining,quiet,,,https://t.me/tonminingn1_bot,,,2024-05-08,,
747,TON NEWS,quiet,,https://t.me/tonnewsio,https://t.me/beecon_bot,https://x.com/TonAirdropChat,,2021-10-09,240866,
748,TON Teleport,quiet,,,https://t.me/tonteleportbot,,,2025-07,,
749,Ton Titan,quiet,Unleash your inner hero with the Titan app!,,https://t.me/TonTitanBot,https://x.com/thetontitan,https://tontitan.com/,2024-05,,
750,Ton Ton Coin,quiet,"For the purpose of obtaining efficient and practical earnings By accessing the game through the Telegram application, you can enjoy an entertaining experience a",,https://t.me/TonTonCoinBot,,https://www.ttcoin.online/,2024-09-28,,
751,TonFi,quiet,Mine-to-earn app on Telegram,,https://t.me/tonfiapp_bot,,,2024-10-23,780470,
752,TONGold,quiet,Web3 earning mini app,,https://t.me/ton_goldbot,,,2025-07-07,,
753,Tonium,quiet,Announcements channel of the Tonium Telegram app,https://t.me/tonium_news,https://t.me/tonium_app_bot,,,2024-10-25,,
754,TONKOFF,quiet,Farming and airdrop bot for the TONKOFF token,,https://t.me/tonkoff_v1_bot,,,2024-06-26,,
755,TONOW,quiet,Task-based earning mini app on TON,,https://t.me/tofarms_bot,,,2026-01-19,,
756,TonRun Miner,quiet,Bot for mining TON with hashrate upgrades,,https://t.me/tonrunn_bot,,,2026-02-12,,
757,TONTurbobot,quiet,,,,https://x.com/tonturbo_app,,2024-08-15,,
758,TONVEX,quiet,Mining system app on TON,https://t.me/tonvex_mining,,,,2024-09-21,,
759,TONxDAO,quiet,Play-and-earn mini app with DAO tokens,,https://t.me/tonxdao_bot,,,2024-05-22,8896615,2024-11-09
760,TradyFi,quiet,"TradyFi is a Web3 SuperApp built on the TON blockchain, merging three powerful utilities — Prop Trading, Skill-based Gaming, and Tokenized Real Estate — inside",https://t.me/TradyFiCC,https://t.me/tradyfi_token_bot,https://x.com/tradyfi_TDF,https://www.tradyfi.io,2025-09,93456,
761,TreeTon Token,quiet,Telegram tap and mining mini app with an airdrop,,https://t.me/treetontoken_bot,,,2024-12-13,32798,
762,Trigo,quiet,Experience the future of crypto management with RIGO A Product of Trigo,,https://t.me/trigoairdrop_bot,,,2025-01-27,6298,
763,TrumpCoin,quiet,Build your own cryptocurrency empire!,,https://t.me/ustrumpcoinbot,,,,,
764,trumpcoin_bot,quiet,Telegram tap and mining mini app with an airdrop,,https://t.me/great_trump_bot,,,2024-08-13,22600,
765,UECoin Miner Bot,quiet,"UE Coin, the official platform coin of UEEx exchange ranked in the top 100 on CMC",,https://t.me/ueex_miner_bot,,,2024-07-25,,
766,UniCoinApp,quiet,"Join the UniCoin crypto community now, this will be an explosive project!",,https://t.me/unicoinapp_bot,,,2025-03-03,151266,
767,UNU,quiet,Bot for earning by simple Telegram tasks,,https://t.me/unu_work_bot,,,2024-04-21,74714,
768,Vault Miner,quiet,Mine $Gram & Earn 10% Daily,https://t.me/vaultminernews,https://t.me/vaultminingbot,,,2026-06-27,,
769,Versus,quiet,Versus is a gaming ecosystem that unites players and enables on-chain wagering in their favorite games,https://t.me/versus_community,https://t.me/versus_app_bot,https://x.com/0xVersus,https://versus.app/,2025-05-07,59655,
770,VERY Coin Tree,quiet,Tap and Earn VERY Coins!,,https://t.me/verynetwork_bot,,,2024-10-03,139152,
771,Vetka,quiet,"Enough bending your back at the factory for a branch! Drocheslav, the main character of our new P2E game, thought so too!",https://t.me/vetka_announcement,https://t.me/VetkaTON_bot,https://x.com/VetkaTon,https://x.com/VetkaTon,2024-11-01,,
772,VibeCoin,quiet,VibeCoin MiniApp is a play-to-earn game where you mine to earn $VBC tokens and unlock exciting rewards!,,,https://x.com/VibeCrackers,https://vibeminiapp.online,2024-10,,
773,Vice City Frog,quiet,Tap-to-earn crime empire game on Telegram,,https://t.me/AetherFrogViceCityBot,https://x.com/ViceCityFrog,https://frogstarsgames.com,2025-12,,
774,VOW TO EARN,quiet,VOW TO EARN is a Telegram Mini App built around action-to-earn and proof-to-earn mechanics,https://t.me/vow_crypto,https://t.me/vow_to_earn_bot,https://x.com/vowtoearn,https://crypto.vowapp.space,2026-04,,
775,Warcraft Miner,quiet,,https://t.me/warcraftofficialchannel,https://t.me/warcraft_miner_bot,,,2026-08-11,,
776,WatBird,quiet,GAMEE mini app; the $WAT token on TON,https://t.me/watbird,,https://x.com/watbird,,2024-06-04,,2024-07-02
777,web3islands,quiet,"Web3Islands – a vibe-first, relaxing virtual city where citizens tap and complete quests to earn virtual real estate in a shared world, take part in mayor elect",https://t.me/web3islands,https://t.me/web3islands_bot,,,2025-12-15,,
778,Whale App,quiet,Welcome to Whale by Wirex!,,https://t.me/thewhaleappbot,,,2024-07-09,362326,
779,Wild Ecosystem,quiet,Wild Ecosystem — the next-generation digital ecosystem,https://t.me/wild_ec0system,,,,,,
780,WorkMoney,quiet,Task bot for earning,,https://t.me/work2moneybot,,,2023-10-31,,
781,Wow,quiet,WOW Bot is the ultimate play-to-earn platform where your skills turn into real rewards!,,https://t.me/Wowairdropbot,https://x.com/wowCommunityX,https://thewarriorofwealth.com/,2024-12-06,,
782,X Empire (X),quiet,,,,https://x.com/xempiregame,https://xempire.io,2024-10-11,,
783,X-ATOMS,quiet,"Discover XATOMS, the guitar-strumming game where you earn daily rewards while shaping the future of music",,,,https://xatoms.xyz/,2024-05,,
784,XD2048,quiet,"We are thrilled to introduce XD2048, a revolutionary P2E game that transforms how you play 2048 with friends on Telegram, featuring an airdrop of the XD2048 Tok",,https://t.me/XD2048BOT,,https://xd2048.com,2024-07,,
785,YogaFerma AUM,quiet,Farm project with AUM token,https://t.me/crypto_aum,,,,2025-10-03,,
786,Yoly,quiet,Mini app for earning money inside Telegram,,https://t.me/yolygame_bot,,,2024-11-22,691182,
787,YOUR TIME App,quiet,The official mining bot for the Your Time project!,https://t.me/yourtime_tma,https://t.me/yourstimebot,,,2026-06-17,,
788,YumParty,quiet,"In a world of candy and sweetness, collect candies through quests and daily challenges",https://t.me/yumparty_chat,https://t.me/yumparty_bot,https://x.com/theyumparty,https://yumparty.com,2024-08-10,1284307,
789,Zavod,quiet,,,https://t.me/nazavodappbot,,,2026-06-13,,
790,Zeusnet Miner,quiet,Official TG bot connected to Android,,https://t.me/zeusnet_app_bot,,,2024-11-24,22343,
791,Криптохалва,quiet,,https://t.me/beetonchat,https://t.me/beeton_kriptohalva_bot,,,2024-01-04,19074,
792,Biz Tycoon,quiet,"Introducing Biz Tycoon A casual play-to-earn blockchain game on Telegram powered by TON where you build your business empire, earn rewards, and gain exclusive",https://t.me/biz_tycoon,https://t.me/biztycoon_bot,https://x.com/BizTycoonGame,https://intriguing-wax-2a9.notion.site/Biz-Tycoon-Roadmap-14cb58a6b2a3803dab6dc08b9a6c56de?pvs=73,2024-12-10,,
793,KriptoMir,quiet,"A game dedicated to the creation of our Crypto World, in which we will be able to farm our own coin",https://t.me/kriptofarmers,https://t.me/kriptofarmbot,https://x.com/kriptomir2024,,2024-05-31,2450,
794,DexCoyote Legends,quiet,DexCoyote Legends is a new generation crypto game on the TON blockchain-network,https://t.me/dexcoyote,,,https://dclgame.com,2026-06-09,,
795,HOT Drops,quiet,Reward drops for the HOT wallet and protocol,https://t.me/drops_on_hot,,,,2024-03-15,,
796,Slimak Adventures,quiet,The adventures of a little snail begin right now!,https://t.me/slimak_official,,,https://slimak-world.ton,2025-03-26,,
797,Goat Gaming,quiet,,https://t.me/playgoatgaming,https://t.me/goatgaming_bot,https://x.com/playgoatgaming,https://goatgaming.com/,2026-06-14,,
798,Other Worlds TON,quiet,"Welcome to ""Other Worlds"", an immersive dark fantasy game that merges blockchain technology with rich storytelling and strategic gameplay",https://t.me/otherworlds_club,https://t.me/OtherWorldsTONbot,https://x.com/otherworlds_ton,https://other-worlds.io/,2022-03-31,,
799,Dino Tycoon,quiet,"Build, Manage & Earn in Dino Tycoon!",https://t.me/DinoTycoon_Announcement,https://t.me/DinoTycoon_Bot,https://x.com/dino_tycoon,https://Dinotycoon.io,2021-11-18,560113,
800,DropHunter Game.,quiet,DropHunter: Play and Earn with Ease!,https://t.me/drophunter_games,https://t.me/drophuntergames_bot,https://x.com/drophuntergames,https://drophunter.games,2024-04-21,365932,
801,SweetyVerse,quiet,"SweetyVerse Play, Earn, Airdrop in an Adorable Animal City Discover the Ultimate Cute Gaming Experience and Earn Rewards",https://t.me/sweetyverse_official,https://t.me/sweetyverse_bot,https://x.com/sweetyverse,https://sweetyverse.com/,2024-06-23,,
802,ERAX,quiet,,https://t.me/THE_ERAXCoin,https://t.me/the_eraxbot,https://x.com/Real_ERAX,https://erax-reward.pp.ua,2024-10-12,149063,
803,Helmets,quiet,"In Helmets, you embark on an exciting journey where you can collect points by completing a variety of tasks, upgrading your production, and inviting your friend",https://t.me/tonhelmets,https://t.me/helmetsbot,,https://getgems.io/helmets,2024-05-03,,
804,AIHash,quiet,AIHash is mining based game,https://t.me/aihashoffcial,https://t.me/ai_hash_bot,https://x.com/AIHashOfficial,,2025-01-23,,
805,Vertus (VERT),quiet,Official channel of Vertus,https://t.me/the_vertus,,https://x.com/the_vertus,https://x.com/the_vertus,2025-01-07,,2025-06-30
806,NokNok,quiet,The game operates on a seasonal model,https://t.me/NokNokOfficial,https://t.me/tonnokbot,https://x.com/TonNok_AI,https://twitter.com/TonNok_AI,2024-06-14,23571,
807,TAP TON GAME,quiet,TAP TON is a free play to earn game on TON,https://t.me/TapTonGame,https://t.me/Taptongamebot,https://x.com/TonBatGame,https://taptongame.com,2024-06-05,,
808,PIGCoin,quiet,PIGCoin is the newest swipe-to-earn game,https://t.me/AIPIG_Coin,https://t.me/PIGCoinAI_bot,https://x.com/PIGCoinAI,https://pigcoin.sunrisebeet.top/home/,2024-06-05,234150,
809,TON HUNT,quiet,Game with passive yield,https://t.me/tonhunt_channel,https://t.me/tonhunt_robot,,,2026-03-04,,
810,Token Tails,quiet,"Token Tails is a Web3 Play to Save game, where every player can own NFT cat linked with a real cat in a shelter",https://t.me/tokentails,https://t.me/catbassadorsbot,https://x.com/tokentails,https://tokentails.com,2024-03-18,15089,
811,fomo_hash,quiet,Phone mining mini app,https://t.me/fomohash,https://t.me/fomohash_bot,,,2024-05-26,,
812,Crocodillo Rewardillo,quiet,Rewards project community,https://t.me/crocodilreward,,,,2025-05-07,,
813,Venus World Survival,quiet,Venus World Survival - the first-ever Tap2Earn survival game!,https://t.me/VenusWS,https://t.me/VenusWSBot,https://x.com/VenusSurvival,https://venus.ws,2024-11-30,,
814,Mucca,quiet,"Mucca — a Telegram Mini App on TON where you mine $MUU, claim & customize land, spin the Wheel, join the Lottery, complete tasks, and win weekly land rewards",https://t.me/muccaofficial,https://t.me/MuccaAppBot,https://x.com/MuccaApp,https://mucca.app,2025-05-31,,
815,BrainsCoin,quiet,Brainscoin is a web application in Telegram that allows users to spend time in an interesting and useful way,https://t.me/brainscoin,https://t.me/brainscoin_bot,https://x.com/brainscoin_off,https://brainsco.in,2024-05-15,166250,
816,Fananas,quiet,"Fananas is the first-ever Play-to-Earn, Compete-to-Earn Big platform featuring intuitive and rewarding mini-games on Telegram",https://t.me/fananas_official,https://t.me/fananas_game_bot,https://x.com/FananasOfficial,https://ton.fananas.world,2024-12-12,934944,
817,Ai Angels,quiet,"AI Angels is the hottest viral tap-to-earn game on Telegram, blending AI-powered characters with addictive gameplay and real crypto rewards",https://t.me/ai_angels_news,,https://x.com/AI_Angels_Game,https://www.aiangels.io/,2025-06-21,,
818,Goblin Mine Game,quiet,"Goblin Mine is an economic game where your mission is to develop mines, hire miners, go on expeditions, compete with other miners and collect coins",https://t.me/GoblinMine,https://t.me/GoblinMine_bot,https://x.com/goblin_mine,https://goblinmine.game/,2024-07-11,2084194,
819,Goblin’s Garage,quiet,Introducing a new game in the Goblin ecosystem: Goblin’s Garage Goblin’s Garage is an economic strategy game where you transform heaps of scrap into legendary,https://t.me/GoblinMine,,https://x.com/goblin_mine,https://goblins-garage.com/,2024-10-02,,
820,Bounty Hash,quiet,Mining mini app with BNTY rewards on TON,https://t.me/bountyhash,https://t.me/bounty_hash_bot,https://x.com/bounty_hash,https://bountyhash.io,2025-02-01,,
821,Singularity Shift,quiet,Singularity Shift is a hardcore cyberpunk clicker where players act as system operators trying to prevent global Entropy,https://t.me/Singularity_Shift,https://t.me/Crystal_Clicker_bot,,https://singularityshift.ru/,2025-12-16,31,
822,Grand Gangsta City,quiet,The World Of Gangsta!,https://t.me/GrandGangstaCityAnnouncement,https://t.me/GGCTON_Bot,https://x.com/grandgangstaci,https://grandgangstacity.com/,2024-01-31,,
823,30sec CASUAL,quiet,We are building the world's best advertising media for spreading brands,https://t.me/info30sec,https://t.me/casual30sec_bot,https://x.com/30sec_yet,https://30sec.net/,2023-06-02,,
824,Hamster Kombat (HMSTR),quiet,,https://t.me/hamster_kombat,,https://x.com/hamster_kombat,https://hamster.network,2024-09-22,,2024-05-10
825,Memhash (MEMHASH),quiet,,https://t.me/memhash,https://t.me/memhash_bot,https://x.com/memhash_app,https://memhash.org,2025-02-13,2175432,2024-11-06
826,Symptomify App,quiet,An innovative platform using CNN-based AI technology to enhance engagement and create a data-driven ecosystem,https://t.me/symptomify,https://t.me/symptomify_bot,https://x.com/symptomify,https://www.symptomify.io,2024-11-21,,
827,Hype Fisher,quiet,"Catch fish, earn TON!",https://t.me/HypeFisher,https://t.me/hype_fisher_bot,https://x.com/HypeFisherGame,https://hypefisher.com,2024-06-21,,
828,VOXEL,quiet,"Collect NFT 3D models and sell them to other users Earn $VOXL and exchange it for $TON Take first place on the leaderboard for 15,000 $TON Battle with",https://t.me/voxelplay,https://t.me/voxel_verse_bot,https://x.com/VOXELVerseApp,,2024-10-20,,
829,NetFishion,quiet,"NetFishion — Bringing GameFi Fun to Your Fingertips As a TON-based GameFi project, NetFishion combines play, earn, and community in a vibrant ocean world",https://t.me/NetFishionchannel,https://t.me/PreNetfishionbot,https://x.com/NetFishion,https://netfishion.online/,2025-03-19,182971,
830,Drifterz,quiet,"Drifterz is a unique racing game in Telegram, where your drifting skills can make you a champion with the support of Blockchain Sport",https://t.me/Drifterz_channel,https://t.me/drifterz_bot,https://x.com/drifterz_,https://drifterz.app/,2024-09-17,,
831,1win Token,quiet,"1win Token is not just a clicker, it is part of an entire ecosystem",https://t.me/token1win_bot,https://t.me/token1win_bot,https://x.com/1winToken,https://1wintoken.com/,2024-04-04,,
832,Mumba Games,quiet,"Game hub of mini-games from mumba, which combines 12 games, for top games in which people receive rewards in TON",https://t.me/mumbatonofficial,,https://x.com/mumba_ton,,2024-02-02,,
833,Mumba TaskBot,quiet,Official Channel of the Mumba Token,https://t.me/mumbatonofficial,,https://x.com/mumba_ton,https://teletype.in/@mumba/taskbot,2024-02-02,,
834,Ton's Monsters,quiet,"As soon as you launch the Mini App, you will unlock your first monster and points",https://t.me/TonsMonsters,https://t.me/TonsMonstersBot,https://x.com/TonsMonsters,https://revomon.io/,2024-07-17,,
835,Voscoin,quiet,Join Voscoin today and experience the excitement of cryptocurrency mining while earning and tracking your profits,https://t.me/voscoins,https://t.me/Voscoin_bot,https://x.com/voscoins,,2024-10-18,,
836,Cut & Stack,quiet,CutStack is a simple yet rewarding play-to-earn game where every move matters,https://t.me/StackPlayAnn,https://t.me/CutStackBot,https://x.com/CutStackBot,https://fe-stackgame.onrender.com,2025-02-02,10295,
837,Reality Rush,quiet,,https://t.me/realityrush,https://t.me/realityrush_bot,https://x.com/realityrushgame,https://realitymeta.io/,2024-07-12,585321,
838,Crypto Fox Lab,quiet,This channel has moved to a new location,https://t.me/CryptoFoxLab,https://t.me/cryptofoxlab_bot,,,2025-09-21,,
839,Sphynx,quiet,"Sphynx is a Web3 Mini App on Telegram built on TON blockchain that offers free mining, spinning for powers, and battling other players, all enhanced with with m",https://t.me/sphynxANN,https://t.me/sphynxmeme_bot,https://x.com/sphynx_meme,https://sphynx.meme,2024-04-21,1551091,
840,SpaceFarm,quiet,Discover many planets and build your farm on them to earn coins!,https://t.me/SpaceCryptoFarm,https://t.me/Space_Farm_bot,https://x.com/CrypoSpaceFarm,https://crypto-farm.space/,2024-04-12,1721,
841,Happy Farming,quiet,"Meet Happy Farming Manage your own farm, grow vegetables and fruits, raise animals to get eggs and milk, discover secret locations, and most importantly, earn",https://t.me/happy_farming,https://t.me/HappyFarming_bot,,https://happyfarm.fun,2024-06-20,,
842,Mind Guardians,quiet,Watch out - your negative thoughts are attacking your mind as zombies!,https://t.me/mindunix,https://t.me/mindguardiansbot,https://x.com/unimindx,https://minduniversity.info/,2024-04-12,240355,
843,Pearls by Gems,quiet,Rewards mini app of Gems ecosystem,https://t.me/pearlsdrop,https://t.me/pearls_drop_bot,,,2023-10-09,,
844,SoarFun,quiet,Blockchain mining and trading platform in Telegram based on Ton_blockchain,https://t.me/Soar_Fun,https://t.me/SoarFunTradingBot,https://x.com/soarfuntoken,,2024-07-14,337619,
845,Chick Coop,quiet,Chick Coop is the first game in the Farming Universe on Ton Blockchain,https://t.me/chickcoop_announcement,https://t.me/chickcoopofficial_bot,https://x.com/chickcoop_io,https://Chickcoop.io,2024-02-16,1064240,2024-06-18
846,RiverLand,quiet,Farming game news channel,https://t.me/riverlandgamenews,https://t.me/riverlandgamebot,https://x.com/RiverLand_Game,,2024-08-29,1744927,
847,The Rocket,quiet,Clicker game with ROCKET token on the Toncoin blockchain,https://t.me/the_rocket_official,https://t.me/The_Rocket_bot,https://x.com/the_rocket_x,,2024-03-29,2210058,
848,Predipie,quiet,"Predipie is a halal Web3 Football Prediction game where users can ""predict to earn"" real cash rewards, blending football predictions with gamification",https://t.me/predipie_official_announcements,https://t.me/Predipie_bot,https://x.com/predipie,https://predipie.com,2024-05-13,,
849,GemsWall,quiet,Rewards bot and announcements for Telegram tasks,https://t.me/gemswall,,https://x.com/gems_wall,,2024-10-02,,
850,TapSwapToken (TAPS),quiet,Turn your endless taps into a financial tool,https://t.me/tapswapai,,https://x.com/tapswapai,https://www.tapswap.ai,2025-02-12,,
851,X Empire,quiet,Official X Empire tap game channel,https://t.me/x_empire_holders,,,,2024-07-14,,
852,Мine2Мine (M2M),quiet,Mine2Mine (M2M) is a Mine-to-Earn platform with its utility token ($GPU) and Telegram Mini-App,https://t.me/mine2mine_ru,https://t.me/mine2mine_bot,,https://mine2mine.org,2024-05-20,177645,
853,Real WhiteDogs,quiet,"WhiteDogs is a Telegram-based platform where users can earn rewards through mining, completing daily tasks, and referrals",https://t.me/real_whitedogs,https://t.me/Real_WhiteDogsbot,https://x.com/real_whitedogs,https://whiteDogs.xyz,2024-08-13,,
854,Shiba Empire,quiet,"With Shiba Empire, you can mine coins by tapping on your Shiba workforce",https://t.me/ShibaEmpireChannel,https://t.me/shibaEmpireBot,https://x.com/shiba_empire_,https://shibaempire.co/,2024-09-11,,
855,Neon Maidens Online,quiet,Join the journey to the first P2E PVP jRPG on Telegram,https://t.me/nmotongame,https://t.me/nmogame_bot,https://x.com/neonmaidens,,2024-04-05,,
856,Noxecoin,quiet,Noxecoin is a play to airdrop project where you earn coins by completing tasks and daily activities,https://t.me/noxecoin,https://t.me/noxecoin_bot,https://x.com/noxecoin,https://noxeco.in/,2024-08-05,,
857,My Corp,quiet,Welcome to My Corp!,https://t.me/mycorp_official,https://t.me/mycorpbot,https://x.com/mycorpbot,,2024-07-11,,
858,FEFE FIGHT,quiet,"The game has three modes: ""Random P2P battle, battle against bots, P2P tournaments""",https://t.me/FEFELAND,https://t.me/FllopBot,,,2025-04-11,,
859,Not Shiba,quiet,"Not Shiba is not just a game, it's an opportunity to earn up to $BONES token listing",https://t.me/not_shiba,,https://x.com/Not_Shiba_X,https://notshiba.org,2025-04-11,,
860,Farm Stars,quiet,"Farm Stars is a pioneering game on Telegram, that merges the simplicity of mobile gaming with the power of decentralized technologies, making it easier tha",https://t.me/farm_starss,https://t.me/Farm_stars_bot,https://x.com/farmstarstg,https://stars.farm,2023-01-24,,
861,HODL Button,quiet,HODL Button is a GameFi app where you earn by simply holding a button,https://t.me/Hodl_Button_Game,https://t.me/Hodl_Button_Bot,,https://game.p2p.am,2025-03-16,1006,
862,Bibizean TCG,quiet,"The ""Bibizean"" project is a collectible card game focused on gathering unique cards with distinct attributes and integrating NFT technology",https://t.me/bibizeancoin,https://t.me/BibizeanTCGbot,https://x.com/bibizean,https://bibizean.fun/,2025-04-06,,
863,Game Launcher,quiet,"Hello, nice to meet you!",https://t.me/game_launcher_news,https://t.me/game_launcher_bot,,https://gamelauncher.xyz,2024-10-01,,
864,T88 mini app,quiet,"T88: A New Twist in Meme Coins T88 is an innovative meme coin inspired by Andrew Tate, using a clicker game for token mining",https://t.me/T88_WTF,https://t.me/T88_WTF_BOT,https://x.com/T88_WTF,https://linktr.ee/T88coin,2024-09-11,,
865,Jungle Gaming,quiet,"Jungle Gaming is a Telegram Mini App where players can explore games, complete expeditions, activate boosts, compete in tournaments and earn rewards",https://t.me/JungleGaming_Chat,https://t.me/JungleGamingBot,https://x.com/JungleGamingCom,https://junglegaming.com/,2025-04-03,,
866,SORATOPIA,quiet,"SORATOPIA is a vibrant Telegram game where players explore, complete quests, and earn rewards",https://t.me/soratopia_announcements,https://t.me/soratopia_bot,https://x.com/soratopia_game,,2024-06-19,,
867,Bit Billionaire,quiet,Welcome to Bit Billionaire!,https://t.me/BitBillionaireGameAnn,https://t.me/bitbillionairebot,https://x.com/BitBillionaire_,,2024-10-20,386746,
868,Apiary,quiet,Visit accessible finance in your pocket,https://t.me/apiaryFinance,https://t.me/ApiaryFinanceBot,https://x.com/SyrupalOfficial,https://www.syrupal.com/,2024-09-09,,
869,QTON,quiet,Quest-based onboarding mini app on TON,https://t.me/qtonxyz,https://t.me/qtonxyz_bot,,,2024-09-16,,
870,LizArts,quiet,"LizArts is a universe where an army of powerful fighting lizards, survivors of humanity’s devastating war with artificial intelligence, are fighting to revive",https://t.me/Lizarts_Nation,https://t.me/lizartsworld_bot,,https://lizartsworld.com/,2024-04-21,392863,
871,Piston Hub,quiet,"Combining mining games, entertainment communities, and the characteristics of meme coins to build a dynamic Tap-to-earn ecosystem PISTON is going to build a glo",https://t.me/PISTON_Announcements,https://t.me/piston_hub_bot,https://x.com/thepistonhub,https://piston.live/,2024-07-22,,
872,Racing TON,quiet,Racing TON is an exhilarating animal racing game on the Telegram mini-apps,https://t.me/Racing_TON,,https://x.com/RacingonTON,https://racington.tongram.app/,2024-10-14,,
873,CAP,quiet,Task and rewards app in Telegram,https://t.me/mycap_official,https://t.me/mycap_bot,,,2023-08-12,76402,
874,Space Birds,quiet,Space Bird is a play-to-earn game where you guide a bird soaring to conquer the cosmos!,https://t.me/space_birds_game,https://t.me/Space_birds_bot,https://x.com/SpaceBirds_Game,https://space-birds.com/,2024-06-18,,
875,Bank Miner WBT,quiet,Bank Miner WBT is a mobile app that allows you to mine $WBT tokens right on your phone!,https://t.me/GirlsClubWBT,https://t.me/MinerWBTbot,https://x.com/GirlsClubWBT,https://minerwbt.cc,2024-11-09,,
876,Crypto Colonies,quiet,Colonize & Conquer!,https://t.me/crypto_colonies,https://t.me/cryptocolonies_bot,https://x.com/CryptoColoniesX,https://cryptocolonies.io/,2025-02-03,1656,
877,MUDUCK.IO,quiet,"MuDuck is cross-chain crypto project that bridges the power and scalability of the TON, Solana, and TRX blockchains",https://t.me/muduck_io,https://t.me/muduckio_bot,https://x.com/muduck_io,https://muduck.io,2024-07-16,73245,
878,ArteFarm,quiet,"ArteFarm is a Telegram-based Tap2Earn Farming Game Tap to seed, water, harvest, and earn coins",https://t.me/artefarm_game,https://t.me/artefarm_bot,https://x.com/artefarm,,2024-06-29,,
879,Petoshi,quiet,"Merge your Telegram usage with blockchain through Petoshi, a Tap to Earn that gamifies your social experience while rewarding you with crypto",https://t.me/petoshiclub,,https://x.com/Petoshi_Blast,https://petoshi.io/,2024-06-01,,
880,BuxHub App,quiet,We are also tired of endless clickers and so we've decided to create something special - a space that would be useful and beneficial to everyone,https://t.me/bux_hub,https://t.me/buxhub_bot,https://x.com/buxhub_team,,2024-08-16,,
881,Monsterz,quiet,"Monsterz In is a thrilling Web3 gaming experience where players earn tokens, upgrade monsters, and compete in fast-paced clicker challenges",https://t.me/monsterz_in,https://t.me/monsterzin_bot,https://x.com/monsterz_in,https://monsterz.in,2024-06-09,70021,
882,notreal,quiet,A Telegram Mini App that combines an automatic point-farming system with a circle-drawing minigame,https://t.me/notrealcommunity,https://t.me/ntrcrypto_bot,https://x.com/notrealapp,,2024-09-24,,
883,Panda Gold Miner,quiet,Panda Gold Miner is a T2E mini-game on Telegram that takes you on an evolution journey: from a novice miner to a true mining legend,https://t.me/pandagoldminer,https://t.me/pandagoldminer_bot,https://x.com/pandagoldminer,https://pandagoldminer.io,2024-11-02,,
884,TradeUpDown,quiet,Welcome to TradeUpDown Web3 Game!,https://t.me/tradeupdown_com,,,https://tradeupdown.com,2024-04-25,,
885,Happy Llama,quiet,Earn $HAPPY tokens by grazing your virtual llama,https://t.me/happy_llama_news,https://t.me/HappyLlamaBot,https://x.com/HappyLlamaGame,https://happyllama.farm,2024-07-11,13163,
886,Piloton,quiet,"About Piloton Start with a free plane on your central runway and build an air force full of luxury planes, spaceships, and aircraft!",https://t.me/pilotongame,https://t.me/pilotongamebot,https://x.com/pilotongame,https://piloton.io/,2024-05-21,,
887,Alien Mine ($ALEN),quiet,Embark on an intergalactic adventure as you assemble your team of cosmic explorers,https://t.me/alienminep2e,https://t.me/AlienMineBot,https://x.com/AlienMine_P2E,https://alienmine.io/,2025-01-02,,
888,RetoLabs,quiet,Your all-in-one Web3 entertainment hub on Telegram!,https://t.me/RetoLabs,https://t.me/RETOLabsBot,https://x.com/retolabs,https://retolabs.com,2025-01-17,,
889,Money Craft,quiet,Become the architect of a fairytale kingdom in 3D pixel style!,https://t.me/money_craft_news,https://t.me/money_craft_game_bot,,,2024-06-23,16981,
890,VOLTUM,quiet,VOLTUM is a new era of games based on the principles of fair competition and player versus many players confrontations!,https://t.me/voltum_game,https://t.me/Voltum_bot,https://x.com/Volrum_official,https://voltum.cc/,2024-06-21,94661,
891,Cupiee Mini,quiet,"Cupiee: Relax, Earn, and Nurture Your AI Pet Cupiee is the first Telegram application powered by EmotionAI, offering a unique blend of relaxation, entertainment",https://t.me/cupiee_officialANN,https://t.me/cupiee_bot,https://x.com/Cupiee_official,https://cupiee.com/,2023-09-14,5845,
892,TapTap,quiet,"Backed by iMe, Crypto Messenger App with 1 Million+ Users",https://t.me/taptap_official,https://t.me/taptapcore_bot,https://x.com/taptap_bot,https://taptap.bot,2024-06-05,,
893,Rooster Fights,quiet,Rooster Fights is a captivating mobile Web3 game that combines auto-battler gameplay with the strategic depth of rock-paper-scissors mechanics,https://t.me/rooster_fights_game,https://t.me/rooster_fights_bot,https://x.com/rooster_fights,https://marketplace.roosterfights.com,2023-10-23,,
894,FishMeme,quiet,FishMeme is building a next-level blockchain Web3 platform!,https://t.me/FishMemeOfficial,https://t.me/fishmeme_bot,https://x.com/FishMemeCoin,,2024-06-16,739944,
895,Bahne AI,quiet,More than just a tap-tap game,https://t.me/bahneai,https://t.me/BahneAIBot,https://x.com/bahne_ai,https://bahne.ai,2024-10-18,1458560,
896,Shiok,quiet,"Shiok brings a thrilling tower defense experience to the Telegram ecosystem, immersing players in a gritty, zombie-infested setting where the stakes are high",https://t.me/shiok_ann,https://t.me/the_shiok_bot,https://x.com/shiok_fun,https://shiok.fun/,2024-08-01,16642,
897,AAO,quiet,"All At Once (AAO) - The First Battle To Earn On Web3 Game AAO Game delivers exhilarating real-time card battles, captivating gameplay, and breathtaking Web3 gra",https://t.me/AAO_Game,,https://x.com/AAO_Game,https://aao.game,2024-05-17,,
898,GoldenBillionGame,quiet,GBG is a platform for monetizing your attention,https://t.me/GoldenBillionGame,https://t.me/goldenbilliongame_bot,,https://www.goldenbilliongame.com,2024-03-18,,
899,Bacoin Farm,quiet,"Welcome to the world of Bacoin, where you start from scratch to build your own farm empire",https://t.me/bacoin_community,https://t.me/bacoin_bot,https://x.com/the_bacoin,,2024-06-20,,
900,HELL RØLL,quiet,,https://t.me/hellrollgg,https://t.me/hell_roll_bot,https://x.com/hellrollgg,,2024-10-06,,
901,MythNum,quiet,How beautiful and perfect your ID is Let MythNum help you find out!,https://t.me/myth_num,https://t.me/myth_num_bot,https://x.com/myth_num,https://mythnum.one/,2024-09-20,,
902,Cryston,quiet,Cryston is a free-to-play game on Telegram where you take on the role of a talented miner exploring the mysterious land of Cryston,https://t.me/CrystonAnn,https://t.me/crystonappbot,https://x.com/cryston_app,https://cryston.app,2024-08-12,25921,
903,Make Frens,quiet,Quest-based earning app paying USDT and tokens,https://t.me/makefrens_channel,https://t.me/makefrens_bot,,,2024-08-08,290713,
904,Dragons House,quiet,Start Mining $DHT by unlocking Dragon's Boxes that are packed with exciting rewards!,https://t.me/dragonshousecrypto,https://t.me/dragonshouse_bot,https://x.com/DragonsHouseBot,,2024-08-26,,
905,Smart Mouse,quiet,Smart Mouse is a Tap2Earn puzzle game (similar to Mastermind) where you train your brain and compete for an Airdrop divided into four categories: Tapping - o,https://t.me/smartmousenews,https://t.me/SmartMouseGameBot,https://x.com/SmartMouseIo,https://smartmouse.io/,2024-09-24,122110,
906,BlueChain,quiet,The BlueChain airdrop is a way for early adopters to earn a share of BlueChain tokens before they are listed on major exchanges,https://t.me/bluechainch,https://t.me/bluechainbot,https://x.com/bluechaintorg,,2024-10-19,,
907,PRETON DROP,quiet,,https://t.me/preton,https://t.me/preton_drop_bot,https://x.com/preton_official,,2024-04-27,,
908,Crypto Mason Game,quiet,A TON token mining game in Telegram,https://t.me/cryptomasonsru,https://t.me/masson_game_bot,https://x.com/CryptoMasonGame,https://cryptomasonsgame.com,2024-07-04,62628,
909,TON_Monster,quiet,TON Monster A monster-raising game on the TON blockchain where your monsters bring you daily rewards!,https://t.me/Ton_MonsterChannel,,https://x.com/TON_Monster_OF,,2024-10-22,,
910,Capitalist,quiet,,https://t.me/capitalist_web3,https://t.me/wisekeeperbot,https://x.com/capitalistweb3,,2024-10-25,679965,
911,Cosmic Invaders,quiet,"In Cosmic Invaders, players take control of a spaceship tasked with defending the galaxy from waves of alien invaders",https://t.me/CosmicInvadersGame,https://t.me/CosmicInvadersBot,https://x.com/Cosmic_Invaders,https://cosmicinvaders.pro,2024-10-25,,
912,SVEN,quiet,"SVEN is a unique Play And Earn game where you can earn SVEN tokens, as well as TON, for the simplest actions",https://t.me/SvenTon,https://t.me/SvenTon_bot,,,2024-10-23,,
913,Orbiter Vizing,quiet,The First Omni chain Play-to-Earn game powered by Vizing,https://t.me/orbiter_vizing,https://t.me/orbiter_vizing_bot,https://x.com/Vizing_L2,https://www.vizing.com/,2024-10-09,25102,
914,EPIC BATTLE,quiet,Core Gameplay: - Tap-to-Mine - Passive Mining - Collect & Upgrade NFTs - Friends & Squads - Daily & Premium Quests,https://t.me/EpicBattleGame_Announcement,https://t.me/EpicBattleGamebot,https://x.com/EpicBattle_co,https://epicbattle.co/,2024-09-28,,
915,Chicker: Your Chicks,quiet,"Our latest game challenges you to tap on chickens to purchase them, and they will start earning silver for you, even when you're offline",https://t.me/yourchicksgame,https://t.me/yourchicksbot,https://x.com/yourchicksgame,,2024-10-03,,
916,Cat Blades!,quiet,"Choose your hero: unique characters for every taste, each with its own characteristics",https://t.me/Cats_Blades,https://t.me/CatsBladesBot,,,2024-06-08,100207,
917,SACKBIRD,quiet,"Telegram/Ton Ecosystem Pray-to-Earn Mini Game: Pray-2-Earn, no tasks required for players",https://t.me/SackbirdTeam,https://t.me/SackBirdBless_bot,https://x.com/SackBird_O,https://sackbird.vercel.app/,2024-07-10,,
918,Dropshit,quiet,Drop Shit is a unique GameFi project on the TON network,https://t.me/dropshit_official,https://t.me/drop_shit_game_bot,https://x.com/Drop_shit_game,https://dropshit.xyz/,2024-05-14,,
919,TONBAT Miner,quiet,TONBAT $TBAT is new MEME on TON Trending,https://t.me/TonBatNews,https://t.me/TBATMinerBot,https://x.com/TonBatMiner,https://tonbat.com,2024-07-03,,
920,The Five Realms,quiet,"The Five Realms is an open-world AI and GameFi adventure where players explore territories governed by Metal, Wood, Water, Fire, and Earth",https://t.me/TheFiveRealms,https://t.me/TheFiveRealmsBot,https://x.com/thefiverealms,https://fiverealms.ai,2024-07-24,,
921,ClaimMini,quiet,Mining service with airdrop analytics and pre-market bot,https://t.me/claimmini,https://t.me/claimminibot,,,2024-05-22,,
922,Tap To Punch!,quiet,The first tap-to-punch clicker game where you earn coins by tapping to punch bosses in their faces,https://t.me/taptopunch,https://t.me/taptopunch_bot,https://x.com/taptopunchgame,,2024-05-28,23526,
923,upbeat,quiet,,https://t.me/upbeat_community,https://t.me/upbeatapp_bot,,,2024-07-15,,
924,PaniCoin,quiet,How does Time Farm work ?,https://t.me/panic_coin,,https://x.com/panic_coin,https://panicboo.co/,2024-08-02,,
925,Tap Planet,quiet,"""Tap Planet"" is a space clicker game where players explore planets, gather resources, and expand their cosmic empire through tapping",https://t.me/tapplanet,https://t.me/Tapplanet_bot,,,2024-04-10,27176,
926,Games Ether Bot,quiet,Games Ether includes various mini-games for you to participate in and earn jetton tokens,https://t.me/gamesether_news,https://t.me/gamesether_bot,,,2024-06-16,,
927,Rage Battles MMORPG,quiet,"Welcome to the world of Rage Battles — a unique turn-based tactical P2E MMORPG set in an exciting medieval fantasy setting, accessible via Telegram",https://t.me/ragebattles,https://t.me/RageBattlesBot,https://x.com/RageBattles,,2022-01-04,15192,
928,TotalCup,quiet,The Battlefield Of Brains,https://t.me/TotalCup,https://t.me/TotalCupBot,,,2023-07-20,,
929,Mine POO,closed,,,https://t.me/minepoobot,https://x.com/miningpoo,https://godex.fi,2024-03-20,72052,
930,Tap Fantasy,closed,Play to earn and enjoy purrfect feline fun in Tap Fantasy! chat channel：,https://t.me/tapfantasy_announcement,https://t.me/TapFantasyGameBot,https://x.com/tapfantasy2021,https://ton.tapfantasy.io,2022-01-03,98044,
931,Telegram Fights,closed,"""TonCoinGame is a play-to-earn (P2E) game with a money withdrawal feature where players battle against each other",,,,https://toncoingame.ru/,2023-06,,
932,TTCoin,closed,,,,,,2024-09-28,,
933,CookieBitten,closed,A new P2E game based on The Open Network,,,,https://cookietoken.net/,2024-04-13,,
