rank,name,status,description,telegram,bot,x,website,launched,peak_mau,verified_since
1,Dogs,active,A gaming mini app for the $DOGS memecoin with NFTs and tournaments,https://t.me/dogs,https://t.me/dogshouse_bot,https://x.com/realDogsHouse,https://dogs.dev/links,2023-12-01,,2024-10-07
2,CITY Holder,active,CITY Holder Game is a Build-to-Earn game where you build your city in Telegram,https://t.me/city_holder,https://t.me/cityholderbot,https://x.com/City_Holder,https://holder.city/,2024-05-22,,2024-12-02
3,Catizen,active,Catizen is a cat-themed simulation game on Telegram,https://t.me/catizenann,https://t.me/catizenbot,https://x.com/CatizenAI,https://catizen.ai/,2022-03-31,,2024-11-05
4,Gatto,active,Gatto — 3v3 card battle game with pets on TON,https://t.me/gatto_game,https://t.me/gatto_gamebot,https://x.com/Gatto_game,https://gatto.pw/,2023-08-22,1816286,2024-07-17
5,Fomo Fighters,active,"Fomo Fighters is a game where you develop your city, join a clan, and fight in wars",https://t.me/fomo_fighters,https://t.me/fomo_fighters_bot,,https://fomofighters.xyz,2024-05-21,180267,
6,TON Kombat,active,TON Kombat is a Web3 RPG game with elements of strategy and character progression,https://t.me/tonkombatofficial,https://t.me/ton_kombat_bot,https://x.com/TONKombat,https://tokkombat.com/,2024-06-10,,
7,TON Poker,active,TON Poker official channel,https://t.me/tonpokerroom,https://t.me/mytonpokerbot,https://x.com/tonpokerbot,https://tonpoker.online,2023-03-06,2628051,
8,EdChess,active,EdChess is a chess game with the ability to earn $GRAM,https://t.me/edchessss,https://t.me/edchess_bot,https://x.com/join,https://padton.com/,2023-07-25,,
9,Sleepagotchi,active,App for Sleep. Play Sleepagotchi LITE to earn points,https://t.me/sleepagotchi,https://t.me/sleepagotchilite_bot,https://x.com/sleepagotchi,https://sleepagotchi.freshdesk.com/,2022-05-29,1014454,
10,Pixelmania,active,"Find the golden pixel and win 1,000,000 Stars!",https://t.me/pixelmania,https://t.me/pixel_mania_bot,,,2026-09-11,,
11,Pixel World,active,"Pixel game with its own channel and community, sharing a website with Not Pixel.",https://t.me/pixelworld_channel,https://t.me/pixelworld,,,2024-05-21,,
12,Tiny Verse,active,One thing is certain: the great journey of STARSDUST has begun,https://t.me/tvappchannel,https://t.me/tverse,,,2023-12-06,,2025-05-12
13,Not Games,active,NotGames is a gaming profile app with a market for trading items,https://t.me/thenotgames,https://t.me/notgames_bot,https://x.com/playnotgames,https://x.com/notappx,2024-05-25,6055928,
14,Uni Jump,active,Uni Jump is a game in Telegram,https://t.me/unijump,https://t.me/unijump_bot,https://x.com/uni_jump,,2024-03-30,,
15,VOID,active,,https://t.me/voidnothere,,,,2025-02-19,,
16,Punkland,active,"Web3 game where players make, play and earn, with a community chat.",https://t.me/punkland_community,https://t.me/punkland_bot,,,2024-05-08,140282,
17,Trading Wars,active,"Game where players trade real historical crypto charts, climbing a leaderboard and collecting TWARS tokens.",https://t.me/tradingwarscommunity,https://t.me/TradingWars_bot,,https://tradingwars.site/,2025-05-29,,
18,Wigwam Drum Game,active,Drum game with farming and DRUM tokens,https://t.me/wigwam_announcements,https://t.me/drumtap_bot,https://x.com/wigwam_app,https://Wigwam.app,2021-12-28,3099602,
19,MetaRacing Game,active,The first-ever strategic collectible card racing game on blockchain,https://t.me/metaracing,https://t.me/metaracinggame_bot,https://x.com/MetaRacing_io,https://new-game.metaracing.io/docs/wallet,2023-04-12,2340694,
20,TON Planets,active,Economic play-to-earn and move-to-earn strategy game set on Mars.,https://t.me/tonplanets,,,https://tonplanets.com,2022-05-04,,
21,FOLK,active,FOLK is a free indie sandbox MMORPG with survival elements,https://t.me/folklolgame,https://t.me/folklolgame_bot,https://x.com/folklolgame,https://www.folk.lol,2024-03-28,,
22,Chess Zombies project,active,"If you love TBS, RPG or Chess, then you definitely need to play Chess Zombies!",https://t.me/chesszombies,,https://x.com/SHEDEVERstudio,https://chesszombies.fun,2022-09-07,,
23,Duck My Duck,active,"Meme NFT game news channel, Russian",https://t.me/duckmyduck_official_ru,,,https://duckmyduck.com,2024-12-05,,
24,CryptSon,active,Our official Telegram,https://t.me/cryptosonn,https://t.me/cryptson_bot,,,2026-08-25,,
25,Caps,active,Gift caps game community with its own bot,https://t.me/caps,,,,2024-06-13,,2025-01-25
26,FlyMage,active,,,https://t.me/flymage_bot,,,2026-09-15,,
27,Not Pixel,active,Pixel painting game where players paint pixels to collect PX.,https://t.me/notpixel_channel,https://t.me/notpixel,https://x.com/notpixelx,https://notpixel.org,2024-03-16,,2024-11-22
28,Not Pixel (PX),active,mexc.com/exchange/PX_USDT,https://t.me/notpixel_channel,,https://x.com/notpixelx,https://notpixel.org,2025-01-20,,2024-11-22
29,The Hood App,active,Welcome to the Hood Miniapp Contact Support Join,https://t.me/thehood_official,https://t.me/hoodappbot,,,2026-08-02,,
30,Yohi,active,"Welcome to Yohi!!! This is an innovative decentralized social trading platform, you can now get airdrops and USDT in the first phase of our community develop",https://t.me/YohiCrypto,https://t.me/YohiCryptoBot,https://x.com/Yohicrypto,https://yohi.io,2024-11-15,,
31,TON Station (MRSOON),active,Premium Game Distribution TG Platform by Sidus Heroes & SuperVerse,https://t.me/tonstationgames,,https://x.com/TONStationLabs,https://tonstation.app,2024-12-13,,2024-10-01
32,Universe,active,Official channel for the Universe mini-app game Community,https://t.me/universe_main,https://t.me/universe_help_bot,,,2026-03-10,,
33,Garden Guard,active,,,https://t.me/gardenguard_appbot,,,2026-09-20,,
34,Grainlings,active,,,https://t.me/grainlings_bot,,,2026-07-23,,
35,TON Pirates,active,TON Pirates — the harbour is yours,,https://t.me/tonpiratesbot,,,2026-09-03,,
36,Do Not,active,,,https://t.me/nexoraweb3bot,,,2026-09-15,,
37,Gold Fest: The Game,active,,,https://t.me/goldfest,,,2026-06-03,,
38,Monsterland,active,A cozy monster companion on Telegram,,https://t.me/monsterland_bot,,https://playmonsterland.com,2026-07-17,,
39,Cancore Quest,active,,,https://t.me/cancoreglobal_bot,,,2026-08-27,,
40,CryptOrcs,active,,,https://t.me/cryptorcs_bot,,,2026-09-19,,
41,CoffinMeme,active,"CoffinMeme is a mini app for fighting ""shitcoins"" on TON",https://t.me/coffin_en,https://t.me/memecoffin_bot,,https://coffin.meme,2024-05-01,115412,
42,Fishwar,active,Powered by Sei - leading the AI game,https://t.me/Fishwar_io,https://t.me/fishwaroceankingbot,https://x.com/Fishwar_io,https://game.fishwar.tech/,2024-06-20,1107387,
43,TakeRobot,active,Bot from the TonTake charity-and-entertainment crypto organization.,,https://t.me/tontakerobot,,https://tontake.info/,2022-05-10,,
44,TONvsTAKE,active,Browser-based peer-to-peer strategy game from the TonTake project.,,,,https://tontake.info/,2022-05-10,,
45,Pixlands,active,Pixlands is a utility for asset management,https://t.me/pixlands,https://t.me/pixlandsbot,,,2026-03-19,32358,
46,Cherry Craft,active,Fruit-picking game in Telegram.,,https://t.me/cherry_gram_pay_bot,,,2026-08-29,,
47,Tower,active,Channel (RU) - Channel (EN) - Support - Community,https://t.me/tower_ton_ru,https://t.me/towerton_bot,https://x.com/tower_ton,https://tower-ton.com,2024-09-20,,
48,Bird's Empire,active,,https://t.me/birdsempirenews,https://t.me/birdsempirebot,,,2025-09-26,991714,
49,PaidZ,active,,,https://t.me/paldz_bot,,,2026-08-24,,
50,Edge of Empire,active,"A strategy game in Telegram: build a village and defenses, lead the raids yourself. Three-minute live battles",,https://t.me/edgeofempirebot,,,2025-10-15,,
51,Dragonz Land,active,"Step into the world of Dragonz Land, where every card played shapes your destiny At Dragonz Land we’re building a cutting edge Web3 MTG style trading card ga",https://t.me/dragonz_land_announcement,https://t.me/dragonz_land_bot,https://x.com/dragonzlandx,https://www.dragonz.land/,2024-04-21,5908360,
52,MGRMGA World,active,"Game and NFT project with trade, holder and token channels.",https://t.me/mgrmgachannel,https://t.me/mgrmga_bot,https://x.com/mgrmga,,2026-08-07,,
53,Travis Run,active,Official channel of Travis Run Telegram game and TRVS token,https://t.me/travisrunfun,,https://x.com/travisrun_fun,https://travisrun.fun,2026-03-29,,
54,Area,active,Game platform with Stars exchange bot,https://t.me/gamearea,,,,2025-06-26,,
55,Pixel Wars,active,"Pixel strategy: mining, heroes, clans & PvP",https://t.me/pixlws,https://t.me/pxlw_bot,,,2025-10-26,,
56,JASWER,active,JASWER — Your gateway to something bigger,,https://t.me/jaswer_bot,,,2026-08-11,,
57,1ST.GAME,active,"Your favorite crypto entertainment destination — unlock exclusive features, rewards, and endless possibilities",,https://t.me/the1stgamebot,,,2026-10,,
58,Archive,active,Interactive story game where the community decides the plot through choices and predictions.,,https://t.me/durovcapsbot,,,2024-09-20,15552265,2025-02-14
59,Doodle Jump,active,,https://t.me/doodleplaynews,https://t.me/doodleplaybot,,,2026-05-30,120566,
60,Signal,active,,https://t.me/signal2193,https://t.me/signal2193bot,,,2026-04-08,156565,
61,Road Rise,active,"Post-apocalyptic racing, valuable resources and real rewards! BD",,https://t.me/roadrise_bot,,,2026-07-01,,
62,Stray Clash,active,,,https://t.me/strayclash_bot,,,2026-06-29,,
63,Moon Arena,active,"Game where users fight each other in an arena, with English and Russian chats.",https://t.me/moon1service,https://t.me/moongivbot,,,2024-06-03,46439,
64,Fight Me,active,Fighter battle game with news channel,https://t.me/fightme,https://t.me/fightme_gamebot,https://x.com/Fight_Me_Club,https://fight.me,2024-03-30,,
65,Empire Game,active,Get ready for an exciting battle,https://t.me/empiregameapp,https://t.me/empire_gamebot,,,2024-06-03,,
66,CRYPTICO,active,CRYPTICO — a game about trading and character leveling,https://t.me/cryptico_app,,https://x.com/cryptico_app,,2024-10-07,,
67,Gift Caps,active,Channel of the Gift Caps NFT PvP game,https://t.me/giftcapss,https://t.me/giftcapsbot,,,2025-04-15,,
68,SOEX (SOEX),active,"SOEX Gaming Universe is a rapidly growing, skill-based gaming ecosystem",https://t.me/ShelterOfExiles,,,https://shelterofexiles.com,2025-02-27,,
69,SOFT GRAM,active,,,https://t.me/softgrambot,,,2026-09-17,,
70,Rich Text Chess,active,Play chess with a bot using Telegram's revolutionary rich text formatting – also works in groups and channels,,https://t.me/richchessbot,,,2026-08-25,,
71,MEWGRAM BOT,active,,,https://t.me/mewgrambot,,,2026-07-30,,
72,PandaFiT,active,"PandaFiT is a unique Mini App where players collect, upgrade, and own unique collectible attributes in a Web3 ecosystem",https://t.me/pandafit_official,https://t.me/pandafit_bot,,,2025-02-07,,
73,Arcade PXC,active,,https://t.me/arcadepxc,https://t.me/arcadepxcbot,,,2026-06-14,,
74,GRAM PIRATES,active,,,https://t.me/grampiratebot,,,2026-08-12,,
75,iQuizMaster,active,"Seize the chance to grab a million pounds, showcase your strength, and win huge prizes",,https://t.me/iquizmaster_bot,https://x.com/snapsterbot,,2024-03-27,978885,
76,TikTak,active,A collectible game where time works for you. Wind up the clocks! ⏰ Channel Chat,https://t.me/tiktak_clocks,https://t.me/tiktakclocksbot,,,2025-01-15,,
77,Universe,active,Start adventure your Universe! Public,https://t.me/universe_public,https://t.me/universe_mainbot,,,2025-02-20,,
78,TONs of Dungeons,active,Dungeon game in Telegram with its own channel and website.,https://t.me/tonsofdungeons,https://t.me/tonsofdungeons_bot,https://x.com/tonsofdungeons,https://tonsofdungeons.com/,2024-09-06,2247954,
79,Pyramids and Gods,active,,https://t.me/pyramids_and_gods,https://t.me/pyramids_and_gods_bot,,,2026-08-01,,
80,MineEVO,active,"Game bot with in-bot item trading only, not a gambling game and with no withdrawals.",https://t.me/mine_evo_trades,https://t.me/mine_evo_bot,,https://mineevo.com,2023-02-26,,
81,CardHouse,active,"Card game bot with its own bank, channel, chat and support bot.",https://t.me/cardhouseapp,https://t.me/thecardhouse_bot,,,2026-06-30,,
82,Miraclesland,active,"Game with an official channel, themed around the Wheel of Fortune show.",https://t.me/miraclesland1,,,,2025-05-15,,
83,Arena Games,active,"ArenaVS is AI-Powered Platform for Web3 Games , Agents & NFT Marketplace",https://t.me/ArenaGamesNews,https://t.me/arenavsbot,https://x.com/Arenaweb3,https://arenavs.com/,2024-04-16,583476,
84,Life: Zero,active,Start from zero. Make a name,https://t.me/lifezero,https://t.me/lifezero_bot,,,2026-09-14,,
85,Junlala,active,,https://t.me/junlalanews,https://t.me/junlalaaibot,https://x.com/JunLaLaltd,,2024-07-13,476581,
86,The 2 Chairs,active,This hilarious game was inspired by the widely popular meme about the difficult choice between two chairs,https://t.me/the2chairs,https://t.me/the2chairs_bot,https://x.com/the2chairs,https://game.the2chairs.top/,2024-06-28,68322,
87,DoomsDay Tyranny,active,"Game where the player fights a zombie group, with a news channel, chat and support.",https://t.me/doomsdaytyranny,https://t.me/doomsdaytyrannybot,,,2025-02-18,,
88,YupLand,active,Announcements of the YupLand game universe,https://t.me/anons_yupland,https://t.me/yupland_bot,,https://yupland.io,2024-08-16,65809,
89,String Games,active,,https://t.me/stringgames,https://t.me/string_gamesbot,https://x.com/StringGames_SOL,,2024-07-17,708066,
90,CatsXWar,active,"Cat warriors, epic battles! Defend & conquer in cutest TON tower defense!",https://t.me/mytonwalleten,https://t.me/catsxwarbot,,https://mytonwallet.io/,2022-08-28,55654,
91,Outmine,active,Outmine is a fun and action-packed dungeon crawler game where you earn gems,https://t.me/playoutmine,https://t.me/OutmineBot,https://x.com/playoutmine,https://www.rogues.studio/outmine,2024-10-19,39975,
92,Busto,active,"Game bot with a website, chat, top-up dealer, news channel and support.",https://t.me/busto_online,,,https://busto.games,2025-09-27,,
93,SnakeTON,active,Contact for business inquiries,https://t.me/SnakeTON_Game,https://t.me/snaketon_bot,https://x.com/SnakeTON_Game,https://snaketon.com/,2024-05-16,391347,
94,TON Shooter Bot,active,,,https://t.me/tonshooterbot,,,2026-08-08,,
95,BBQCoin,active,TON’s AI Agent Meme with more than click-to-earn. Unlock strategies and find BBQ Man here!,https://t.me/BBQCoinTeam,https://t.me/bbqcoin_bot,https://x.com/BBQ_Coin,https://bbqcoin.ai/,2024-03-27,3927412,
96,RegalIsland,active,Regal Island is an amazing Casual Game for EVERYONE!,,https://t.me/richisland_bot,,,2025-03-12,170275,
97,BombGram,active,"Bomb, collect gems, climb the leaderboard and become the ultimate Bomber!",,https://t.me/bomgram_bot,,,2026-07-19,,
98,UNO GAME BOT,active,"Bot for playing the UNO card game, with a group and information channel.",https://t.me/unocardgc,https://t.me/unocardappbot,,,2025-10-12,,
99,Scor,active,Bot for playing sports-based mini-games and climbing leaderboards while collecting SCOR tokens.,https://t.me/SCORtoken,https://t.me/scor_games_bot,https://x.com/scorprotocol,https://scor.io,2024-12-03,611483,
100,ANON Space,active,Play to earn inside Telegram,https://t.me/anon_club,https://t.me/anonearnbot,https://x.com/anonclub8,,2024-04-02,1123879,
101,Fortune City,active,Play-to-earn game with a chat and help channel.,https://t.me/fortunecitynews,https://t.me/fortunecityappbot,,,2026-09-07,,
102,Bcoin 2048,active,Bot that automatically buys new Telegram gifts and also offers the 2048 puzzle game.,https://t.me/bcoin2048_ru_channel,https://t.me/bcoin2048bot,https://x.com/bcoin2048,,2024-04-04,2682857,2025-08-09
103,BUMP,active,Alive and unbroken. Everything is going according to plan. Welcome to the broadcast of BUMP LEGACY,https://t.me/marketmakingpro,https://t.me/mmprobump_bot,https://x.com/mmprotrust,https://mmprotrust.com/,2024-03-24,5009658,
104,SPACE ADVENTURE,active,Your Rocket — Your Profit,https://t.me/space_adventure_game,https://t.me/spaceadv_game_bot,,,2024-08-01,,
105,Travis Run,active,Official Russian channel of Travis Run Telegram game,https://t.me/travisrunru,,,,2026-03-29,,
106,DRFT Party,active,"Merge cars, get NFTs and compete with other racers. Don’t forget to drift!",https://t.me/drft_party,https://t.me/drft_party_bot,https://x.com/drft_party,,2024-04-16,,2025-07-01
107,BIRD,active,"Bird-themed game on TON with a support bot, chat and channel.",https://t.me/birdtongame,https://t.me/birdtonbot,,https://birdton.site,2024-04-04,,2024-08-16
108,InfLake,active,"Game on Telegram, announcements channel",https://t.me/inflake_ann,https://t.me/inflakebot,,https://inflake.fun,2025-04-20,,
109,Bee Harvest,active,Bee-themed game bot with an English chat and a contact admin.,https://t.me/BeeHarvest,https://t.me/beeharvestbot,https://x.com/beeharvestton,https://beeharvest.life,2024-03-24,,
110,Wizzwoods,active,,,https://t.me/wizzwoodsbot,,https://wizzwoods.com/,2024-06-17,,
111,String Arc8 Retro,active,"String Retro Arc8 is a TON blockchain-based Telegram gaming bot where you can play Snake, Space Invaders, and Pac-Man to earn TON",https://t.me/stringarc8,https://t.me/Stringarc8Retrobot,https://x.com/StringArc8,,2023-12-29,258280,
112,Meerkat Coin App,active,Welcome to MeerkatCoin Game by TimeSoul ecosystem,https://t.me/meerkat_ceo,https://t.me/meerkat_coin_bot,,,2024-08-08,,
113,Puparty,active,,,https://t.me/puparty_bot,https://x.com/PupartyAI,https://puparty.com,2024-06-23,,
114,TON Planets Mars,active,"**TOP Planets — Mars** There are 12 different biomes on the surface of Mars, on each of them you can extract resources corresponding to their ecosystems",https://t.me/TONPlanets,https://t.me/TONPlanetsBot,https://x.com/tonplanets,https://mars.tonplanets.com/,2022-05-04,54942,
115,Arcana: LAND,active,"Game bot with announcement channels in English and Russian, a chat and an ads manager.",https://t.me/arcanaapps_land,https://t.me/land_arcana_bot,,,2026-04-21,4347,
116,STARFISH Game,active,Build your beach hotel as tall as you can to top the leaderboard and win!,https://t.me/starfishgame,https://t.me/starfishgame_bot,https://x.com/starfishgamebot,https://caribdao.com,2024-10-25,320,
117,Hardcore Arena,active,Game bot in Telegram,https://t.me/hardcore_arena_ru,,,,2026-03-21,,
118,Nakamoto Games,active,The ultimate #Play to #Earn #Gaming Platform,https://t.me/NakamotoGamesNews,https://t.me/nakagamesbot,https://x.com/nakamotoGames,https://www.nakamoto.games/,2021-08-26,802,
119,Night Club,active,Build your Night Club empire on TON blockchain,https://t.me/nightclubonline,https://t.me/tonightclubbot,https://x.com/nightclubtonbot,https://ibizagaming.xyz,2026-04-05,42362,
120,Arrakken Planet,active,Farm strategy game with an official channel and chat.,https://t.me/arrakkenplanetofficial,https://t.me/arrakkenplanet_bot,,,2023-12-12,,
121,BodyPUMP,active,,https://t.me/bodypump_app,https://t.me/bodypump_app_bot,https://x.com/bodypumpapp,https://twitter.com/bodypumpapp,2024-03-24,,
122,RevoRogue,active,RevoRogue is a free web3 mini game based on TON blockchain and inspired by Pokémon mixed with rogue elements to offer a survival mode,https://t.me/revomonnews,https://t.me/RevoRogueBot,https://x.com/RevomonVR,https://revomon.io/,2021-03-01,,
123,GH Arena,active,Fight x Level Up x Earn $GH,https://t.me/gh_coin,https://t.me/gharenabot,https://x.com/Tfarmio,,2023-11-02,,
124,xCombat,active,Game where players break eggs one by one and fight each other in an arena.,https://t.me/xcombat_news,https://t.me/xcombat_bot,,,2024-05-25,,
125,Animal Village,active,Village-building game in Telegram.,https://t.me/animal_village_ann,https://t.me/Animal_village_bot,,,2024-06-23,,2024-12-25
126,Direct Games Bot,active,Play Games Directly in Telegram,https://t.me/botsberry,https://t.me/directgamesbot,,,2021-02-18,2511,
127,Degrees,active,"Game with an official channel and community, tied to the Degrees project.",https://t.me/degrees,,,,2024-12-10,,
128,Flutter Bees,active,"Flutter Bees is a vibrant gaming network for interactive challenges and community engagement. Join the adventure, complete tasks, and explore a growing ecosystem. Connect, compete, and enjoy the exper",https://t.me/FlutterBees,https://t.me/FlutterBees_bot,https://x.com/FlutterBees_X,https://www.flutterbees.app,2024-10-07,,
129,VWS Utilities,active,Mining and NFT project from Virtual Worlds with NFT collections on Getgems.,https://t.me/miningvws,,,https://virtualsworlds.online,2024-03-03,,
130,DealTON,active,"DealTON: Make the Right Deal, Become a Millionaire",https://t.me/DealTON_announcements,https://t.me/dealtonbot,https://x.com/dealtongame,https://www.dealton.io/,2024-07-05,,
131,Your Life Simulator,active,This is Your Life Simulator,https://t.me/tvorog_lab,https://t.me/yourlifesimulator_bot,,https://bitardia.com/simulator/,2020-08-27,,
132,Like & Love,active,Earn in Web3 with the multi-platform Like&Love on the TON network,https://t.me/like_mining,https://t.me/Like_Project_Bot,,https://mehrdadjeyrani.ir,2024-08-10,,
133,LudoTON,active,"Dive into the vibrant world of LudoTON, where classic board game fun meets modern multiplayer excitement",https://t.me/LudoTONAnnouncement,https://t.me/ludo_tma_bot,https://x.com/LudoTONGame,https://www.ludoton.io/,2024-09-17,457,
134,Jivo Pets,active,"Jivo Pets is a Web3 game that makes blockchain gaming fun, easy, and accessible to everyone",https://t.me/jivopets,https://t.me/JivoPetsBot,https://x.com/jivopets,https://jivopets.com/,2024-07-03,,
135,MOMO,active,Telegram game on TON with its community channel,https://t.me/momo_ton,https://t.me/momo_ton_bot,https://x.com/momo_on_ton,,2025-03-28,1029,
136,DRAGONIA,active,"News about Dragonia, the strategy game with real economy",https://t.me/dragonianews,https://t.me/dragoniabot,,,2025-01-14,,
137,Crock Dentist,active,Crocodile game with NFT collection,https://t.me/crockdentistgame,,,,2025-12-29,,
138,Bear TON,active,The indomitable spirit and fearless prowess of the Russian Bear - Unstoppable strength in motion,https://t.me/bearton_ann,https://t.me/tbeargame_bot,https://x.com/TBEAR_Ton,https://www.tonbear.vip/,2024-05-17,2217,
139,Panthers,active,Welcome to Panther Game !,,https://t.me/panthergamebot,https://x.com/bnbpanthers,https://app.daolama.co/?ref=y2Dz5GDMGL,2022-04-22,178674,
140,Symbios Games,active,Symbios Games is a game development studio focused on creating gaming universes powered by blockchain technology,https://t.me/SymbiosGames,https://t.me/SymbiosGames_bot,https://x.com/SymbiosGames,https://symbios.games/,2024-04-30,,
141,Shahnameh,active,,https://t.me/Shahnameh_news,,,https://realgram.no/,2024-08-19,,
142,TRIPLE,active,Timer-based game in Telegram,https://t.me/triple_studio,,,,2026-01-23,,
143,Zernosklad,quiet,We offer you to get cryptocurrency while having fun in the game!,,,,https://zernosklad.com/,2023-07,,
144,XPLUS,quiet,XPLUS Game is a game within Telegram,,https://t.me/xplusio_bot,https://x.com/xplusio,,2024-04-16,156366,
145,Pump Game,quiet,Pump Game is a Telegram game that is currently not functional,https://t.me/pumpgameAnn,https://t.me/pumptokenbot,https://x.com/PumpGameIO,https://metania.games/,2024-05-28,170023,
146,Fight Brawl,quiet,Fight Brawl is a fighting game on Telegram,https://t.me/fight_brawl_ton,https://t.me/fightbrawlbot,https://x.com/FightBrawl_Ton,,2024-07-17,126856,
147,Star Defender,quiet,"Space PVP strategy with levels, quests, and NFT skins",,https://t.me/stardefenderbot,https://x.com/vorpalDAO,,2023-01-11,56447,
148,Pepes Frogbar,quiet,,,https://t.me/pepefrogbar_bot,,,2024-09-21,3205115,
149,GLOBULA,quiet,This bot is your gateway to join the blockchain geolocation game: GLOBULA,https://t.me/globulaspace,https://t.me/globulaspacebot,,,2024-07-06,68838,
150,GALACoin,quiet,,,https://t.me/galacoin_bot,,,2024-07-17,2244901,
151,CrazyRushHeroesAlpha,quiet,Try to beat your friends' scores and rush to the top of the leaderboards in this game of nonstop shooting action!,,https://t.me/crazyrushheroesalphabot,,,2024-07-24,398201,
152,Space Cartels,quiet,Space Cartels is a turn-based web3 game where you become a Cartel Boss on Planet X in 2266,https://t.me/spacecartels,https://t.me/spacecartelsbot,https://x.com/SpaceCartels,https://spacecartels.com/,2022-01-07,35345,
153,BattleRoll,quiet,,,https://t.me/battleroll_bot,,,2025-09-20,309369,
154,Pool Degens,quiet,Pool Degens - Even the wildlife takes a shot - Play and Farm $POOLD,,https://t.me/pooldegen_bot,,,2024-01-25,70682,
155,MajyoTreasureBot,quiet,Game bot with a chat and channel and a presence on X.,https://t.me/MajyoTreasure,https://t.me/majyotreasurebot,https://x.com/MajyoGame,,2024-06-20,130067,
156,Breakout,quiet,Play games and earn ZFB & TRX on Breakout!,,https://t.me/breakoutgamesbot,,,2024-09-03,67992,
157,PlayZap Games,quiet,"A gaming platform for casual competitive gamers, powered by $PZP ""Free to Play, Skill to Earn.""",https://t.me/PlayZapOfficial,https://t.me/playzap_bot,https://x.com/PlayZapGames,https://playzap.games,2021-12-25,25230,2023-07-12
158,Catinton,quiet,Catinton is an engaging arcade game where you control a cute cat that mines CTN coins,https://t.me/catinton,https://t.me/catintonbot,,,2024-09-04,77282,
159,Rumble Bees,quiet,BATTLE PASS is a bridge between the world of web2 games and web3 users,https://t.me/snapsim,https://t.me/rumble_bees_bot,,,2024-06-22,195743,
160,KITON,quiet,"Gaming project with a Telegram bot, English community, X account and website.",https://t.me/KITON_EN,https://t.me/kitongame_bot,https://x.com/KiTon_Gaming,https://kiton.io,2024-06-21,31970,
161,Corgia,quiet,Gachapon-style Web3 mini app built on the Telegram ecosystem.,https://t.me/corgiastate,https://t.me/corgiawebbot,https://x.com/CorgiaState,,2024-06-19,,
162,ZombieSquad,quiet,"ZombieSquad is a survival game in a post-apocalyptic world, featuring AI girlfriend care and airdrop collection",,https://t.me/zombiesquadbot,https://x.com/zombiesquad_ai,,2024-07-22,21344,
163,Zeeverse Mini,quiet,Zeeverse mini is an arcade built as a door to Zeeverse ecosystem,,https://t.me/zee_verse_bot,,,2024-07-28,116557,
164,Telgather Minigames,quiet,,,https://t.me/telgatherminigamesbot,,,2023-09-01,854422,
165,Sun farmer,quiet,Casual game where players gather sun rays.,,https://t.me/sun_farmer_bot,,,2024-09-07,,
166,Aylab Game,quiet,"Join Aylab Summer Olympics Play, compete & get rewarded!",https://t.me/aylab_announcement,https://t.me/aylabgame_bot,https://x.com/suinetwork,,2024-03-25,153789,
167,ChessNode,quiet,"Play chess, win and get rewards",https://t.me/chessnode,https://t.me/chessnode_bot,,https://chessnode.io,2024-05-13,,
168,Slimewifhat,quiet,Slimes are taking over the world! Join other players around the world to fight and conquer them and earn $SWIF,https://t.me/slimewifcoinnews,https://t.me/slimewifhat_bot,https://x.com/slimewifhat,https://slimewifcoin.xyz,2024-08-12,18760,
169,KNOW PUMP,quiet,,,https://t.me/knowpump_bot,,,2024-09-12,21120,
170,Puffy Games,quiet,Puffy Games is the true on-chain game on Telegram,https://t.me/puffygames,https://t.me/PuffyGamesBot,https://x.com/puffydotgames,https://puffy.games/,2024-08-07,66150,
171,PennyWhale,quiet,Dive into the exciting world of PennyWhale,https://t.me/pennywhaleiotelegram,https://t.me/pennywhaleio_bot,https://x.com/pennywhaleio,https://pennywhale.io/,2024-07-03,36916,
172,BrainGames,quiet,,https://t.me/caspertma,https://t.me/braingamesappbot,,,2024-09-29,2405658,
173,CYBERTON,quiet,"Play, Earn, Upgrade, Repeat!",,https://t.me/cyberton_dmntr_bot,,,2024-06-24,30880,
174,Purrate King,quiet,,,https://t.me/purratekingbot,,,2024-08-16,38506,
175,ALFA GAME,quiet,,https://t.me/alfagame_support,https://t.me/alfa_pet_bot,,,2024-05-24,317802,
176,Musgard,quiet,,,https://t.me/musgard_bot,,,2024-09-02,67346,
177,Football Legends,quiet,Football game with earnings from swiping,https://t.me/fball_legends,https://t.me/fball_legends_bot,,https://telega.io/c/fball_legends,2024-07-15,74166,
178,Sanctum AI,quiet,AI-powered fantasy world game on TON with an announcement channel.,https://t.me/SanctumAI_Ann,https://t.me/sanctumai_bot,https://x.com/Sanctum_AI,https://sanctumworlds.com/,2025-12-25,15825,
179,Dogin Hood,quiet,,,https://t.me/doginhood_bot,https://x.com/doginhood_io,https://doginhood.io,2024-06-17,445121,
180,Planeton,quiet,PlaneTon is a SocialFi game where you can earn real money by growing your fleet of planes,https://t.me/planeton_hub,https://t.me/theplanetonbot,https://x.com/theplaneton,https://0xiceberg.com/,2024-07-07,,
181,Cartel,quiet,Work your way up the Cartel ranks and make a name for yourself in this intense trading game,https://t.me/cartel_game_community,https://t.me/cartel_game_bot,https://x.com/cartelgameton,,2024-08-25,27989,
182,CryptoWorms,quiet,Earn the $worm token by eating it on the map. Play,https://t.me/cryptowormslive,https://t.me/cryptowormbot,,https://cryptoworms.online,2024-06-18,26684,
183,HangarX Gaming,quiet,"HangarX: Your all-in-one Web3 gaming portal! Choose from multiple games, play, and earn easily",https://t.me/hangarxgam,https://t.me/hangarxgaming_bot,https://x.com/Hangarxio,https://HangarX.io,2024-06-03,24726,
184,PepexVerse,quiet,,,https://t.me/pepexversebot,,,2024-07-29,78241,
185,Catmoonity,quiet,,https://t.me/catmoonity,https://t.me/catmoonitybot,https://x.com/catmoonity,,2024-10-01,272352,
186,Mirrion Beyond,quiet,A cyberpunk game with survival and hacking elements,https://t.me/MirrionBeyond,https://t.me/mirrionbeyondbot,https://x.com/MirrionBeyond,https://store.steampowered.com/?snr=1_1056_4_18_global-header&curator_clanid=45363409,2024-07-17,61711,
187,efootballmanager,quiet,Football manager game with a news channel.,https://t.me/EFootballManager,https://t.me/efootballmanagerbot,,https://e-footballmanager.com/,2024-05-27,38695,
188,Metal Bros,quiet,,,https://t.me/metalbros_bot,https://x.com/MetalBros_ton,,2024-07-25,279753,
189,Sharkara,quiet,"Perfect your warrior skills and earn TON in PvP duels, epic battles, and raids. Choose your side and embark on glory!",https://t.me/sharkara_dev,https://t.me/sharkarabot,https://x.com/sharkaragame,,2024-12-24,576906,
190,WINK LEGACY,quiet,Exploration and conquest game with an official channel and community.,https://t.me/winkofficial,https://t.me/winklegacy_bot,https://x.com/WinkFinance,https://winkuniverse.net/legacy,2022-06-22,142527,
191,Venom Frogs,quiet,Frog-themed game with an English news channel and a partnership contact.,https://t.me/venomfrogsnews,https://t.me/venomfrogsbot,,,2024-07-12,106607,
192,Elympics,quiet,Elympics - Welcome To Competitive Web3 Gaming Protocol,,https://t.me/elympics_bot,https://x.com/CoinFoxis,https://foxiscoin.com/,2024-09-03,88311,
193,Magic Alchemy Bot,quiet,Magic Alchemy is a fantasy game that makes crypto understandable for beginners,,https://t.me/magicalchemybot,,,2024-08-29,133446,
194,GemGame,quiet,The #1 Play-to-Earn Game Bot!,,https://t.me/play_gemgame_bot,https://x.com/GemGame_TG,https://decibling.com,2024-06-27,,
195,Cat Planets,quiet,,,,https://x.com/catplanetstg,https://catplanets.io,2024-10-04,,
196,Cat Chef,quiet,Cat chef is a game from TON Blockchain,https://t.me/CatChef_Announcement,https://t.me/catchefbot,https://x.com/cat_chef_ton,,2024-07-29,1625366,
197,Nail Mini Game,quiet,Nail is causal puzzle-solving game! Check out more game in,https://t.me/BotGameyard,https://t.me/unnailbot,,,2021-12-03,218958,
198,Whale Dash Bot,quiet,Game bot with limited-time tasks offering USDT rewards.,,https://t.me/whaledashgamebot,,,2024-08-27,42779,
199,Punks Game,quiet,,https://t.me/Punks_Support,https://t.me/punks_gamebot,,,2024-04-23,523854,
200,MetaBoss,quiet,,https://t.me/metaboss_io,https://t.me/metaboss_2024_bot,https://x.com/MetaBoss_io,https://metaboss.io/,2024-05-10,171864,
201,Meme Jump,quiet,,,https://t.me/memejump_bot,https://x.com/TONmemejump,,2024-09-05,,
202,GTM,quiet,"Token project with a clicker bot, a spin bot and a drop bot, plus a community chat.",https://t.me/gtm_ton,https://t.me/gtm_seizure_bot,,,2024-05-08,230313,
203,EggDrop,quiet,EggDrop Application has been merged to GOMBLE SQUAD,,https://t.me/eggdrop_gomblebot,,,2024-06-04,2978630,
204,Dogizen,quiet,,,https://t.me/dogizen_official_robot,https://x.com/unstoppablebyhs,https://unstoppable.money/,2024-08-24,1324307,
205,TravelFrog,quiet,The first Ai Adventure Versus Game with the model of “Travel to Earn”,https://t.me/Travelfrognews,https://t.me/travel_frog_bot,https://x.com/tg_frog,https://frog.travel,2024-05-25,460135,
206,WONTON,quiet,"Mini-games platform on TON, with a chat, announcements and a website.",https://t.me/wontonorg,https://t.me/wontonorgbot,https://x.com/wontondotfun,https://wonton.restaurant,2024-07-18,1917182,
207,CatGram,quiet,Where Crypto Legends are made,https://t.me/catgram_official,https://t.me/catgram_play_bot,https://x.com/catdotio,,2024-07-25,311501,
208,ChatGalaTon,quiet,Social gaming metaverse inside Telegram with a discussion chat.,https://t.me/ChatGalaTon,https://t.me/chatgalatone_bot,https://x.com/ChatGalaTon,,2025-12-10,21337,
209,FUNTON.AI,quiet,The Modular Multi-Game Platform,https://t.me/funton_ai,https://t.me/funton_ai_app_bot,https://x.com/funton_ai,https://funton.ai,2024-07-05,434658,
210,IceFarm,quiet,"Hockey game where players score goals, collect IceCoins and upgrade a hero.",https://t.me/icefarmchannel,https://t.me/icefarmbot,,,2024-08-26,1718007,
211,AKEFish,quiet,AKEFish: The Premier Social Fishing Game on TON,https://t.me/akefishchannel,https://t.me/akefishbot,,,2024-05-09,296133,
212,Mochi Monkey,quiet,"Hey! The super fun Mochi Monkey game, supported by TON, has just launched on Telegram!",https://t.me/mochimonkeyAnn,https://t.me/mochimonkey_bot,https://x.com/ton_mochimonkey,https://mochimonkey.net,2024-08-29,20008,
213,Taman,quiet,Heroes Kombat-style game bot with a community chat.,https://t.me/tamanfun,https://t.me/tamanfun_bot,,,2024-06-17,79458,
214,Nifis Hunt Bot,quiet,"With successful hunts, you could earn up to 10x your investment! Small risks with big rewards",,https://t.me/nifishuntbot,https://x.com/NifisHunt,,2024-08-08,17326,
215,CryptoHacker,quiet,Hacker-themed crypto game with a community chat for questions and suggestions.,https://t.me/CryptoHackerTMA,,https://x.com/CryptoHackerTMA,https://cryptohacker.pro/,2025-02-26,,
216,SpinnerCoin,quiet,P2E crypto game with NFT powered by TON blockchain,https://t.me/SpinnerCoin,https://t.me/spinnercoin_bot,https://x.com/spinnercoin,https://spinnercoin.org,2024-03-23,4714291,
217,Bunny Blitz,quiet,,https://t.me/bunnyblitz,https://t.me/bunnyblitz_bot,https://x.com/bunnyblitzapp,https://www.bunnyblitz.io,2024-06-04,310322,
218,PokeTON,quiet,Game where users raise a pet in Telegram group chats and collect POKE and TON.,https://t.me/PoketonOrg_Ann,https://t.me/poketonorg_bot,https://x.com/Byin_Fun,,2024-09-17,172931,
219,Cybers Cat,quiet,"Meow my fren, lets mining cats together",https://t.me/cyberscats,https://t.me/cyberscatbot,,,2024-06-09,14817,
220,OctocrazeBot,quiet,Connect Socially & Earn Profits with Drifting Bottles in the #TON Ecosystem,https://t.me/OctocrazeAnnouncement,https://t.me/octocrazebot,https://x.com/octocraze,,2024-08-09,182335,
221,HASBILAND,quiet,A runner game about Hasbik in a metaverse world. Play directly in Telegram!,,https://t.me/hasbiland_bot,https://x.com/Hasbiland,,2024-01-12,86934,
222,Flappy TON,quiet,"fly2earn, boost your bird & play mini-games",https://t.me/flappyton,https://t.me/flappyton_bot,https://x.com/flappyton_bot,,2024-01-18,,
223,Foxton Master,quiet,Unleash your inner Master!,https://t.me/foxton_master,https://t.me/foxtonmaster_bot,https://x.com/foxton_master,,2024-06-08,623050,
224,LumberJackGame,quiet,Lumberjack is a Play-To-Earn game with an internal Economy that distributes game tokens via Innovative Telegram bot,,https://t.me/lumberjackgame_bot,,https://www.tonspay.top,2024-02-29,1063600,
225,Blaze Ember,quiet,,,https://t.me/blazeemberbot,,https://beeharvest.life,2024-06-03,47191,
226,LOA Hero,quiet,LOA Hero is a blockchain-based strategy card game,https://t.me/officialopensea,https://t.me/loa_hero_bot,https://x.com/opensea,https://opensea.io/collection/sword-of-grandia,2023-03-01,158591,2025-11-01
227,Valiants,quiet,Tap-tap game for gamers.,,https://t.me/valiants_taptap_bot,https://x.com/vortrius,,2023-07-15,125301,
228,Portal Fantasy,quiet,"Battle Porbles, earn Orbs and compete for prizes!",https://t.me/portal_fantasy_io,https://t.me/portal_odyssey_bot,https://x.com/PortalFantasyio,https://portalfantasy.io,2024-08-27,185247,
229,Hamsterdam,quiet,Simulator of a startup CEO where players develop a project and collect money from hamsters.,https://t.me/HamsterdamRU,https://t.me/hamsterdamplaybot,https://x.com/Hamsterdam_ton,https://totemancer.com,2024-04-21,575534,
230,CaTon,quiet,CaTon is a collection of casual party games on the Telegram and TON platform,https://t.me/tomcoinbnb_announcements,https://t.me/caton_official_bot,https://x.com/CaTon_official,https://www.caton.website/,2024-03-28,125529,
231,Kwak Coin,quiet,We are here for great things,,https://t.me/kwakcoin_bot,,,2021-10-02,71836,
232,Skull and Bones,quiet,Play-to-earn game.,,https://t.me/skull_x_bones_bot,https://x.com/IEMHash,https://www.iemhash.com,2024-03-27,16352,
233,AZAMEINA SAGA,quiet,,,https://t.me/azameinabot,,,2025-02-14,233764,
234,Taitiko Arena Bot,quiet,Taitiko is where creativity meets power in a captivating fusion of beautiful characters and hilariously trolling mini-games,https://t.me/taitiko_official,https://t.me/taitikoarena_bot,https://x.com/TaitikoOfficial,https://www.taitiko.com/,2023-09-17,508966,
235,NANOZAP,quiet,NanoZap - Zap your way to the top!,,https://t.me/nanozap_bot,,,2024-07-12,803851,
236,Mimiland,quiet,"Game Together, Friend Forever",,https://t.me/mimiland_appbot,https://x.com/TheMimiland,,2024-10-02,127189,
237,BRICSTONS,quiet,Narrative gaming ecosystem with a community channel and chat.,https://t.me/Bricstons,https://t.me/bricstonshubbot,,,2024-08-23,18272,
238,Meow Kingdom,quiet,The 1st social interaction game build on #SEI,https://t.me/meowkingdom_channel,https://t.me/meowkingdombot,https://x.com/meowkingdom_io,https://meowkingdom.io/,2024-06-19,503519,
239,TFARM,quiet,"Pixel farming game with documentation, a community channel and a group.",https://t.me/tfarm_exchange,https://t.me/tfarmpixelbot,https://x.com/Tfarmio,https://docs.tfarm.io/,2023-11-02,87686,
240,Pina Mania,quiet,"TON's wildest ride! The first ServerFi game.All for Pina Mania, Pina Mania for all",https://t.me/PinaManiaAnn,https://t.me/pinamaniabot,https://x.com/PinaManiaX,,2024-07-04,318250,
241,PonchKickBot,quiet,,,https://t.me/ponchkick_bot,https://x.com/ponchiqs,https://symbiosis.finance,2021-10-25,3407221,
242,Owls,quiet,Owl-themed project with a community channel and a bot.,https://t.me/owlslabs,https://t.me/owlsonton_bot,https://x.com/owlsonton,,2024-05-26,4778752,
243,TON Pirate Kings,quiet,"Pirate-themed game on TON with an announcement channel, community chat and website.",https://t.me/TONPirateKings,https://t.me/tonpiratekings_bot,https://x.com/tonpiratekings,https://tonpiratekings.com/,2024-07-23,136574,
244,QuizCraze,quiet,"QuizCraze is a fun quiz game to test your knowledge, earn Q-Coins, and compete with friends on the leaderboard!",https://t.me/quizcrazeofficial,https://t.me/quizcrazebot,https://x.com/quizzcraze,https://quizcraze.net,2024-06-26,10926,
245,Magic Muffins,quiet,Magic Muffins have landed on Telegram,,https://t.me/magicmuffins_bot,,,2024-07-09,46767,
246,2040World,quiet,PvP game on a space station with avatars and combat,,https://t.me/world2040_bot,https://x.com/2040World,https://cloudflare.com,2022-06-09,55493,
247,Panda Frenzy,quiet,Release your inner bamboo,https://t.me/pandafrenzy,https://t.me/pandafrenzybot,https://x.com/PandaFrenzyApp,,2024-08-08,365176,
248,Coco Park,quiet,,https://t.me/cocopark_group,https://t.me/cocopark_airdrop_bot,https://x.com/cocopark_io,https://cocopark.io,2024-05-31,200454,
249,Cat vs Alien,quiet,Idle defense game on the Telegram platform with a community channel.,https://t.me/catvsalien_ton,https://t.me/catvsalienbot,https://x.com/catvsalien,https://catvsalien.ai/,2024-06-23,157828,
250,Nothing,quiet,,,https://t.me/nothingiobot,https://x.com/nothingsio,,2020-03-06,651179,
251,TON ROLL Games,quiet,TON ROLL Games — survival game with bomb-throwing mechanics,https://t.me/tonroll_support,https://t.me/tonroll_bot,,https://tonroll.com,2023-09-01,100402,
252,PunchOut,quiet,"Crush bosses, fight other players, upgrade weapons, and earn in first 3D fighting in Telegram. Join",https://t.me/punchoutcrypto,https://t.me/punchoutbot,,,2024-08-20,70698,
253,TeaBank,quiet,TeaBank – Harvest TON and Learn About Tea!,,https://t.me/tea_bank_bot,https://x.com/TeaBankio,https://teabank.io/,2025-02-08,225372,
254,Big Fish,quiet,,,https://t.me/bigfishgamebot,,,2024-08-30,127984,
255,Clockie Chaos,quiet,"Welcome to Clockie Chaos, the ultimate time-bending adventure!",,https://t.me/clockiechaosbot,https://x.com/vercel,https://vercel.com/docs/errors/DEPLOYMENT_NOT_FOUND,2024-08-27,323132,
256,RoOLZ,quiet,RoOLZ — a Telegram roleplay game with NFTs and agentic gameplay,https://t.me/roolznft,https://t.me/roolzquest_bot,https://x.com/AtriumNft,https://Atrium.art,2023-08-23,10514956,2024-05-22
257,Mr BitGenie,quiet,"Welcome to the magical world of Mr. BitGenie, WISHful dreamers!",,https://t.me/mrbitgenie_bot,,https://github.com/coinspace/coinspace,2024-07-28,309093,
258,Farty Bot,quiet,Den for beras to fart and chill,https://t.me/fartyfam,https://t.me/fartyberabot,https://x.com/fartybera,,2024-06-06,173052,
259,TONChemy,quiet,Alchemy game with an announcement channel and a community chat.,https://t.me/tonchemy,https://t.me/tonchemybot,,,2024-05-15,104222,
260,DeadCoin,quiet,Zombie-fighting game in which the player defends a bank as a lone hero.,https://t.me/thedeadcoin,https://t.me/thedeadcoin_bot,,,2024-06,148355,
261,MUSK TO MARS,quiet,,,https://t.me/musk_crypto_bot,,,2024-05-16,247984,
262,WealthQuiz,quiet,"Seize the chance to grab a million pounds, showcase your strength, and win huge prizes",,https://t.me/wealthquizbot,https://x.com/JVault_app,https://jvault.xyz,2023-09-25,83280,
263,FantasyGame,quiet,Welcome to FantasyOlympics! Earn Olympic Gold Tokens ($OGT) for Olympics Paris 2024！Join us and win $OGT airdrop!,,https://t.me/fantasyolympicsbot,,,2024-08-29,88753,
264,Ton Milk,quiet,"Milk, Cows and more! P2E Game",https://t.me/milkp2e,https://t.me/tonmilk_bot,https://x.com/tonmilkgame,https://tonmilk.com,2024-03-11,87492,
265,Televerse Odyssey,quiet,A Proof-of-Profile-Picture Experiment. Claim your Resistance Dog Profile Picture & support Durov #DigitalResistance,,https://t.me/torchodyssey_bot,,,2024-08-07,122768,
266,Capcap Bara,quiet,,https://t.me/capcapbara,https://t.me/capcap_bara_bot,https://x.com/CapcapBara,https://x.com/CapcapBara,2024-08-07,18088,
267,Anomaly Launcher Bot,quiet,,,https://t.me/anomaly_launch_bot,,,2024-06-08,274787,
268,BeHappy,quiet,,https://t.me/behappymanager,https://t.me/ibehappybot,https://x.com/TractionEye,https://tractioneye.xyz/,2024-07-02,200662,
269,Election Wars,quiet,,https://t.me/election_wars,https://t.me/election_wars_bot,,https://delabteam.com,2022-10-27,333629,
270,Tomo cat,quiet,Maneki Neko cat game bot with a community chat and website.,https://t.me/tomo_cat,https://t.me/tomo_cat_bot,,,2023-06-02,3729879,
271,EraOfExplorersbot,quiet,Interstellar exploration & Spaceship NFT & Battle galaxy & Ecological incentive token,,https://t.me/eraofexplorers_bot,https://x.com/eraofexplorers,,2024-06-13,2281223,
272,HamsterGo,quiet,Who doesn’t love hamsters?,,https://t.me/hamstergobot,,,2024-06-24,268478,
273,Epic of Castles,quiet,Welcome to Epic of Castles!,https://t.me/epicofcastles,https://t.me/epicofcastles_bot,https://x.com/epicofcastles,,2022-10-27,24182,
274,Coincraze,quiet,The Gateway to GameFi United Metaverse in TON,https://t.me/Coincraze_Ann,https://t.me/coincraze_labs_bot,https://x.com/coincraze_labs,https://coincraze.ai,2024-07-16,16519,
275,Squirrel Legend,quiet,,,https://t.me/squirrel_legend_bot,,,2024-08-05,,
276,ClydeTap,quiet,"Hi, this is Clyde , I'll help you dilute your gray days, now you can spend time with me",https://t.me/ClydeTap,https://t.me/clydetapbot,https://x.com/TapClyde,,2024-06-03,852515,
277,Preton Legacy,quiet,,,https://t.me/preton_legacy_bot,https://x.com/preton_official,,2022-10-04,156826,
278,TOM TALK,quiet,Chat app built on SKALE where users talk with friends and family and collect points.,https://t.me/tomtalk_official,https://t.me/tomtalk_bot,https://x.com/Tomtalkofficial,https://tomtalk.io/,2024-08-17,134860,
279,MysterPentagon,quiet,"Pet game bot, formerly MysterMons and renamed PentaPets.",,https://t.me/mysterpentagonbot,,,2024-05-16,58783,
280,Gala Music Coin,quiet,,,https://t.me/galamusicminerearntrezbot,,,2024-08-06,634069,
281,Playnation,quiet,,,https://t.me/playnation_bot,,,2023-11-24,125498,
282,Rocket Rush,quiet,"Tap game where players tap a rocket, land on planets and collect coins.",https://t.me/Rocketrush,https://t.me/rocket_rush_bot,https://x.com/RocketRush_TON,,2023-03-20,337521,
283,Hamsta Pilot,quiet,Upgrade your Hamsta pilot,,https://t.me/hamstapilot_bot,,,2024-08-09,210324,
284,PokeyQuestBot,quiet,"Ready to conquer the Monster world? Catch, Upgrade, and Maximize your rewards to become the ultimate PokeyQuest Master",,https://t.me/pokequest_bot,,,2024-07-16,767708,
285,BearFi Bot,quiet,,,https://t.me/bearfi_officialbot,https://x.com/BearFiBot,,2024-08-13,258405,
286,Punk City,quiet,Punk City is a strategy game with elements of character collection and progression,https://t.me/punkton,https://t.me/punkcity2094bot,https://x.com/TonPunks,https://punkcity.bot/,2022-01-12,89882,2022-09-21
287,AI Worlds Games,quiet,AI-powered text-based game platform in Telegram.,https://t.me/aiworldsgames,https://t.me/aiworlds_games_bot,https://x.com/AIWORLDSGAMES,,2021-12-28,141851,
288,Doomer Story,quiet,,https://t.me/doomer_ton,https://t.me/doomerstory_bot,,https://octalend.xyz,2024-05-15,326961,
289,Button,quiet,,,https://t.me/thebuttongamebot,,,2024-06-13,117256,
290,Kuroro Ranch,quiet,A PvP creature battle game available in Telegram,https://t.me/KuroroOfficial,https://t.me/kurororanchbot,https://x.com/kurorobeast,https://kuroro.com/,2024-06-22,478156,
291,Royal Pets,quiet,Pet game bot with a news channel from BoxRush.,https://t.me/boxrush_news,https://t.me/royalpetsbot,https://x.com/RoyalPetsGame,,2024-07-15,88272,
292,CoinChance,quiet,"CoinChance is a fun mini-game that connects with the CoinChance ecosystem, offering exclusive rewards and token mining",,https://t.me/chancedrip_bot,,,2024-06-08,1338985,
293,Dog Pooper,quiet,DogPooper is Alterverse's first Mini Game based on TON Net Work. Let's have fun together!,https://t.me/DogPooper,https://t.me/dogpooperbot,https://x.com/Pooper_Dog,,2019-03-02,741111,
294,BOOMS,quiet,BOOMS Game – Build your virtual financial empire and earn BOOMS,,https://t.me/booms_io_bot,https://x.com/booms_io,,2024-07-26,,
295,Bourekas,quiet,Bourekas is a Telegram game with daily giveaways and emoji puzzles,https://t.me/Bourekas,https://t.me/bourekas_game_bot,,,2020-09-09,539949,
296,LoveTap Token,quiet,Lovetap Token is a viral telegram game,,https://t.me/lovetap_bot,,,2024-05-04,93977,
297,Play Lolypto,quiet,Game bot with a group chat.,https://t.me/lolypto,https://t.me/lolypto_bot,,,2024-06-12,443964,
298,Monsta,quiet,Game bot with a news channel.,https://t.me/monstagameclub,https://t.me/monstagamebot,https://x.com/monstagame,https://monsta.wtf,2024-07-29,448246,
299,GabbyWorld,quiet,"Play Gabby World V2 BETA, earn $TON prizes and get additional Gabby Points Airdrop!",https://t.me/gabbyworldofficial,https://t.me/gabbyworldbot,,,2024-08-23,585268,
300,Gameness Bot,quiet,,,https://t.me/gamenessbot,,,2024-06-07,4612785,
301,Street Fury,quiet,,https://t.me/StreetFuryGame,https://t.me/street_fury_bot,https://x.com/StreetFuryGame,https://oyabun.io,2024-07-10,103976,
302,EDEN,quiet,"Join EDEN now, easily obtain EDEN tokens and start your asset appreciation journey!",,https://t.me/edencoin_bot,,,2024-08-30,417848,
303,P1: Mypal,quiet,"Game bot with token airdrops, backed by Nanon Network.",https://t.me/p1_mypal,https://t.me/p1_mypal_bot,,,2024-08-11,19808,
304,BitBall,quiet,"Welcome to BitBall, the Best Web3 Sport Game Metaverse! $BBB TGE in weeks. Join Us to Play and Win!",,https://t.me/bitballgamebot,,,2024-07-13,44446,
305,Capytal War,quiet,Capytal War onboard supporting,https://t.me/capytal_war,https://t.me/capytalwar_bot,https://x.com/CapytalWar,https://atherlabs.com/,2024-05-21,83143,
306,Elfbird,quiet,"Game where players feed an elfbird, with a community channel.",https://t.me/Elfbirds,https://t.me/Elfbirdbot,https://x.com/Elfbirds,https://elfbird.app/,2024-10-21,,
307,Tonmons,quiet,Collectible turn-based MMORPG running as a Telegram WebApp.,https://t.me/tonmons,https://t.me/tonmons_bot,https://x.com/ceosanya,,2023-12-29,12579,
308,Merge Pals,quiet,The official announcement channel of,https://t.me/mergepalsofficial,https://t.me/mergepalsbot,https://x.com/MergePals,https://lucky.vote,2024-06-24,2009287,
309,MonsteRRR,quiet,MonsteRRR! Play game and earn USDT with us!,,https://t.me/rrrgame_bot,,,2024-04-02,290518,
310,Mobiverse,quiet,,,https://t.me/mobiverse_bot,,,2024-05-11,592109,
311,AiPets,quiet,"Experience unique companionship at AIPets. Chat, care, and collect — every interaction sparks blockchain rewards!",,https://t.me/aipets_bot,https://x.com/AiPets_Official,,2024-05-08,39053,
312,Cyber Finance,quiet,"Bringing memecoin communities together to make money, have fun, and belong to something bigger!",https://t.me/wagmihub_news,https://t.me/cyberfinancebot,https://x.com/CyberFinance__,,2024-04-03,4020003,
313,Papo Ninja,quiet,Slicing game on TON with an announcement channel and community chat.,https://t.me/papo_coin,https://t.me/papo_official_bot,https://x.com/papo_coin,https://papo.wtf,2024-08-23,1595651,
314,OrbitonX Game,quiet,"Predict the Market, Get the Rewards! Dive in and collect right tokens before they're gone!",https://t.me/orbitonx,https://t.me/orbitonx_bot,https://x.com/orbitonx,,2024-05-07,1122353,
315,Ninja Squad,quiet,"Play-to-earn game with an announcement channel, a community chat and an X account.",https://t.me/NinjaSquadAnn,https://t.me/ninjasquad_bot,https://x.com/ninjasquadgame,,2024-08-21,440817,
316,Volts,quiet,,,https://t.me/voltstoragebot,,,2024-06,13601,
317,Fanton Fantasy Football,quiet,Fanton – a Telegram mini‑app for fantasy football,https://t.me/fanton,https://t.me/FanTonGameBot,https://x.com/FantasyFanton,https://fan-ton.com/,2019-09-19,428474,
318,Dragon,quiet,,,https://t.me/dragondotbot,https://x.com/dragondotbot,,2024-04-25,283424,
319,SquidPEPE,quiet,"Egg-hatching game with squid eggs and TON rewards, with a chat and channel.",,https://t.me/squidpepebot,,,2026-01-22,23662,
320,QuackQuack,quiet,"Hatch more ducks, buy more nests, harvest more eggs, and earn airdrop rewards!",https://t.me/wequackquack,https://t.me/quackquack_game_bot,https://x.com/WeQuackQuack,https://quackquack.games/,2024-03-30,540157,
321,Flappy Bird,quiet,Flappy Bird — the classic game on Telegram,,https://t.me/flappybirdbot,https://x.com/flappy_bird,https://flappybird.org/,2024-09-16,640586,
322,Crazy Sausage,quiet,Tournament game where players compete for prizes.,https://t.me/crazy_sousage_ru,https://t.me/crazy_sausage_bot,,,2024-07-20,10815,
323,Alpaca AI,quiet,Grow your alpaca farm and earn,,https://t.me/alpaca_ai_bot,https://x.com/ton_alpaca_ai,https://wheelofwhales.io/?start=PofgiUcwpub,2024-10-20,67054,
324,Step Hero,quiet,A 'floor is lava' style game with daily challenges and marathons,https://t.me/stepheronews,https://t.me/stepherobot,https://x.com/StepApp_,https://step.app/referral,2024-06-24,,
325,Swopin,quiet,,https://t.me/swopin,https://t.me/swopin_bot,https://x.com/swopin_nft,,2024-08-08,357601,
326,Deus ex Machina,quiet,"Join Deus ex Machina Game! Earn xHOG, invite friends, complete tasks, and join the $HOG airdrop!",,https://t.me/deus_game_bot,,,2024-07-10,150718,
327,Keko Killer,quiet,,,https://t.me/keko_killer_bot,,,2024-08-23,267122,
328,TonJump,quiet,Jumping game in Telegram with an announcement channel.,https://t.me/tonjump_official_announcement,,,https://www.tonjump.xyz/web,2024-07-27,,
329,GoldRush,quiet,,,https://t.me/goldrush_app_bot,,,2024-04-02,137075,
330,Afterland,quiet,"Welcome to Afterland, an immersive play-to-earn experience set in a post-apocalyptic cyberpunk world",https://t.me/AfterlandTON,https://t.me/afterland_bot,https://x.com/afterlandTON,,2024-05-23,3632372,
331,Smartest,quiet,"A quiz game to play, earn Smart Coins, and become one of the smartest persons on a planet Earth",https://t.me/smartest_official,https://t.me/play_smartest_bot,,,2024-08-13,,
332,TERMINAL,quiet,GambleFi and GameFi platform running as a Telegram mini app.,,https://t.me/terminalgame_bot,https://x.com/timetoterminal,,2024-05-20,11375296,
333,Gangsta Monkey,quiet,Monkey-themed game bot with a community manager contact.,https://t.me/GangstaMonkey_Manager,https://t.me/gangstamonkey_bot,https://x.com/monkey_tap2earn,https://tiktok.com/@gangsta.monkey.game,2024-07-04,1016728,
334,TapBase,quiet,"Tap bot combining SocialFi, DeFi and AI features.",,https://t.me/tapbasebot,https://x.com/tapbaseapp,,2024-06-03,65187,
335,ElefantMine game,quiet,ElefantMine Telegram game. Play to earn and build your real Bitcoin mining empire!,,https://t.me/elefantmine_bot,,,2024-10-13,28325,
336,Frogs,quiet,,,https://t.me/realfrogs_bot,https://x.com/realFrogsClub,,2024-07-16,122071,
337,Cowtopia,quiet,,,,https://x.com/CowtopiaTON,https://cowtopia.tonfarmer.com,2024-04-05,,
338,Mellionaires Quest,quiet,,,https://t.me/melaniaquestbot,,,2024-05,18058,
339,MafiaDAO,quiet,,https://t.me/MafiaDAO,https://t.me/mafiadaobot,https://x.com/mafiada0,https://web3co.xyz,2024-08-11,213614,
340,Bomb Crypto BCOIN,quiet,The pixel art game inspired by the Bomberman game is built on blockchain and designed for both cryptocurrency enthusiasts and action game lovers,https://t.me/BombCryptoGroup,https://t.me/bombcrypto_io_bot,https://x.com/BombCryptoGame,https://bombcrypto.io/,2024-08-26,194916,
341,Panda Kombat,quiet,Join Panda Kombat in an epic adventure! Are YOU the chosen one to lead the Panda Clan to victory?,,https://t.me/pandakombat_official_bot,,,2024-09-01,271486,
342,First Grow,quiet,,,https://t.me/firstduck_bot,,,2024-05-20,227565,
343,TapPop,quiet,,https://t.me/TapPopAI,https://t.me/tappopbot,https://x.com/TapPop_AI,,2024-06-19,100547,
344,FERMASOSEDI GAME,quiet,"Join FERMA! Solve the Combo, play Jumping Pig, and win crypto prizes: 3,000,000 $USDT, $FERMA, and $TON! Play now!",,https://t.me/fermasosedibot,,,2024-06-14,86479,
345,Wormfare Slap,quiet,"Telegram mini app game from the Wormfare community, which brings together crypto, ecology and real-world participants.",https://t.me/wormfare,https://t.me/wormfare_slap_bot,https://x.com/wormfare,,2023-09-26,5412172,2024-08-07
346,Gemsee,quiet,,https://t.me/gemseee,https://t.me/gemsee_bot,https://x.com/gemseeton,https://gemsee.gitbook.io/gemsee,2024-04-07,124673,
347,PiggyPiggy,quiet,PiggyPiggy is the first workplace simulation mini-game,https://t.me/piggypiggyofficial,https://t.me/piggypiggyofficialbot,https://x.com/piggypiggygame,,2024-07-03,5438537,
348,TON Meme Party,quiet,Official TON Meme Party Bot,https://t.me/TonMemePartyChannel,https://t.me/tonmemepartybot,https://x.com/MemeParty_TON,,2024-06-24,643501,
349,LuckyBot,quiet,,,https://t.me/luckycode666_bot,,,2024-07-22,1223561,
350,Apes Game,quiet,Verify to gain access to community,https://t.me/apesol_gang,https://t.me/apesgame_bot,,,2024-08-15,167648,
351,Billion Gems,quiet,,,https://t.me/billiongems_bot,,,2024-05-13,1014267,
352,DreamCoin,quiet,Spin it all and farm gold in the next-level Telegram game!,,https://t.me/dreamcoinofficial_bot,,,2024-08-02,3484859,
353,Ponke TON game,quiet,Ready to join the Ponke TON army?,,https://t.me/ponketon_bot,,,2024-04-16,52703,
354,Pig of Ton,quiet,"Play, Enjoy and Earn Airdrop",https://t.me/pigofton,https://t.me/pigoftonbot,https://x.com/PigOfTon,https://pigofton.com/,2024-04-02,220594,
355,TonPotato,quiet,,,https://t.me/ton_potato_bot,https://x.com/TonPotato,,2024-04-05,18703,
356,Shark Attack,quiet,Join us on this amazing adventure and Earning free token,https://t.me/sharkattack_channel,https://t.me/shark_attack_io_bot,https://x.com/sharkattack_x,https://sharkattack.io/kw-click?keyword=beach%20vacation%20deals&position=0&clickUrl=https%3A%2F%2Fintivesearch.com%2Fsearch%3Fqs%3Dqsx-60e5c8364915b3074345e7b20195d760d5e51f26a2f04542be2a4a445537906e80f7e54831ca94a23ff780f4a37940f7785c5d385cfc03d38687fb5ffce469453c2f40cbe75b480866dc40d80616278fa6f5200d5975d6dd4b7fb08f199f51e3cbe1739004134335213ba5f2d66121e82071a3ed4084d7b0828a8ba6e2433144e30f4cba8a3f396b2d16188a41f5fb33ba160c2a7eec769e7bf82b01dc32d3dc2adb8127131c61ce01f5ae79538e88d3d746eb262652f0f604ec513e73a827d49fa911f9c9f0e403c4f359c8f097c09d244358953c946e5ea24bda9be50fa675d2f022b7c0ec3e2b388e4be5d89c13ae15bfc4416363fba31a439ca2cc9b11deca0e3feaeefc1fef48aad987ab44404685bd0dbbc9f5723b637b088da80e0077067ad7da2e19d5f371a17a099dc631aa4b7cf8ca3737b5a3293f286762b6fd7e7a762a85f0aae6c5d46482f418967e50e7bc9d87a1f8756881eb8ecf6660ee28546dc053d210f627e734878c225af0d3d77ca833f2c50072e025ca5db07a543d90009c74b6b5589a25297a5e51bed10656327b4168a1d68a0a39d3f1290b9e830c0a78a49528bace9e2af244bda256af02ba27a95f639465e45353bfd81a22f5d30d6fab3ad9cc2fc74e02945e4759a9b26c1d9c6ad9616724d80d82d9ae.fda09936616ad40afbea0e094408dfed%26type%3Ddm_t2GsA9xY__sharkattack_io%26dmn%3Dsharkattack.io%26q%3Dbeach%2Bvacation%2Bdeals%26testId%3D17%26tkn%3Dt2GsA9xY&testId=17&tkn=t2GsA9xY&source=&sid=04072e3f-0028-40bf-980c-6ca653050642,2024-03-14,60453,
357,GoalPixels,quiet,Football Manager - Build your Football Empire,https://t.me/GoalPixels,https://t.me/goalpixelsbot,https://x.com/GoalPixels,,2024-08-02,220980,
358,Genopets,quiet,Compete in retro PvP battles for Weekly Airdrops with friends!,https://t.me/genopets,https://t.me/genopets_pixelton_bot,https://x.com/genopets,https://www.genopets.me/articles/ready-to-battle-introducing-genopets-pixelton-arena-clzlqik4y004778t2sra0702l,2021-08-05,1206608,
359,Clayton Game,quiet,Telegram mini app game where players invite friends and farm points inside the Clayton ecosystem.,https://t.me/clayton,https://t.me/claytoncoinbot,https://x.com/ClaytonOnTon,https://claytoncoin.com/,2024-04-21,11176698,2024-10-04
360,Capybara,quiet,,,https://t.me/capybara_authbot,,,2024-06-08,831408,
361,TONWifey,quiet,Telegram game in which players put a virtual wife to work for the WIFEY token.,https://t.me/tonwifey_channel,https://t.me/tonwifey_bot,,,2024-09-22,2264919,
362,Black Myth WukongBWC,quiet,A single click is all it takes to unlock the potential of the most promising cryptocurrency on Telegram!,,https://t.me/bwcwukong_bot,,,2024-08-24,2224529,
363,KWINK,quiet,,https://t.me/kwink_support,https://t.me/kwink_game_bot,,,2024-04-04,120589,
364,Pirate Frenzy,quiet,Pirate Frenzy – A Play-to-Airdrop MiniApp on Telegram by / Powered by Ancient8,https://t.me/pirateclashchannel,https://t.me/pirate_frenzy_bot,https://x.com/PirateClash_HQ,https://zealy.io/cw/pirateclash/questboard,2024-02-06,754735,
365,ToMarsCoin,quiet,,,https://t.me/tomarscoin_bot,https://x.com/ToMarsCoin,https://tothemars.org,2024-06-18,377448,
366,Uzum Bos,quiet,Tap game in Uzbek and Russian where players tap grapes and collect gifts.,https://t.me/uzumbosofficial,https://t.me/uzumbosbot,,,2024-07-22,1390277,
367,Tea SOL Memebot,quiet,"Telegram tap game with a connected TEAP community, where taps are credited as money to a card.",,https://t.me/tea_solmemecoin_bot,https://x.com/TeaMemeCoin,https://teameme.wtf/,2024-01-12,518347,
368,Chickizen,quiet,Farm-to-Airdrop no TON Jogue agora,https://t.me/chickizen_channel_portugal,https://t.me/chickizenbot,https://x.com/chickizenTON,https://docs.chickizen.com/,2024-07-28,79371,
369,THE HIT,quiet,,,https://t.me/the_shit_money_bot,,,2024-09-20,1130644,
370,APIS,quiet,"Futuristic world of Beekeeping . Build your hive, upgrade you robotic bees and collect Nectarium",https://t.me/apis_io,https://t.me/apisgamebot,https://x.com/GameApis,,2023-12-15,516024,
371,TreasureTapper,quiet,"Telegram tap game from the Grindery team, which builds crypto wallets for humans and agents.",https://t.me/grinderyai,https://t.me/treasure_tapper_bot,,https://www.grindery.com/,2023-08-13,1562305,2024-06-02
372,RSVP Games,quiet,"I'm the RSVP Games App, join me and start collecting airdrop points + real prizes!",,https://t.me/rsvpgames_bot,,,2024-07-12,915262,
373,Duck Master,quiet,Are you willing to risk it all for a place in the Wall Street sun? Chapter 2,,https://t.me/duckmaster_game_bot,https://x.com/Duckmaster_app,,2024-06-10,5521086,
374,Squid,quiet,Squid - An idle blockchain game powered by TON inscription,https://t.me/squid_tg,https://t.me/squidtg_bot,https://x.com/squid_tg,https://squidtg.com/,2024-01-30,50575,
375,Captain Tsubasa,quiet,"Telegram game set in the Captain Tsubasa football world, with an announcement channel and community chat.",https://t.me/tsubasarivalsannounce,https://t.me/tsubasarivalsbot,,,2024-08-10,5401761,
376,TabiZoo,quiet,,https://t.me/tabi_ann,https://t.me/tabizoobot,https://x.com/tabi_zoo,,2024-04-16,4385836,
377,PAPERCOIN,quiet,"Telegram mining game with rewards in TON, clans and a community chat.",,https://t.me/papercoinbot,,https://getgems.io/collection/EQBKyOBYgqJZx46kfW4pxo6K8QU72POfsTWnEZKaq5qGnb99,2024-04-16,32103,
378,Duckygram,quiet,Collectible game where you hatch and breed unique ducks on Telegram to earn $EGG tokens,https://t.me/duckygram_game,https://t.me/duckygram_bot,,,2024-06-23,,
379,The Queue,quiet,"Play The Queue, a fun Telegram game with real TON prizes. Test your endurance!",,https://t.me/thequeue_bot,,,2024-01-12,21692,
380,ALCOCOIN APP,quiet,,https://t.me/alcocoins,https://t.me/alcocoin_bot,https://x.com/alcocoinapp,,2024-05-14,14449,
381,Devomon,quiet,,,https://t.me/devomontabmasterbot,,,2023-02-12,244170,
382,Sheep Royale 2,quiet,Sheep-themed game that runs only inside VKontakte rather than Telegram.,,https://t.me/sheeproyale2_game_bot,,,2024-03-05,30230,
383,Pacbot,quiet,,,https://t.me/teampacbot,https://x.com/pacbotapp,,2024-05-02,7640,
384,Chessio,quiet,"Online Chess Platform. Play, Solve and Compete to Earn!",https://t.me/chessio_en,https://t.me/chessiobot,https://x.com/chessio_,https://chessio.org,2024-06-13,23931,
385,Rent Tycoon,quiet,,,https://t.me/rent_tycoon_bot,https://x.com/Rent_Tycoon,https://www.namecheap.com/market/?utm_source=parkingpage&utm_medium=referral&utm_campaign=nc_market,2024-06-12,7099,
386,The Wall Street,quiet,Business-building Telegram game where players grow an empire and collect Streetcoins ahead of a planned TON listing.,https://t.me/the_wallstreet_news,https://t.me/the_wallstreet_bot,,,2024-07-03,47507,
387,PizzaGems,quiet,Pizza Mining / Minting on TON,https://t.me/pizzagems,https://t.me/pizzagems_bot,https://x.com/pizza_gems,,2024-04-01,15435,
388,Catopia,quiet,,,https://t.me/catopia_game_bot,https://x.com/Catopia_online,https://catopia.io/,2024-06-23,,
389,TapViking,quiet,"TapViking - Tap in to Riches. Fren, welcome to the Best Game. Be Rich with Viking",,https://t.me/tapviking_bot,,,2024-05-19,10446,
390,The Virus,quiet,,https://t.me/thevirusonton,https://t.me/the_virus_bot,,,2024-06,20200,
391,Checkers With Friends,quiet,"Checkers is a fun, classic board game that you can play with your friends without leaving Telegram",,https://t.me/startcheckersbot,,,2024-05-18,29141,
392,BunnyApp,quiet,,https://t.me/bunnyAppSupport,https://t.me/bunnyappbot,,,2024-04-21,,
393,Totemancer,quiet,"Strategic PvP board game: capture land, chain bonus turns, collect Totems",https://t.me/Totemancer,https://t.me/TotemancerBot,https://x.com/Totemancer,https://totemancer.com,2024-04-29,,
394,Endless Siege Game,quiet,,,https://t.me/endlesssiegegamebot,,,2023-06-15,6097,
395,Meme Battle,quiet,"Telegram battle game where memes clash, with a community channel and a project site.",https://t.me/memebattleapp,https://t.me/gamememebattle_bot,https://x.com/memebattleapp,https://memebattle.app/,2024-06-03,2333,
396,Robincoin,quiet,"Spin, Attack, Raid friends and Build on your way to an Empire",https://t.me/robincoin,https://t.me/robincoin_bot,,,2023-09-22,,
397,Pushcoin,quiet,"Telegram airdrop bot for the Pushcoin community, with a chat and a news channel.",https://t.me/push_coin,https://t.me/push_coin_bot,https://x.com/pushcoin_world,,2024-05-22,2083,
398,TON Dino,quiet,Play Chrome Dino on Telegram,https://t.me/eppy_enertime,https://t.me/ton_dino_bot,https://x.com/Enertime_Eppy,,2024-06-04,1816,
399,TG GAMES,quiet,"Join , the Biggest Gamified Rewards and Shop Platform in Telegram!",https://t.me/TGGames_official,https://t.me/tg_gamesbot,https://x.com/TGGames_APP,https://tg.games,2023-08-08,1978,
400,EcoHero,quiet,"Help, Earn, Donate, Make a Difference",https://t.me/ECHA_EcoHero,https://t.me/echa_ecohero_bot,https://x.com/echa_ecohero,https://lesnikovfund.org/,2021-09-11,1448,
401,Captains Bay App,quiet,become the strongest captain in the bay,https://t.me/CaptainsBay,https://t.me/captainsbaybot,https://x.com/CaptainsBayApp,https://captainsbay.xyz/,2024-03-30,,
402,MineQuestGame,quiet,,,https://t.me/minequestgamebot,https://x.com/MineQuest_Game,,2024-08-14,1319,
403,Maincard,quiet,Web3 game based on sports fantasy management. Earn $MCN by predicting the results of sports events,https://t.me/MaincardOfficial,https://t.me/maincardton_bot,https://x.com/MaincardGame,https://app.maincard.io/,2023-03-06,,
404,MiniGameCenter,quiet,Best MiniGame Platform!,,https://t.me/minigamecenterbot,,,2024-07-27,,
405,Wooden Fish bot,quiet,Wooden fish meditation app on Telegram themed around harmonizing the mind.,,https://t.me/woodfish_bot,,,2024-06,2864,
406,TopTap,quiet,,,https://t.me/toptapapp_bot,,,2024-06,258671,
407,$CUBE Worlds,quiet,Acquire your unique NFT character in,https://t.me/cube_worlds,https://t.me/cube_worlds_bot,,https://x.com/bastion,2024-03-06,1897,
408,Ditto,quiet,,,https://t.me/the_ditto_bot,https://x.com/dittocoin,,2024-09-27,942,
409,Paper PLANE Game,quiet,,,https://t.me/paperplanegamebot,,,2024-02-23,2411,
410,TON Tarot,quiet,Discover your future with tarot cards,,https://t.me/tontarot_bot,,,2024-10-21,,
411,Flare X,quiet,Mission to the Flare X solar system (Version 1.4.6),,https://t.me/flarexgamebot,,,2024-04-03,351551,
412,Cosmo Bear,quiet,"Barry the bear tests a cryogenic formula in space. Earn USDC and coins, and convert them into $CBX tokens airdropped",https://t.me/cosmobear_io,https://t.me/cosmobear_bot,https://x.com/CosmoBear_io,https://cosmobear.io,2024-07-02,,
413,Roach Racing Club,quiet,A racing game with bio-mechanical roaches and trading predictions,https://t.me/roachracingclub,https://t.me/roachracingclubbot,https://x.com/RoachRacingClub,https://app.roachracingclub.com/,2024-08-09,,
414,Litrbull,quiet,"Where milk meets digits, magic happens",https://t.me/litrbull,https://t.me/litrbullbot,https://x.com/litrbull,https://litrbull.com,2024-07-05,,
415,Spun Game App,quiet,Matrix-style game on Telegram linked to the Spun meme community.,,https://t.me/spungamebot,https://x.com/spuncoin,https://spunmeme.io,2024-06-26,865,
416,CRONA,quiet,,,,,https://sociafober.me,2025-02-01,,
417,Triton,quiet,"It's getting cold, don't forget to wear something",https://t.me/notTriton,https://t.me/notTriton_bot,https://x.com/thetritonapp,,2024-07-21,45380,
418,Bacoin,quiet,"Build your farm, earn TON & Bacoins, invite friends, unlock upgrades",,https://t.me/bacoin_bot,,,2024-06-20,,
419,MiomiGame,quiet,Miomi Game - Esports Online Arena,https://t.me/miomigame,https://t.me/miomigame_bot,https://x.com/miomi_game,,2025-02-07,576,
420,Cat ID Paws,quiet,"Telegram game where players swipe paws and collect coins, with an announcement channel and chat.",https://t.me/catidpaw,https://t.me/catidpawsbot,https://x.com/catidpaw,,2024-05-27,752149,
421,MetaMiners,quiet,"Build, upgrade, merge, earn USDT, and enjoy passive income with MetaMiners!",https://t.me/meta_miners_community,https://t.me/meta_miners_official_bot,https://x.com/MetaMiners_Game,https://metaminerstest.my.canva.site/metaminers,2024-06-06,123427,
422,Exoworld,quiet,"Clicker-style game on Telegram that presents itself as more than another tapper, with a news channel.",,https://t.me/playexoworldbot,,,2024-07-19,,
423,DuckOnTon Game,quiet,PsyDuckGame is a mini game built on the TON blockchain platform. Join,,,,,2024-06-28,,
424,Pokemon Ball,quiet,Welcome to Ballcoin Game!,https://t.me/ballcoin_official,https://t.me/pokemonball_bot,,,2024-06-12,,
425,Space Hunters Ecosystem,quiet,"official announcement channel. Play-to-Earn, Free-to-Play",https://t.me/spacehuntersnews,https://t.me/spacehuntersbot,https://x.com/nftspacehunters,https://spacehunters.online,2024-05-19,2378,
426,WINKO Game Token,quiet,Telegram game with a WINKO token on the TON network that supports withdrawals.,https://t.me/foliostack,https://t.me/winkogametokenbot,https://x.com/WinkoBet,https://winko.bet/,2024-05-21,,
427,Joker,quiet,Become the Master of Fortune,,https://t.me/joker_neobot,https://x.com/moki_ag,https://moki.ag/,2024-08-03,,
428,Endless Siege 2 Game,quiet,Endless Siege 2 is a classic Tower Defense game where you'll have to withstand against hordes of incoming enemies,,https://t.me/endlesssiege2gamebot,,https://hackney.games,2023-10-19,579,
429,Piggie Game,quiet,Take the coins out of the Piggie bank,https://t.me/PiggieRu,https://t.me/piggiegamebot,,,2024-06-13,578383,
430,TON Doom Bot,quiet,"Telegram doomsday survival app with quests, invites and play-to-earn mechanics on TON.",https://t.me/TONDoomsday,https://t.me/tondoombot,,,2024-04-03,,
431,TonGear,quiet,TON Gear Announcement English channel,https://t.me/TON_Gear_Announcement_EN,https://t.me/tongearbot,,,2024-08-06,,
432,TON Shaker,quiet,Join the Shakeconomy! Earn up to 120% APR!,https://t.me/tonshaker_news,https://t.me/tonshakerbot,https://x.com/tonshaker,https://tonshaker.com/,2024-11-21,,
433,UPTON,quiet,"Telegram crypto game project combining mini-games, a token on TON and an NFT marketplace.",https://t.me/uptoncrypto,https://t.me/uptoncryptobot,,,2024-06,,
434,Pollo,quiet,Pollo Official Announcement Channel,https://t.me/polloverse,https://t.me/pollovotebot,https://x.com/pollovote,https://pollo.vote/,2024-06-24,,
435,Raccoon Universe,quiet,"Telegram game set in the RacCity world, with an announcement channel and partnership contact.",https://t.me/racoonuniverse,https://t.me/raccoonuniversebot,https://x.com/spinariumcasino,,2024-01-08,40555,
436,Eggo Quest,quiet,"Try your luck, break the egg and see what happens next!",https://t.me/eggoquest_support,https://t.me/eggo_quest_bot,https://x.com/eggoquest,,2024-07-09,599234,
437,Ape Arcade,quiet,Welcome to the Ape Arcade. Play awesome casual games and complete quests to earn Ape Points,,https://t.me/ape_arcade_bot,https://x.com/RealApeArcade,,2024-06-23,16198,
438,Coin Match Game,quiet,CoinMatch: 3-match crypto game! It's the ultimate crypto frenzy you won't want to miss!,,https://t.me/coinmatchgamebot,,https://hackney.games,2022-11-07,230,
439,Seeds of TON,quiet,Seed is an open social exploration game aiming at realizing social games. Telegram,https://t.me/SeedsofTON,https://t.me/seeds_game_bot,https://x.com/SeedsofTon,,2024-07-19,215,
440,SHOOTTAP,quiet,"+50k & 0.002 TON bonus for you and your friend Every month,a chance to win a big prize",,https://t.me/shoottap_bot,,,2024-09-21,114355,
441,MemeTD,quiet,MemeTD — an idle tower defense game with crypto coins,https://t.me/MemeTD_Official,https://t.me/memetd_bot,https://x.com/MemeTD_official,https://memetd.game/,2024-04-04,141438,
442,Royal Fortress,quiet,"Upgrade your tower, then lose and do it again!",,https://t.me/royalfortressbot,,,2024-03-15,26918,
443,CrabsTap by $CRABS,quiet,Welcome to Crabs Universe!,,https://t.me/crabstap_bot,https://x.com/Cattontw,,2024-10-21,,
444,EPYMINING,quiet,,,https://t.me/epymining_bot,,,2024-07,201,
445,MemeTV,quiet,# 1 Crypto Fantasy Game - Win 10000 NOT coins Daily,https://t.me/TheMemeTvAnn,https://t.me/thememetvbot,,https://memetv.fun,2024-07-17,269437,
446,Cat Hunter,quiet,Complete simple tasks & earn,https://t.me/cathunter_channel,,,,2024-07-05,,
447,Scroo-G,quiet,"Telegram mini app game with a news channel, community chat and project website.",https://t.me/scroo_g,https://t.me/scroo_g_bot,https://x.com/scroo_g,https://scroo-g.com,2024-05-15,178551,
448,TON Tanks bot,quiet,TON Tanks bot — a real-time PvP tank battle game,https://t.me/ton_tanks_nft_ru,https://t.me/tontanksbot,https://x.com/Ton_Tanks,https://tontanks.io,2023-03-06,,
449,ChallenQuizBot,quiet,is a knowledge assessment competitive game on TON blockchain,https://t.me/challenquiz,https://t.me/challenquizbot,,https://challenquiz.online,2023-09-09,162,
450,Quack Attack,quiet,Telegram game with a community chat and a dedicated game website.,https://t.me/QuackAttackGame,https://t.me/quack_attack_bot,,https://www.quackattackgame.com/,2024-09-30,919282,
451,virtualspaceapp,quiet,"Play, earn, explore and create virtual worlds, promote your business",https://t.me/nftmoonl,https://t.me/virtualspaceapp_bot,https://x.com/metaversemoon,https://www.vi-space.ru,2021-03-09,85313,
452,BastionBattle,quiet,Community chat / Game / X,https://t.me/bastion_battle_news,https://t.me/bastionbattle_bot,https://x.com/BastionBattle,,2024-06-23,290151,
453,Fingerprint Scanner,quiet,Official TON Fingerprints channel,https://t.me/ton_fingerprints,https://t.me/fingerprint_scanner_bot,,https://nft.mir.one/fingerprints,2022-03-24,610,
454,TimeWarriors,quiet,"Evolve your warriors, defeat enemies, rank up, and earn epic rewards!",,https://t.me/timewar_bot,,,2024-06-23,,
455,Saw Token,quiet,Become the luckiest player in Telegram! $SAW token coming soon…,,https://t.me/SAWCOIN_BOT,https://x.com/SAW_COIN,,2025-01-17,4694,
456,Asset Mart,quiet,Build your own digital asset empire! DM for collaboration,https://t.me/assetmartannouncements,https://t.me/assetmart_bot,https://x.com/Assetmartco,https://assetmart.co/,2024-09-03,151033,
457,CattonAi,quiet,Where Legendary IPs Meet AI NPCs Evolution on Telegram,https://t.me/cattonAnn,https://t.me/cattonaibot,https://x.com/Cattontw,https://catton.tech,2024-04-21,,
458,Giga Game,quiet,Created by Gigachads for Gigachads,https://t.me/gigachaddigital,https://t.me/gigachadappbot,,,2024-04-24,,
459,Trading just a Game,quiet,Trading simulator mini app on Telegram.,,https://t.me/trading_just_game_bot,,,2024-06-15,658,
460,RPS Titans,quiet,,,,https://x.com/RpsTitans_Game,https://www.rpstitans.xyz/,2025-09-30,,
461,Raccoon STARZ,quiet,"WE ARE RACCOONS , WE ARE THE BEST",https://t.me/raccoonstarz,https://t.me/raccoonstarzbot,,,2024-09-13,,
462,$TCULT Plush Bot,quiet,"$TCULT Plush Bot is the official Telegram launch hub for four free games: Plush Tap, Plush Run, Plush Hop, and $GRAMMING",https://t.me/TCULT_GROUP,https://t.me/TCultPlushBot,https://x.com/TCULTonTON,https://www.tcult.site/#arcade,2026-05,,
463,2048 TON,quiet,You can play 2048 TON directly on the Telegram app,https://t.me/T2EGAMENotice,https://t.me/MergeNumberTONbot,,https://telegramgame.net/,2024-10,,
464,AddUp,quiet,"Predict Bitcoin, earn points, complete quests & climb the leaderboard Join now!",,https://t.me/addup_crypto_bot,,,2025-01-20,1593369,
465,AFK Loot,quiet,"Play AFK Loot, the ultimate idle RPG mini-app on Telegram",https://t.me/afklootgame,https://t.me/afklootgame_bot,https://x.com/ocalirdigital,https://afkloot.vercel.app/,2026-04,,
466,Age Of Gram,quiet,"Welcome to Age Of Gram! Build your kingdom, command legendary armies, conquer your enemies & earn rewards",,https://t.me/ageofgrambot,,,2026-09-24,,
467,AIvanced,quiet,"Walk, learn and battle game with fitness tracking",,https://t.me/aivancedbot,,,2025-04-04,6337,
468,Akronix,quiet,Play-to-earn game bot on Telegram,,https://t.me/akronix_bot,,,2024-10-10,79123,
469,Allting,quiet,Become the CEO of Allting!,https://t.me/alltingceo,https://t.me/allting_bot,,https://allting.ceo,2025-03,,
470,Almost A Hero,quiet,Almost A Hero is probably one of the most addicting RPG clicker games you will find out there today,https://t.me/BotGameyard,https://t.me/Herotonbot,https://x.com/Bot_Gameyard,,2024-05-17,,
471,AlpacaMoney,quiet,Telegram mini app game,,https://t.me/alpacamoneybot,,,2024-10-22,80029,
472,Amazing Marshmallows,quiet,Amazing Marshmallows – a Telegram mini‑app game,https://t.me/dc_ton,https://t.me/amazing_marshmallow_bot,,https://getgems.io/collection/EQCKvfM723D-azwQFEK3_hBySkCkTWqYjcaTona3cshrU5C-,2022-11-19,,
473,ANAGRAM,quiet,Skill-based anagram puzzle game on Telegram.,,https://t.me/anagramappbot,,,2026-07-31,,
474,Animix,quiet,AI-Powered game of DNA Fusion and Card Battles,,https://t.me/animix_game_bot,,,2025-03-23,622780,
475,Antarctica Survival,quiet,,,https://t.me/antarcticasurvival_bot,,,2026-05-13,,
476,Apes of BTC,quiet,Apes of BTC is the game of BTC Terminal,,https://t.me/apesofbtcbot,,,,,
477,Apocalypse TON,quiet,,,https://t.me/apocalypseton_bot,,,2026-07-01,,
478,AquaTON,quiet,Fishing game on TON with an official Telegram channel.,,https://t.me/fishhinng_bot,,,2026-06-21,,
479,Arena: TON RPS,quiet,"Rock paper scissors mini app with real-time one-on-one matches, free play and reward contests.",,https://t.me/ArenaMatchBot,,https://rps-game-ruddy.vercel.app/,2025-12,,
480,Aria Game,quiet,Mini app game with rewards in AriaLand,,https://t.me/playariabot,,,2024-09-17,732685,
481,Army of ARNI,quiet,,,https://t.me/arniarmy_bot,,,2026-02-17,,
482,ASTREX,quiet,ASTREX is a fast-paced space arcade game built for Telegram Mini Apps,https://t.me/astrex_game,https://t.me/astrex_bot,https://x.com/AstrexGame,https://www.astrex.io/,2024-10,27058,
483,AVAbot,quiet,Telegram mini app game,,https://t.me/avabnbbot,,,,,
484,AVACOIN,quiet,Gold is where you find it,https://t.me/avagoldcoin,https://t.me/avagoldcoin_bot,https://x.com/avagoldcoin,https://avagoldcoin.com,2024-02-05,7409605,2024-10-07
485,AVARUSH,quiet,Match-3 game with XP rewards on Telegram,,https://t.me/avarushbot,,,2025-06-04,,
486,Azuki Alley Escape,quiet,Skate game from Azuki and GAMEE,,https://t.me/azukiescapebot,,,2026-01-15,208767,
487,Baboon,quiet,Web3 gaming platform in Telegram,,https://t.me/thebaboon_bot,,,2024-04-13,2467139,
488,Bananometer,quiet,Banana-themed game bot with chats,,https://t.me/banana_meter_bot,,,2024-11-21,423777,
489,Base Bear Cutie,quiet,,,https://t.me/trumpy_coin_bot,,https://basebear.pro/,2024-08-14,38376,
490,Basic Reality,quiet,The world map is divided into unique 20×20 meter land tiles,https://t.me/basic_reality_chat,https://t.me/Basic_reality_bot,,https://basic-reality.ru/,2024-04-26,,
491,Basilisk,quiet,"Event inside the Crownville game where players raise basilisks, invite friends and collect TON and NFT rewards.",,https://t.me/basiliskcrownvillebot,,,2026-07-02,,
492,BattleOfMemes,quiet,,,https://t.me/baom_game_bot,https://x.com/battleofmemes_,https://headgun.org/,2024-06-26,105357,
493,BEERTAP GAME,quiet,Beertap is an official game from $BEER. Play and get to the top. Win unique amazing rewards and prizes,,https://t.me/beercointap_bot,https://x.com/beercoinmeme,https://beercoin2.wtf/,2024-05-07,16679,
494,Bera Bee Catcher,quiet,Mine-to-earn game on Berachain and TON,,https://t.me/berasigwallet_bot,,,2024-05-21,357945,
495,Berg (mini app),quiet,,,https://t.me/ndtwin_bot,,,2026-03-07,,
496,Billion Zombies,quiet,Kill zombies and earn Zombie token,,https://t.me/billionzombiesbot,,,2025-08-09,161333,
497,BillionaireMarket,quiet,Telegram mini app game,,https://t.me/billionairemarket_bot,,,2025-01-12,229326,
498,Birds game,quiet,Bird-themed mini app game with payouts,,https://t.me/starsbirdsbot,,,2026-02-02,486450,
499,Birds game,quiet,Bird-themed mini app game with payouts,,https://t.me/ton_birds_bot,,,2026-02-21,596852,
500,BitBot,quiet,Telegram mini app game with a Persian-language description that promises prizes.,,https://t.me/bit24_bit_bot,,,,,
501,BitPlay,quiet,AI-driven Web3 casual gaming platform,https://t.me/bitplayfun,,,,2024-08-21,,
502,BitZoo,quiet,Zoo game mini app on Telegram,,https://t.me/bitzooappbot,,,2025-09-13,,
503,Blink Game AI,quiet,"Mini app that detects eye blinking, rewarding players who stay without blinking.",,https://t.me/blinkgameai_bot,,,2025-04-16,3287078,
504,Blockchemy,quiet,"Step into the enchanting world of Blockchemy, where wonders and challenges come to life!",https://t.me/blockchemy,https://t.me/blockchemybot,https://x.com/blockchemy,https://blockchemy.io/,2024-01-02,,
505,BlueTon,quiet,Telegram mini app game,,https://t.me/blueetonbot,,,2024-12-18,,
506,Boxing Star X,quiet,,,https://t.me/boxingstarx,,,2025-07,,
507,BraveMiner,quiet,"In the virtual universe of Web3, the planet Lumenia hides countless secrets and treasures",,,https://x.com/BFBSPORT_OFFIC,https://bfbsport.com/,2024-04,,
508,BrickBank,quiet,Telegram mini app game,,https://t.me/brickbankbot,,,,,
509,brocoin,quiet,PvP game earning BRO and TON,,https://t.me/itsbrocoinbot,,,2024-09-10,390191,
510,Bruno Play,quiet,Play-and-earn game bot on TON,,https://t.me/brunoplay_bot,,,2025-11-20,,
511,Campfire,quiet,Crew-building survival mini app,,https://t.me/campfire_ton_bot,,,2024-04-21,,
512,Capybobo,quiet,Capybara mini app game with a token,,https://t.me/capybombbot,,,2024-04-16,,
513,CashRush,quiet,Gangster-themed game in Telegram,,https://t.me/cash_rush_bot,,,2024-09-21,1843831,
514,CatBOSS,quiet,Telegram game bot,,https://t.me/catbossgamebot,,,2025-10-23,,
515,Chain Fight,quiet,Text RPG in a Norse setting,,https://t.me/chainfight_bot,,,2026-02-02,,
516,Chaos War,quiet,Chaos War is a fast-paced arcade game where you battle endless waves of enemies using powerful abilities and collect valuable loot,https://t.me/chaoswargame_en,,,https://chaoswar.xyz,2024-10,,
517,CIRCLES,quiet,A game of trust. Build your circle — or destroy someone else’s. The one who survives takes the prize,,https://t.me/pd_circles_bot,,,2026-05-17,368009,
518,City of Thieves,quiet,Noir-themed idle game where players build a crew and carry out robberies.,,https://t.me/city_of_thieves_bot,,,2026-03-03,43678,
519,CivilizationTon,quiet,"Strategy game on TON with a support contact, channel and chat.",,https://t.me/civilizationton_bot,,,2025-07-20,69703,
520,Clan of Raiders Game,quiet,Conquer Airdrops and Earn Crypto Join Clan of Raiders and become a crypto legend!,,https://t.me/clanofraidersbot,,,2024-06-23,138412,
521,Clash of Diggers,quiet,,,https://t.me/clashofdiggersbot,,,2026-04-30,,
522,Clean Sheets,quiet,Clean Sheets is a hypercasual penalty shootout game where players can earn tokens by scoring goals,https://t.me/balliesuniverse,https://t.me/BalliesUniverse_bot,https://x.com/BalliesUniverse,https://cs.ballies.gg,2024-10,,
523,Cloth Plantation,quiet,"Game bot belonging to the Cloth project, with its own channel.",,https://t.me/cloth_project_bot,,,2024-06-08,,
524,Clown Wars,quiet,Game access bot for Clown Wars NFT swords,,https://t.me/clownwars_bot,,,2025-07-21,,
525,Coffee Garden,quiet,Coffee farming game paying TON,,https://t.me/coffeegardenbot,,,2025-12-26,40651,
526,Coin Bunny,quiet,Social spin game on the TON blockchain,,https://t.me/coinbunnyappbot,,,2024-08-06,,
527,CoinHunters,quiet,Play-to-earn MMORPG on TON,,https://t.me/coinhuntersgamebot,,,2024-06-04,,
528,Collection Hunt,quiet,Mini app for building art collections,,https://t.me/collection_hunt_bot,,,2024-08-23,123036,
529,Colonizer Mine,quiet,Mining strategy game on Telegram,,https://t.me/marscapitalbot,,,2025-02-13,,
530,ColorPool Brush Game,quiet,"The fun, simple & secure way to explore Chromia",,https://t.me/colorpoolbot,,,2025-01-09,41850,
531,Cookie Wars,quiet,PvP game with tournaments in Telegram,,https://t.me/cookiewrs_bot,,,2026-03-24,,
532,CoolCats,quiet,Cooltopia games and quests mini app,,https://t.me/coolcatsglobal_bot,,,2025-12-11,,
533,Cosmix,quiet,Gaming mini app on Telegram with a community channel and perks.,,https://t.me/cosmicfactions_bot,,,2024-12-12,11536,
534,CosmosTap,quiet,"Blast off with CosmosTap, our new Telegram minigame! Collect cosmic cash, and upgrade your spaceship to venture deeper into the universe",,https://t.me/cosmos_tap_bot,https://x.com/cosmos_tap,https://cosmostap.com/,2024-11-14,,
535,CosmoTon,quiet,Play-to-earn game on TON with its own game channel.,,https://t.me/cosmotongamebot,,,2024-06-03,,
536,Crazy Llama,quiet,Community chat of Crazy Llama farm game,https://t.me/crazyllamafarmru_chat,https://t.me/crazyllamafarmbot,,,2022-09-26,,
537,Crazy Plantation,quiet,Farm-style game in Telegram,,https://t.me/cryptocrazy_plants_bot,,,2025-12-26,,
538,CrownvilleSurvivors,quiet,Crownville Survivors. Coming soon. Back it early and become a founder,,https://t.me/crownvillesurvivorsbot,,,2026-07-25,,
539,Crybble Wars,quiet,Crybble Wars — the wildest crypto arcade on the web,,https://t.me/crybblegame_bot,https://x.com/crybble,https://crybble.com,2024-11,19002,
540,Crypto Grandpa,quiet,Crypto Grandpa game bot,,https://t.me/crypto_grandpa_bot,,,2024-06-27,,
541,Crypto Rush,quiet,Play to earn: Complete quests in the future city and earn crypto,,https://t.me/cryptorushfun_bot,,,,,
542,CryptoGrove,quiet,"CryptoGrove - Grow trees, earn crypto rewards Channel",https://t.me/cryptogrove_channel,https://t.me/Grove_crypto_bot,,,2025-12,62,
543,CryptoKitties: ALL THE ZEN!,quiet,A most eggceptional game,,https://t.me/ckmeowbot,,,,,
544,CryptoMine CGS,quiet,"We are the CryptoGameSpace team, a new community of the gaming industry in the field of cryptocurrency",,https://t.me/cryptogamespace_bot,https://x.com/EntertaimentCGS,https://cryptogameio.com.ru/,2023-12-25,,
545,Cryptons,quiet,"In Cryptons, players evolve their characters by battling others",,https://t.me/cryptons_game_bot,https://x.com/thecryptonsgame,,2024-07-12,,
546,Crystal Kami,quiet,Telegram mini app game,,https://t.me/crystal_kami_bot,,,2024-11-21,173790,
547,Cuberium,quiet,Cuberium Defence here to start farming,,https://t.me/cuberiumbot,,,2024-09-26,,
548,Cyber Fish,quiet,,,https://t.me/cyberfishgamebot,,,2026-09-27,,
549,Cyber Powder,quiet,PvP game on Telegram with a news channel and chat.,,https://t.me/cyberpowder_bot,,,2024-08-12,,
550,Cyber Village,quiet,,,,,,2024-04-02,,
551,DAR Open Network,quiet,Gaming ecosystem with mining game,https://t.me/minesofdalarnia,,,,2021-11-01,,
552,DeckForge,quiet,A free-to-play card universe,https://t.me/deckforge_official,,,,2026-01-04,,
553,DecrypTON,quiet,,,https://t.me/DecrypTON_Bot,https://x.com/Decryp_TON,,2026-08-08,,
554,Defender Fury,quiet,Game in the Kat Knight bot ecosystem,,https://t.me/furydefender_bot,,,2025-03-29,399010,
555,DegensCryptoBot,quiet,Telegram mini app game for Web3 degens,,https://t.me/degenscryptobot,,,2024-10-28,1669045,
556,Dfantasy,quiet,Dfantasy is an on-chain Web3 fantasy football game,https://t.me/dfantasy_pro,https://t.me/dfantasy_bot,https://x.com/dFantasy_pro,https://app.dfantasy.pro/,2024-03-28,,
557,Dickshoti,quiet,"Mining, memecoin, NFT and crypto game bot",,https://t.me/dickshotibot,,,2025-11-11,,
558,Dig Rise,quiet,Mining-themed mini app game,,https://t.me/digrise_bot,,,2026-03-20,,
559,Digger Game,quiet,Mini app game with official channel,,https://t.me/diggerton_bot,,,2024-08-02,698959,
560,Digitcoin,quiet,Digitcoin ($DIGIT) is a gamified NFT platform that bridges digital collectibles with real-world exploration and community-driven interaction,https://t.me/digitcoin_community,https://t.me/digitcoin,https://x.com/thedigitcoin,https://digitcoin.io,2025-10-28,,
561,Dino Pump,quiet,Dinosaur-themed Telegram game with an announcement channel and chat.,,https://t.me/dinopump_bot,,,,,
562,District Clash,quiet,Slavic cyberpunk PvP battle game,,https://t.me/districtclash_bot,,,2025-03-17,102781,
563,Dog Mutant,quiet,Dog Mutant is an idle PvP game on TON Blockchain,https://t.me/DogMutantNews,https://t.me/DogMutantBot,https://x.com/dog_mutant,https://dogmutant.com,2024-06-23,21647,
564,Doggers,quiet,Dog-themed TON game and DOGG token bot,,https://t.me/doggtonbot,,,2024-07-18,,
565,DON TON,quiet,Massively multiplayer game designed specifically for Telegram ecosystem,https://t.me/don_ton_news,https://t.me/don_ton_bot,,https://donton.net/,2025-01-17,235714,
566,DOOM,quiet,DOOM ported to Telegram by Axiom Game Labs,,https://t.me/agl_doom_bot,,,2024-10-15,224345,
567,DoraTon,quiet,,,https://t.me/doratonsbot,https://x.com/DorawifTon,https://battlebulls.com/,2024-06,,
568,Drago Evolution,quiet,NFT Game on TON blockchain,,https://t.me/dragoevolution_bot,,,2024-11-29,635874,
569,Dragon Slither,quiet,GameFi survival game on Telegram,https://t.me/dragonslither,https://t.me/dragonslither_bot,,,2024-06-15,,
570,DragonMania,quiet,Dragon-themed NFT game bot on Telegram.,,https://t.me/dragonmania_nft_bot,,,2025-04-27,,
571,Drift Zone: Arena,quiet,Earn Coins and Fight for $DT supply in real time battles BATTLE NOW,,https://t.me/driftzonebot,,,2025-01-17,58099,
572,Dropshit The Game,quiet,"Dodge, Score, Earn : Join the Race in the Game Frenzy!",,https://t.me/drop_shit_game_bot,https://x.com/Drop_shit_game,,2024-05-14,,
573,Duck games,quiet,"Game from the Duck Games project with support, news, bank and chat channels.",https://t.me/duck_games_news,https://t.me/duck_gaming_bot,,,2026-09-19,,
574,Duck's Empire,quiet,Play-to-earn game with duck workers,,https://t.me/ducksempire_bot,,,2026-04-17,,
575,Duckers,quiet,Duck breeding game community,https://t.me/duckersgroup,,,,2025-04-22,,
576,Ducks,quiet,Ducks metaverse on TON blockchain,https://t.me/ducks,,,,2024-01-11,,
577,Duel Rush: Wild Web,quiet,"Duel Rush: Wild Web is a live multiplayer reaction duel game for Telegram with real opponents, friend duels, matched rivals, bots, and fast new fights",,https://t.me/duelrush_bot,,,2026-04,,
578,DUNGEON LAND,quiet,Welcome to Dungeon Land!,,https://t.me/dungeonlandbot,,,2026-09-25,,
579,Dungeon of KITSU,quiet,Fox-themed dungeon game on Telegram with an announcement channel.,,https://t.me/DungeonsOfKitsune_bot,https://x.com/kitsuneton,https://dungeonsofkitsune.com/,2024-11-04,145683,
580,Durak on TON,quiet,The most iconic card game is now available on TON!,,https://t.me/durakton_playbot,,,2024-11-02,,
581,Durger King,quiet,Fictional fast-food mini app game,,https://t.me/durgerkingbot,,,2022-04-09,62233,
582,Dystopia Game,quiet,Telegram gaming platform with mini-games and play-to-earn,,https://t.me/dystopiagamebot,,,2025-05-25,,
583,EmerLand,quiet,Castle-themed Telegram game,,https://t.me/emerlandgame_bot,,,2025-05-21,29814,
584,Enchant TON,quiet,"The iconic Enchant game is back, now supercharged with the TON blockchain platform!",https://t.me/T2EGAMENotice,https://t.me/EnchantTONbot,,https://telegramgame.net/,2024-10,,
585,Era of Valor,quiet,Strategy game with heroes and battles,,https://t.me/era_of_valor_bot,,,2024-05-21,,
586,EyeTon,quiet,"Game bot from the Gold Nuts project, with a news channel and support bot.",https://t.me/goldnutsnews,https://t.me/eyetonbot,https://x.com/eyetonbot,https://eyeton.click/,2026-05-25,,
587,Family Cards Club,quiet,Family Cards Club — a fun and interactive Telegram mini app that brings classic card games to your fingertips!,https://t.me/familycardsclub,https://t.me/family_cards_club_bot,https://x.com/FamilyCardsClub,,2024-10-26,20739,
588,Fan Frenzy,quiet,Fan frenzy game bot,,https://t.me/fan_frenzy_bot,,,2024-08-12,,
589,Fanzee,quiet,Epic Battles on your favourite topics inside Telegram,https://t.me/fanzeefriend,https://t.me/fanzeebattlesbot,https://x.com/fanzeelabs,,2022-06-25,,
590,Farmaton land,quiet,"Farmaton is based on TON blockchain, which has been developed by trying to optimize this ecosystem and of course using the active contacts of this blockchain.Th",,https://t.me/farmatonland_bot,,https://farmaton.app/,2025-03-14,,
591,FarmGo,quiet,Farm tycoon game in a Telegram mini app,,https://t.me/farmgobot,,,2024-07-30,1253987,
592,Fashion Queen Games,quiet,Game platform with Russian community chat,https://t.me/fq_chat_ru,,,,2026-07-09,,
593,FighTon,quiet,"Fighting game on TON with a game channel, chat and collaboration contact.",,https://t.me/fighton_bot,,,2025-07-10,,
594,Fishing Frenzy,quiet,A cozy fishing RPG in the making,,https://t.me/fishingfrenzy_bot,,,2025-01-24,393852,
595,Fitton,quiet,Gamified fitness mini app,,https://t.me/fittonapp_bot,,,2024-11-19,,
596,Flip Out,quiet,,,https://t.me/flipoutbot,,,2025,,
597,Flipo bot,quiet,,,https://t.me/flipogamebot,,,2026-07-20,,
598,FlyTon,quiet,Decentralized game running on its own smart contract,,https://t.me/flytongamebot,,,2026-05-11,,
599,FollowDragons,quiet,Dragon game project on TON,https://t.me/dragons_ton,,,,2022-02-20,,
600,ForestGreen,quiet,Forest Green game on Telegram with an official news channel run by an administrator.,https://t.me/ForestGreenOfficial,https://t.me/cryptowood_mini_app_bot,,,2024-09-16,,
601,Forge Hero,quiet,"Join the action-packed world of Forge Hero, a highly rewarding Idle-RPG built directly as a Telegram Mini-app",https://t.me/ForgeHero,https://t.me/ForgeHeroBot,,https://playforgehero.com/,2026-05,,
602,Forton,quiet,,,https://t.me/fortonbot,,,2026-05,,
603,Founders,quiet,Business-building game with earnings,,https://t.me/foundersgame_bot,,,2026-01-04,20907,
604,Frens For Sale,quiet,Telegram game to buy and sell frens with a token,,https://t.me/frensforsalebot,,,2024-09-23,,
605,Frogmates,quiet,Frogmates powered by pixelgames,https://t.me/frogmatesannouncement,,,,,,
606,Frosty,quiet,Christmas tree decorating game with rewards,,https://t.me/christmasgame_bot,,,2024-12-04,,
607,FunTon,quiet,Have fun playing with friends and win every day!,,https://t.me/funtonbot,,,2025-07-02,,
608,G9.Game Bot,quiet,Telegram mini app game,,https://t.me/g9gamebot,,,2024-10-13,33246,
609,Galactic Gold Rush,quiet,Galactic Gold Rush You're building a blockchain to connect worlds in the Astro Armadillos Universe,,https://t.me/galactic_gold_rush_bot,,,2024-12-10,1022801,
610,GalaDogsForTheFounder,quiet,Telegram mini app game,,https://t.me/dogs_for_the_founder_bot,,,2024-09-01,1442992,
611,Galaxy Online,quiet,Space online strategy game in Telegram,,https://t.me/galaxy_online_bot,,,2024-05-06,,
612,Galaxy Online,quiet,Space online strategy game in Telegram,,https://t.me/galaxyonline_promo_bot,,,2024-04-23,,
613,GAMED,quiet,Mini app game with community on Telegram,,https://t.me/gamedtgbot,,,2024-11-04,,
614,GamePat,quiet,,,https://t.me/gamepatbot,,,2025-02-28,,
615,Games Bot,quiet,Emoji games to play with friends,,https://t.me/gibot,,,2025-03-08,,
616,Games Platform,quiet,,,,,https://8xr.io,2022-11-07,,
617,Gamety,quiet,Play-to-earn gaming app on Telegram that describes itself as a second-generation P2E platform.,,https://t.me/gametyapp_bot,,,2024-05-23,142836,
618,GemoGift,quiet,Gift-themed Telegram mini app game,,https://t.me/gemogiftbot,,,2025-10-31,54474,
619,Gerbil Warfare,quiet,"Step into Gerbil Warfare, a groundbreaking strategy game set in a world where gerbils rise against the Hamster Regime",https://t.me/GerbilWarfare,https://t.me/GerbilWarfareBot,https://x.com/Gerbil_Warfare,https://www.gerbilwarfare.com/,2024-09,,
620,GETON,quiet,Ecosystem of NFT characters with gem slots,https://t.me/nft_0xzq,,,,2024-02-26,,
621,Getsu,quiet,,,https://t.me/getsubot,,,2025,,
622,Gevrantis Galaxy Game,quiet,"Build your galaxy, unlock planets and develop your space economy",,https://t.me/gevrantisbot,,,2026-07-10,,
623,GhostRadar,quiet,Ghost hunting game paying USDT and TON,,https://t.me/ghost_radar_bot,,,2026-01-05,,
624,Gift Bubbles,quiet,Telegram game with an official group for players and a named developer contact.,,https://t.me/giftbubbles_bot,,,2025-04-17,10582,
625,GifTopia,quiet,Gaming platform in Telegram,,https://t.me/giftopia_gamebot,,,2025-06-11,40395,
626,Goal Fest,quiet,World Cup gift festival game on Telegram,,https://t.me/goalfestbot,,,2026-06-11,,
627,GoalChain,quiet,GoalChain is a football manager built for Telegram,https://t.me/goalchain,https://t.me/goalchainbot,https://x.com/goalchaingame,,2026-09-05,,
628,Goblin Garage,quiet,Strategy game about cars in Telegram,,https://t.me/goblinsgarage_bot,,,2025-07-01,65126,
629,Gods & Mortals,quiet,Empire building game by RoOLZ,,https://t.me/godsandmortals_bot,,,2026-03-19,13053,
630,Gods Of The TON,quiet,Strategy game about building worlds,,https://t.me/gods_of_the_ton_bot,,,2024-08-28,,
631,Gold Age,quiet,"Gold Age is a user-driven economic strategy game built around land ownership, resource mining, tool usage, and player-to-player trading",https://t.me/goldagechat,https://t.me/goldageio_bot,https://x.com/GoldAgeGame,https://goldage.io/,2026-01-15,115499,
632,GOMBLE SQUAD,quiet,,,https://t.me/gomblesquad_bot,,,2025-01-25,732517,
633,Goychik,quiet,The cutest club on the internet. EN: RU,https://t.me/officialgoychik,https://t.me/goychikappbot,https://x.com/officialgoychik,,2026-07-11,,
634,Grabscape,quiet,,,https://t.me/grabscape_bot,,,2023-10,,
635,GRAM CITY,quiet,Isometric economic strategy on TON where players build a city and pick an earning strategy.,https://t.me/gramcity_chat,https://t.me/gramcity_games_bot,,https://gcapp.games/,2026-07-18,,
636,Gram Duels,quiet,PvP Rock·Paper·Scissors on TON,,https://t.me/Gramduels_bot,,,2026-04,,
637,GRAM Kingdom,quiet,Chat of the GRAM Kingdom game,https://t.me/kingdomton,,,,2024-05-02,,
638,Gram Rush,quiet,,,https://t.me/gram_rushbot,,,2026-08-21,,
639,GRAM TOWN,quiet,,,https://t.me/gramtownbot,,,2026-07-15,,
640,Gramilla World,quiet,Territory strategy game on TON,https://t.me/chief_gram,https://t.me/gramilla_worldbot,,,2024-07-23,,
641,Gramio,quiet,Community chat of the Gramio GramRun City game,https://t.me/gramio_ton_chat,,,,2026-06-01,,
642,Green Gold,quiet,Digital forest growing game,,https://t.me/green_gold_bot,,,2024-07-22,103558,
643,GrGrDino,quiet,GrGrDino is a game in which you control Dino,https://t.me/ettoonn,https://t.me/GrGrGame_bot,,https://getgems.io/collection/EQAJPR7nXdMn_-nBwTcNRR7mqPv6j9w-mMiLzN9j0iNGjctS,2024-06,,
644,Grimoire PVP,quiet,"Game where players upgrade and crossbreed creatures and fight on an arena, with a community chat.",https://t.me/grimoire_chat,https://t.me/grimoirepvp_bot,,,2026-07-19,,
645,GSHAKE,quiet,,,https://t.me/gshake_bot,https://x.com/GSHAKE_app,https://gshake.io,2024-09-20,414110,
646,Gtap,quiet,,,https://t.me/gafinbot,,,2024-07-16,,
647,Gu$$i coin runner Game,quiet,Web3 play-2-earn skill-based game on TON,https://t.me/gussicoin,https://t.me/gussicoin_bot,https://x.com/Gussi_coin,https://landing.m2fund.io/,2024-07-02,,
648,Guitarcoin,quiet,Guitarcoin ！Play music ，Play to earn,,https://t.me/guitarcoinapp_bot,,,2025-01-17,84731,
649,Happy Digger,quiet,,,https://t.me/happydiggerbot,,,2025-10-15,,
650,HashCash,quiet,HashCash is a revolutionary app designed to change the way we approach digital security and random data generation,https://t.me/HashCashCommunity,https://t.me/HashCashApp_bot,,https://hashcash.top/,2024-09,,
651,HAX,quiet,Telegram community game bot,,https://t.me/hax_community_bot,,,2024-10-27,431509,
652,Hedgegochi,quiet,,,https://t.me/hedgegochibot,,,2024-02-25,,
653,Hell Sweep,quiet,Rogue-like fantasy game on Telegram,,https://t.me/hellsweep_bot,,,2023-05-11,,
654,Heroes Legends,quiet,"Game with channel, bot and community chat",https://t.me/legendsheroess,,,,2026-05-20,,
655,Hexacore Gaming Universe,quiet,Gaming platform on Telegram powered by the AGO token and a user-generated content approach.,https://t.me/hexacore_ugc,https://t.me/hexacoinbot,,,2024-04-24,866392,
656,HITS,quiet,"Is it strategy, luck or just good predictions?",,https://t.me/hitsappbot,,,2025-01-01,338147,
657,HuntingField,quiet,Telegram game that pays rewards in USDT inside its Hunting Field mode.,,https://t.me/huntingfield_bot,,,2025-02-08,41534,
658,Idle Legion,quiet,"Idle RPG with a mushroom theme where players join a troop, fight foes and defend a forest.",,https://t.me/idlelegion_bot,,,,,
659,Ihuima NFT,quiet,Telegram bot game about collecting a humorous collection of items.,https://t.me/ihuyma,https://t.me/ihuima_bot,,,2026-07-01,,
660,IMPGameFi,quiet,Web3 game with real-world rewards,,https://t.me/impgamefibot,,,2025-07-01,187031,
661,IN,quiet,Match-3 game earning gems,,https://t.me/ongame_app_bot,,,2024-07-20,437752,
662,Inline Games,quiet,Bot with inline keyboard games,,https://t.me/inlinegamesbot,,,2023-09-20,36367,
663,Intern's Challenges,quiet,Nothing challenging at all,,https://t.me/internschallengesbot,,,2026-08-13,,
664,ISEKAI Adventure,quiet,"In this mysterious and different world adventure, you will play as a warrior, challenge various powerful enemies, unlock rich skills, and synthesize unique equi",https://t.me/BotGameyard,https://t.me/Tonisekaibot,https://x.com/Bot_Gameyard,,2024-06-23,21625,
665,iTerra,quiet,Game on Telegram with a Russian-language community channel and player chat.,https://t.me/iterra_community,https://t.me/theiterra_bot,,,2026-01-29,21960,
666,JDUN,quiet,,,https://t.me/jdunbot,,,2025,,
667,Jedax,quiet,Russian-language Telegram game described as a path rather than a simple game.,,https://t.me/jedax_bot,,,2025-06-22,,
668,JetGram,quiet,Game bot on Telegram,,https://t.me/jetgram_gamebot,,,2023-10-31,,
669,Joystick,quiet,Community chat of the JOYSTICK gaming token,https://t.me/joystickchat,,,,2025-04-07,,
670,JT Beyond,quiet,"Game tied to the Jetton channel, which posts its news.",,https://t.me/jtbeyondbot,,,2026-09-23,,
671,Kaia Play,quiet,Telegram mini app game,,https://t.me/kaiaplaybot,,,2024-10-16,88970,
672,Kandr,quiet,Telegram mini app game,,https://t.me/kandr_game_bot,,,2024-12-22,30168,
673,Kat Knight,quiet,RPG on TON with contacts for collaboration and support.,,https://t.me/katknight_bot,,,2024-12-09,958456,
674,Kekius Maximus,quiet,Telegram mini app game,,https://t.me/kekiuseubot,,,,,
675,King Assad Game,quiet,Telegram mini app game,,https://t.me/theassadgame_bot,,,,,
676,King of Dragons,quiet,Are you ready to embark on a magical journey to become the King of Dragons !!!,https://t.me/KODAnnouncement,https://t.me/KingofDragons_bot,https://x.com/KingofDragos,https://www.playkod.com,2024-10-10,128906,
677,Kingdoms,quiet,Telegram mini app game with gifts,https://t.me/kingdomscommunity,,,,2026-01-20,,
678,KitsuneQuest,quiet,Treasure hunt game of the Kitsune meme,,https://t.me/kitsunetreasury_bot,,,2024-04-30,,
679,KittyVerse,quiet,Monster-fighting mini app game with airdrop,,https://t.me/kittyverse_ai_bot,,,2025-01-14,5119325,
680,KOKODI Games,quiet,Companion mini app for the Kokodi game.,,https://t.me/kokodigames_bot,,,2024-11-26,,
681,KokoronoKi,quiet,Community chat of the KokoronoKi game bot,https://t.me/kokoronoki_friends,,,,2025-10-04,,
682,Krypton,quiet,"Game platform on Telegram, described as Steam for Telegram",,https://t.me/krypton_game_bot,,,2024-10-22,2591328,
683,Kurlyk,quiet,Telegram bot game with earning mechanics,,https://t.me/bomzhcoin_bot,,,2024-08-16,58228,
684,Landrocker Miner,quiet,"Mining mini app of the LandRocker ecosystem, with a community chat and partnership contact.",,https://t.me/landrocker_miner_bot,https://x.com/landrocker_io,,2020-08-31,239108,
685,Lango,quiet,Earn money on games in telegram,,https://t.me/ai_lango_bot,https://x.com/Lango_Ai,https://official.langoai.xyz,2024-08-22,,
686,LASER,quiet,"Gaming mini app on TON with a channel, X account and game website.",,https://t.me/lasertapbot,,,2024-12-03,,
687,Last Life,quiet,Telegram game on TON with announcement channel and chat,,https://t.me/last_life_game_bot,,,2024-05-11,,
688,Lava Rush,quiet,Game on the iogreed platform in Telegram,,https://t.me/iogreed_bot,,,2024-04-25,37270,
689,League of Dragons,quiet,P2E RPG bot with PvP and bosses,,https://t.me/leagueofdragonsbot,,,2023-03-17,,
690,League of Llamas,quiet,Earn $UNITE with me while having fun in League of Llamas!,,https://t.me/unite_io_bot,,,2025-01-14,,
691,League of Predictors,quiet,,,https://t.me/leagueofpredictorsbot,,,2025,,
692,Legacy of Odin,quiet,Welcome to Legacy of Odin!,,https://t.me/legacy_of_odin_bot,,,2026-04-13,19927,
693,Legend of Nonstop,quiet,Game bot that moved to a new bot address for its latest version.,,https://t.me/legendofnonstopbot,,,,,
694,Legends AirDrop Bot,quiet,Telegram mini app game centered on an airdrop for Legends players.,,https://t.me/legendsairdropbot,,,2024-08-17,1506897,
695,Leopold The Game,quiet,Welcome to the world of Leopold the Cat!,,https://t.me/leopoldthegame_bot,,,2024-05-01,,
696,Level Legends,quiet,"Dive into fast-paced battles, epic boss fights, and endless progression",,https://t.me/level_legends_bot,https://x.com/tg_levellegends,,2026-01,,
697,LIBERTY,quiet,,,https://t.me/libmmorpgbot,,,2026-07-31,,
698,LifeBlooD,quiet,"Game built on the donor community platform Club of Donors, hosted on its own site.",,,,https://lifeblood.ru/,2023-04,,
699,LimeWire Game,quiet,Telegram mini app game,,https://t.me/limewiregame_bot,,,2024-12-22,,
700,LISOLAND,quiet,,,https://t.me/crypto_lisa_bot,,,2025-04-11,,
701,Lootly,quiet,Gaming platform in Telegram,,https://t.me/lootlygamebot,,,2025-12-17,40486,
702,Lost Dogs Portals,quiet,Tile-flipping mini app game with rewards in Telegram,,https://t.me/lost_dogs_portals_bot,,,2025-05-12,82551,
703,Lucky Day,quiet,Casual games bot earning CLUBS tokens,,https://t.me/your_lucky_day_bot,,,2026-01-07,,
704,Lucky Spins,quiet,Spin the wheel and try your luck while experiencing the thrill of every spin with LuckySpin!,,https://t.me/lucky_spins_wheel_bot,https://x.com/LuckySpinsGame,https://luckyspinsgame.net,2024-09-30,,
705,Ludomanov Games,quiet,"Telegram gaming app with NFT deposits, a support bot and a news channel.",https://t.me/ludomanem,https://t.me/ludomanobot,,,2026-06-02,,
706,M5 Racing,quiet,Racing game in Telegram with earnings,,https://t.me/m5rc_bot,,,2025-02-17,,
707,MallDriven Game,quiet,"MallDriven is a gamified business simulator inside Telegram where players can start and grow virtual businesses, compete with others, and earn rewards",https://t.me/MallDriven,https://t.me/MallDrivenBot,https://x.com/MallDriven,https://Malldriven.com,2025-01,,
708,MARS DEX,quiet,MARS DEX — marketplace for trading resources on Mars,,,,https://mars.tonplanets.com/en/dex/?from=TON&to=EQAL6e1UNPFksn8198qOD6KICnplw6f9cMIFuQW3xV9ld3Ro,2022-05-04,,
709,Mars2049,quiet,MARS2049 is a strategy RPG that drops you on the frontlines of Mars colonization,https://t.me/mars2049channel,https://t.me/Mars2049_Bot,https://x.com/mars2049online,https://www.mars2049.online/,2024-10,,
710,mASS Game,quiet,Cat-themed Telegram game,,https://t.me/m_ass_game_bot,,,2024-04-26,,
711,Master Cat Online,quiet,Cat-themed game with a Russian-language news channel and player chat.,https://t.me/mastercatnews,https://t.me/mastercatonlinebot,,,2025,,
712,Masterverses,quiet,"MasterVerses is the first AI-powered Web3 spiritual discovery platform, revolutionizing how individuals explore, connect, and engage with spirituality",https://t.me/Master_verses,https://t.me/masterversess_bot,https://x.com/Masterverses,https://masterverses.com/,2025-02-03,111315,
713,MatchQuest,quiet,MatchainQuest is designed to provide a fun and user-friendly onboarding experience,,https://t.me/matchquestbot,,,2024-06-11,6465111,
714,Mech3,quiet,Mech3 is a Match-3 puzzle game powered by Mixie AI,https://t.me/mech3game,https://t.me/MechArcadebot,https://x.com/Mechnft,https://mech.mixie.ai/,2024-10,370518,
715,Memecycle,quiet,Telegram mini app game,,https://t.me/meme_cycle_bot,,,,,
716,MemeMyKingdom Official Game ▶,quiet,Join MEME FAN - your gateway to crypto fun & digital entertainment,,https://t.me/mmmkdbot,,,2025-01-17,23128,
717,Memes Corp.,quiet,Web3 game with building elements and the first project of a planned meme universe.,,https://t.me/memescorpbot,https://x.com/memescorp_,https://memescorp.xyz/en,2024-11-20,,
718,MemeTownBot,quiet,Redefining the Web3 Experience in TON,,https://t.me/memetownbot,,,2024-07-09,,
719,MEMHUNT CRYPTOGAME,quiet,Game where players fight scammer roosters and join monthly tournaments paid in USDT.,https://t.me/memhuntcom,https://t.me/memhuntcom_bot,,,2025-11-13,12321,
720,MemHustle,quiet,Game for crypto hustlers who lead memecoins to fight market scams.,https://t.me/memhustlecom,https://t.me/memhustle_bot,https://x.com/MemHustleArmy,https://memhustle.com/,2024-10-18,364894,
721,Memory,quiet,"Memory game mini app on TON with a channel, X account and support contact.",,https://t.me/memoryappbot,,,2024-09-01,,
722,MeowRushBot,quiet,,,https://t.me/meowrushbot,,,2026-06-13,,
723,Metaforest,quiet,Telegram game bot,,https://t.me/metaforest_game_bot,,,2022-09-29,,
724,Metalist Game,quiet,Game platform on Telegram,,https://t.me/metalistgamebot,,,2023-09-27,,
725,Microdiving,quiet,Community chat of the Microdiving project,https://t.me/microdiving_chat,,,,2024-05-24,,
726,Millennium,quiet,"Russian-language entertainment platform with tournaments, puzzles and other games.",,https://t.me/milennium_bot,,,2026-06-02,,
727,Minefarm,quiet,Mining strategy game in Telegram,,https://t.me/minefarm_game_bot,,,2025-03-20,299429,
728,Minegram,quiet,A Minecraft-inspired 2D world inside Telegram,https://t.me/minegram_game,https://t.me/minegram_game_bot,,,2026-03-02,118161,
729,MineLand,quiet,Telegram mini app game MineLand,,https://t.me/land_ibot,,,2026-01-11,,
730,Minipoly,quiet,Multiplayer board game in Telegram,,https://t.me/agl_monopoly_bot,,,2025-03-15,,
731,Minipoly,quiet,Board-style game in a Telegram mini app,https://t.me/minipoly_chat,,,,2026-05-21,,
732,MissionPawsible,quiet,"Game bot from the Baby Doge Paws project, with an announcement channel and chat.",https://t.me/paws_babydoge,https://t.me/missionpawsible_bot,,,2025-08-26,253956,
733,MMA Fighters,quiet,MMA fighter game in Telegram,,https://t.me/mmafightersbot,,,2024-10-02,121113,
734,Mnemonics,quiet,Play-to-earn decipher game for airdrop,https://t.me/mnemonicsann,https://t.me/mnmncs_bot,https://x.com/Mnemonics_coin,,2024-05-14,3484788,
735,MomoX,quiet,𝐓𝐆𝐄 𝐒𝐩𝐫𝐢𝐧𝐭 𝐞𝐯𝐞𝐧𝐭 𝐨𝐟 𝐌𝐨𝐦𝐨𝐀𝐈 Powered by Solana Blinks tech,,https://t.me/momox_momobot,,,2024-11-14,389577,
736,Money Cats,quiet,Cat-themed reward game in Telegram,,https://t.me/money_mcatsbot,,,2025-06-26,21578,
737,MoneyTube,quiet,Economic game on Telegram with a community channel and chat.,,https://t.me/moneytube_bot,,,2024-10-23,,
738,MonkeyPaw,quiet,TON claw machine mini app,,https://t.me/monkey_paw_bot,,,2024-10-03,438644,
739,Monster Kingdom,quiet,Monster fighting game on Telegram,https://t.me/monsterkingdom_official,,,,2024-10-17,,
740,Moon Cards,quiet,"Moon Cards is a unique mobile trading card game fueled by real-world crypto markets, where players collect a variety of unique and powerful memecoin-themed card",https://t.me/mooncards,https://t.me/MooncardsBot,https://x.com/MoonCardsGame,https://www.gamee.com/,2024-12,,
741,MoonMoverz,quiet,Telegram mini app game,,https://t.me/moonmoverz_bot,,,2024-11-12,63381,
742,MoonPlay,quiet,Join MoonPlay community: stay in the loop with the latest updates and exclusive content,https://t.me/moonplay_official,,,,2024-06-23,,
743,MoonRabbits,quiet,Game with a Russian-language news channel for the Super project.,https://t.me/supernews_cis,https://t.me/mrbhouse_bot,https://x.com/moonrabbits_ton,,2025-05-14,,
744,MOWTON,quiet,"MOW is an exhilarating on-chain barrage shooter, now in a public, non-wipe beta on Telegram. Come & Earn with me!",,https://t.me/mow_ton_bot,https://x.com/MOW_Game_Ton,https://mow.game/,2024-04,,
745,Mythreon,quiet,,,https://t.me/mythreonbot,,,2026-08-12,,
746,NANOGRAM,quiet,,,https://t.me/nanograms_bot,,,2026-07-09,,
747,NanonFish,quiet,Telegram mini app game,,https://t.me/nanonfishbot,,,2024-07-19,805493,
748,NaPiwas,quiet,Community chat of the NaPiwas game,https://t.me/napiwas,,,https://napiwas.com,2025-11-01,,
749,NEO-TOKYO: 2099,quiet,NEO-TOKYO: PROTOCOL 2099 The megacity fell,https://t.me/ntp2099,https://t.me/protocol2099_bot,https://x.com/JRK_studio,https://play.protocol2099.workers.dev/go/,2026-05,,
750,Neuphoria,quiet,Land mining game in Telegram,,https://t.me/neuphoria_bot,,,2024-07-10,223380,
751,NEUTON,quiet,Neural on The Open Network,,https://t.me/neuton2024bot,,,2024-11-02,2035695,
752,Nidum Arena,quiet,"Fight in the PVP Arena, play on a 3x3 field, the smartest one will win",,https://t.me/nidumbot,,,2024-12-24,67790,
753,NightOwls,quiet,,,https://t.me/nightowlsgram_bot,,,2026-08-18,,
754,Not Dilemma,quiet,Telegram game about risking virtual funds to get rich,,https://t.me/not_dilemma_bot,,,2024-02-11,,
755,Not Pixi Me,quiet,Avatar pixel game inspired by Not Pixel,,https://t.me/notpixime_bot,,,2024-09-27,3693939,
756,Not Your Life,quiet,Interactive island game in Telegram,,https://t.me/nyl_games_bot,,,2025-08-11,14898,
757,NotFomo,quiet,Telegram mini app game,,https://t.me/notfomo_bot,,,2024-09-25,598954,
758,NOTHERO,quiet,,,https://t.me/notnotgame_bot,,https://notnotcoin.com/,2024-01-08,,
759,Notto,quiet,Notto is a blockchain-based mini app on TON where users join time-limited games with equal contributions,https://t.me/notto,https://t.me/nottogame_bot,https://x.com/notto_ton,https://notto.io,2023-12-06,,
760,Nucleus Galactic,quiet,Planet development game in Telegram,,https://t.me/nucleusgalactic_bot,,,2025-04-06,,
761,Ocean Kombat,quiet,It’s time to shave the hamsters!,,https://t.me/ocean_kombat_bot,,,,,
762,Oi1990sBot,quiet,Nostalgia-themed Telegram game that brings back 1990s memories.,,https://t.me/oi1990sbot,,,,,
763,Oil Magnate,quiet,Oil company strategy game,,https://t.me/realoilmagnatebot,,,2024-12-27,173507,
764,Open League Squads,quiet,Squads bot for the Open League on TON,,https://t.me/tolsquadsbot,,,2024-03-22,,
765,Oppo Game,quiet,Telegram mini app game,,https://t.me/oppogame_bot,,,,,
766,Oracle,quiet,Prediction game mini app on Telegram,,https://t.me/oracleplay_bot,,,2025-10-31,,
767,P2E,quiet,,,https://t.me/Play2earnINDIBot,,,2024-11,,
768,P4L,quiet,P4L Ecosystem Starts Here / Community,,https://t.me/p4l_bot,,,2024-10-25,,
769,PadTON,quiet,"Telegram game where players farm, complete missions and collect rewards.",,https://t.me/padton_bot,,,2024-09-24,644956,
770,Paidegree,quiet,"Paidegree is a Telegram mini app where you raise a glyph, a small creature that learns words from you and remembers who taught them",,https://t.me/paidegree_bot,,https://paidegree.com,2026-05,,
771,Penalty,quiet,,,https://t.me/penaltygoalbot,,,2026-07-06,,
772,Pencho,quiet,Play-to-earn game bot on Telegram,,https://t.me/playpenchobot,,,2024-08-29,1677284,
773,Pengubot,quiet,,,https://t.me/heypengubot,,,2026-04-10,,
774,PentaPets in EtherFantasy,quiet,$CT Carat Airdrop — EtherFantasy Mobile coming soon!,,https://t.me/pentapetsbot,,,2024-11-25,1655323,
775,PEPE'S Leap Adventure,quiet,"Telegram game about leaping with Pepe, with a community chat and project site.",https://t.me/pepesleapadventure,https://t.me/pepeleapadventurebot,https://x.com/Pepeleap,https://www.pepesleap.com/,2024-08-01,,
776,PetTap,quiet,"Transform social media use into an immersive, rewarding journey",,https://t.me/pettapbot,,,2024-06-01,,
777,PickMan,quiet,Telegram mini app game,,https://t.me/pickman_game_bot,,,2024-09-24,218048,
778,PIG,quiet,The piggies are ready to party!,,https://t.me/pigapp_bot,,,2024-12-16,358196,
779,Piggie,quiet,Tap game on Telegram with an official channel.,https://t.me/piggieofficial,,,,2024-08-16,,
780,PiggyLand,quiet,"Pig-themed Telegram game with announcement channel, chat and X account.",,https://t.me/piggyland_bot,,,2024-09-30,109316,
781,PingPong Parade,quiet,"An ldle game, the first-ever game which lAP items are backed by DePIN mining yields! Channel：",,https://t.me/pingpongparadebot,,,2025-04-17,50090,
782,PiP World Gold Rush,quiet,Announcements: ____________________ Twitter,,https://t.me/pipworld_bot,,,2024-09-21,11462,
783,Pirate Empire,quiet,"Collect gold, upgrade your islands, and bring yourself closer to airdrop rewards!",,https://t.me/p_empirebot,,,2025-01-10,15024,
784,Pirate Parrots,quiet,Play-for-airdrop Telegram game,,https://t.me/pirateparrots_bot,,,2024-10-09,,
785,Pirats,quiet,Gem collecting game on TON,,https://t.me/gempiratsbot,,,2024-09-07,20975,
786,PitchTalk,quiet,Welcome to PitchTalk - place where you can earn rewards while helping to grow the next generation of startups!,,https://t.me/pitchtalk_bot,,,2024-10-07,,
787,PiTON,quiet,Mini app bot on TON,,https://t.me/piton_appbot,,,2024-11-30,241414,
788,Pixel Hunter,quiet,Pixel Hunter is a Telegram Mini App and idle Action RPG built on the TON ecosystem,https://t.me/pixelhuntergames_offical,https://t.me/PixelHuntergame_bot,https://x.com/pixelhunterlab,https://www.pixelhunter.app,2026-05,,
789,PIXEL SHARK,quiet,,,https://t.me/pixelsharkbot,,,2026-08-10,,
790,Pizza Tower,quiet,Telegram mini app game on TON,,https://t.me/pizzatowerton_bot,,,2025-11-27,34412,
791,Planet X,quiet,Space empire mini app with DNA mining,,https://t.me/planetx_gamebot,,,2025-03-26,551051,
792,Planeta Nostra,quiet,Play-to-earn AR/XR metaverse,,https://t.me/eggtapper_bot,,,2024-07-09,503409,
793,PLAY SAFU GAME,quiet,Telegram mini app game,,https://t.me/playsafubot,,,2025-03-16,14170,
794,Plunder Storm,quiet,Telegram mini app game,,https://t.me/plunderstorm_ai_bot,,,2025-03-10,25631,
795,PlushPepe Game,quiet,Telegram game around Plush Pepe,,https://t.me/plushpepe_game_bot,,,2026-03-27,,
796,Pocket Rocket Game,quiet,Mini app game about mining crystals and upgrading ships,,https://t.me/pocket_rocket_game_bot,,,2024-04-21,2690362,
797,Poker Hero,quiet,Poker game on Telegram.,,https://t.me/poker_hero_bot,,,2024-05-31,9572,
798,Pokergram,quiet,"Jump into games with a single tap, no app stores or extra sign-ups needed",https://t.me/Pokergramnews,https://t.me/PokergramComBot,https://x.com/PokergramCom,https://www.pokergram.com,2025-12-09,,
799,PolyRanger,quiet,Telegram mini app game,https://t.me/polyrangercom,,,,,,
800,Poomb Space,quiet,Space-themed tap game on Telegram with rewards.,,https://t.me/poombspacebot,,,2025-04-10,51416,
801,Port3 Mini App,quiet,Telegram mini app game,,https://t.me/port3miniapp_bot,,,2024-09-05,,
802,Portal Games,quiet,Portal for mini app games with an announcement channel and social accounts.,,https://t.me/orbit_portal_bot,,,2025-05-25,1184908,
803,PRISM STAR,quiet,PRISM STAR is a fantasy card collection and battle game built for the TON ecosystem,,https://t.me/PrismStarGameBot,https://x.com/PlayPrismStar,https://playprismstar.com,2026-05,,
804,Prog Coin,quiet,Play & Earn Announcements $PROG soon,,https://t.me/progcoinbot,,,,,
805,QuadRoyal,quiet,Skill-based puzzle MMO in Telegram,,https://t.me/quadroyalbot,,,2026-02-12,203485,
806,Qubix Arena,quiet,"Prepare for action in Qubix, the ultimate multiplayer battle game!",https://t.me/qubixarena,,https://x.com/QubixArena,https://www.qubixinfinity.io/,2024-06,,
807,Quest Animals,quiet,Pet collecting game with payouts,,https://t.me/quest_animals_bot,,,2025-10-18,,
808,Quiz Wars,quiet,Quiz Wars is a fast-paced quiz arena where micro-learning meets competition,https://t.me/quizwars,https://t.me/quizwars_bot,,,2025-06,,
809,Racoin APP,quiet,"Unlock the treasure chest for your raccoon family with Racoin, a premier gaming experience designed to turn your playful instincts into prosperity",https://t.me/racoin_community,https://t.me/racoin_appbot,https://x.com/racoin_app,https://racoin.app,2024-05,90040,
810,Rakurai,quiet,"Turn heroes into NFTs, use them in the game, or sell them! Rent out ""Original"" NFTs for TON",https://t.me/rakurai_chat,https://t.me/rakurai_bot,,,2025-05-29,,
811,Rarecrows,quiet,"Rarecrows is a chapter-based collectible game built around discovery, progression, and ownership",https://t.me/rarecrows_bot,,https://x.com/0xSunflowerLand,https://beta.rarecrows.io,2025-12,41669,
812,Rats Kingdom,quiet,Telegram memecoin game with rat theme and a community channel.,,https://t.me/ratskingdom_bot,,,2024-09-08,5707148,
813,RealSloth,quiet,Get those CLAWS gripped and SLOTH up!,,https://t.me/realsloth_bot,,,2025-02-08,33605,
814,Reel In,quiet,,https://t.me/reel_in,https://t.me/reel_in_bot,,,2026-06-23,,
815,Remix,quiet,Creative mini app game on Telegram where players play and remix.,,https://t.me/the_remix_bot,,,2025-07-15,90461,
816,Republik,quiet,Community chat of the Republik gaming platform,https://t.me/officialrepublik,,,,2023-10-07,,
817,Rhizome,quiet,Co-op tower climbing game in Telegram,,https://t.me/rhizome_xbot,,,2024-07-08,98212,
818,Rich Animals,quiet,Telegram mini app earning game,,https://t.me/richanimalsgamebot,,,2024-03-05,,
819,RING,quiet,Russian-language PvP game on Telegram.,,https://t.me/playringbot,,,2025-11-26,,
820,RobinGame,quiet,Telegram mini app game with a Russian-language channel and technical support.,,https://t.me/robin_game_bot,,,2026-02-19,,
821,Rocket Express,quiet,Gift collection and rocket launch game,,https://t.me/toprocketbot,,,2025-12-18,145644,
822,RocketX,quiet,"Build a rocket in your garage, gather a crew and stack $ISK",,https://t.me/rocketxapp_bot,,,2026-09-25,,
823,RockPaperScissorFU,quiet,"BACKGROUND: The game Rock Paper Scissors is known, trusted, and loved by billions of humans",,,https://x.com/rpsfu_,https://rpsfu.com,2025-10,,
824,RoninRise,quiet,Battle and loot game on TON,,https://t.me/roninrisetonbot,,,2026-08-02,,
825,Ropsto,quiet,"Ropsto is a blockchain-powered skill game that reimagines Rock-Paper-Scissors as a fun, competitive experience",https://t.me/ropsto,https://t.me/ropstobot,https://x.com/ropsto_TON,https://ropsto.fun,2025-09,,
826,RPS Mine,quiet,Rock paper scissors game with TON rewards,,https://t.me/rpsmine_bot,,,2025-08-25,982,
827,Rumble Arcade,quiet,"Take on daily challenges, build your ultimate squad, and climb the leaderboard in multiplayer events",https://t.me/RumbleArcadeNews,https://t.me/RumbleArcadeBot,https://x.com/RumbleArcade,https://www.rumblearcade.io/,2025-04-26,70948,
828,RuneForce,quiet,,,https://t.me/runeforce_bot,https://x.com/bc1_runeforce,https://www.runeforce.xyz,2024-07,,
829,Runiverse Idle,quiet,Runiverse Idle — a free idle-RPG right inside Telegram,https://t.me/runiverseidle,https://t.me/runiverseidlebot,https://x.com/runiverseIdle,https://runiverseidle.com,2026-04,,
830,Runners Club,quiet,Running game bot in Telegram,,https://t.me/runnersclubbot,,,2025-11-20,,
831,SCP,quiet,,,https://t.me/stonecut_bot,,,2024-09-15,762959,
832,ScrewIt,quiet,Earn TON game with screws and chests,,https://t.me/screw_it_bot,,,2025-06-17,44103,
833,Sengoku TON,quiet,Welcome to SengokuTon Build your feudal Japanese empire in this stunning pixel art game!,https://t.me/sengoku_ton_chat,,https://x.com/SengokuTon,https://sengoku-ton.gitbook.io/sengoku-ton/,2024-12,,
834,SFootballBot,quiet,,,https://t.me/space_football_bot,,,2024-06,,
835,Shard World,quiet,,,https://t.me/usershardbot,,,2026-07-09,,
836,ShipCoinsBattle,quiet,1v1 Player-Versus-Player Battleship Game Three Exciting Game Modes: 1,,,,https://www.shipcoinsbattle.com/,2024-10,,
837,SHUT,quiet,Card game with NFT rewards,,https://t.me/shut_game_bot,,,2025-04-20,,
838,Shuttles,quiet,"Shuttles is a cosmic Web3 game on Telegram. Battle in PvP, upgrade your shuttle, and win tokens and NFTs!",https://t.me/shuttles_moon,https://t.me/shuttles_moon_bot,,,2026-08-10,,
839,Simon’s Cat Fun Time,quiet,SimonsCat Official Telegram Game,,https://t.me/simonscatapp_bot,,,2024-11-09,2967350,
840,SKILLER,quiet,"Fair games, real income — start with Skiller!",,https://t.me/skiller_game_bot,,,2025-02-09,,
841,SlinkRoll,quiet,Skill-monetizing gaming bot,,https://t.me/slinkrollbot,,,2025-10-06,,
842,Smart Pocket,quiet,Telegram mini app game,,https://t.me/smapocke_bot,,,2024-12-25,487561,
843,Smooth Go :x,quiet,Smoothly move on flying platforms to get project tokens,,https://t.me/smooth_go_bot,https://x.com/smooth_go_,,2024-05-07,,
844,SnakeChain,quiet,"Join, play, invite and get rich!",,https://t.me/snakechainio_bot,,,2024-08-10,,
845,SnakeVerse,quiet,,,https://t.me/snakeverserobot,,,2026-07-11,,
846,Songs of Anius,quiet,Survival game with seasonal rewards,,https://t.me/songsofanius_bot,,,2025-04-03,,
847,SoniCash,quiet,"Sonicash Bot Game, Embark on an epic journey as a budding champion in our crypto realm",,https://t.me/sonicashgame_bot,,,2025-03-16,23594,
848,Sons Of Farm,quiet,,,https://t.me/sonsoffarm_bot,,,2026-03-01,,
849,Space Mavericks,quiet,Boss hunt game in Telegram,,https://t.me/spacemavericks_bot,,,2024-10-01,315174,
850,Speed Kick,quiet,,,https://t.me/speedkickbot,,,2025-05-03,,
851,Spend,quiet,This bot allows you to spend 1 TON in just one click!,,https://t.me/spendaton_bot,,https://zjor.github.io/cv/,2023-09-21,,
852,Spend-A-TON,quiet,"You have a mission to free a developer, unchain him, and let him create beautiful things in this world",,https://t.me/spendaton_bot,https://x.com/zjor,,2023-09-21,,
853,Spicy Stars,quiet,Bot app on Telegram,,https://t.me/spicy_stars_bot,,,2025-08-26,,
854,Spin Clash,quiet,"Online game with PvP and PvE battles where players customize, train and fight.",https://t.me/spinclash,https://t.me/spinclash_bot,,,2024-07-26,,
855,Spot On Chain,quiet,"The first Proof of Sentiment game, combining technical analysis and human sentiment to empower traders",,https://t.me/socai_bot,,,2024-11-19,,
856,Stalker Kombat,quiet,Battle game mini app in Telegram,,https://t.me/stalker_kombat_bot,,,2026-04-21,,
857,Star Riser,quiet,Action mini app game with high-quality graphics and rewards.,,https://t.me/starriser_bot,,,2025-02-11,861015,
858,STARGAME,quiet,Guess how far the racket will fly and get tokens on your balance,https://t.me/StarWalletBot_Ru,https://t.me/StarwalletBot,,,2024-07,18100,
859,State.io,quiet,Real-time strategy: clash with rivals and take over the map,,https://t.me/stateio_bot,,,,,
860,STELLARIUM,quiet,"Space-themed game on Telegram, tied to a research website and trading chat.",https://t.me/stellariumresearch,https://t.me/timegalaxy_bot,,,2026-06-15,,
861,Sticker Loot,quiet,Sticker collecting bot with community and support,,https://t.me/stickerloot_bot,,,2026-05-20,,
862,SunSpace JUMP,quiet,"SunSpace JUMP - a competitive game: jump, reach the TOP and win prizes!",https://t.me/sunspace_spc,https://t.me/sunspacejump_bot,,,2025-04-04,,
863,Supermarket,quiet,Are you ready to become a wealthy supermarket owner?,https://t.me/supermarketgroup,https://t.me/SupermarketGameBot,,,2024-12-19,,
864,SuperTON,quiet,Mini app for real-time battles that pay TON,,https://t.me/superton_app_bot,,,2025-06-02,,
865,Sweet Rush,quiet,Game bot in Telegram,,https://t.me/sweet_rush_bot,,,2025-02-14,,
866,Tago,quiet,,,,,https://tagoworld.app,2026-09-04,,
867,Tanks of Wars,quiet,Tank game with raids and TON earnings,,https://t.me/tanks_of_warstonbot,,,2026-05-15,,
868,Tap Arena,quiet,PvP tap game with mining farms,,https://t.me/tap_arena_bot,,,2024-07-12,,
869,Tap Tap Tripps,quiet,First game in the SOMO trilogy,,https://t.me/tap_tap_tripps_bot,,,2024-04-16,4684720,
870,TapAdventure,quiet,Tap game on Telegram where players tap coins and go on adventures.,,https://t.me/pixelheroes_io_bot,,,2024-07-05,135160,
871,TapShot,quiet,Telegram mini app game,,https://t.me/tapshotgame_bot,,,2025-03-10,11357,
872,TapTrump,quiet,Tap game on TON where players aim to become president and may earn future rewards.,,https://t.me/taptrump_bot,,,2024-12-02,37704,
873,Teddie Mayhem,quiet,Fan-made Telegram mini app game,,https://t.me/teddiemayhem_bot,,,2025-12-27,,
874,TeleMafia,quiet,"Mafia party game on Telegram with a support contact, chat and news channel.",,https://t.me/telemafiagamebot,,,2025-01-13,38850,
875,Telomon,quiet,Monster battle game on TON,,https://t.me/telomonbot,,,2026-06-12,,
876,The Frog Game,quiet,Frog game bot on Telegram,,https://t.me/frogsgame_bot,,,2026-02-27,,
877,The OCT Game,quiet,"Prize pool mini app game with a USDT pool and a jackpot, plus news and support channels.",,https://t.me/the_oct_game_bot,,,2025-05-27,137240,
878,The Old Castle Defense,quiet,"The Old Castle Defense is a play-to-earn (P2E) game, where players fight battles and sieges staking their Terrible Creatures and Knights of the Kingdom NFTs, an",https://t.me/theoldcastledefense,,,https://theoldcastle.xyz/,2022-12,,
879,The Path,quiet,Fantasy NFT MMORPG in Telegram,,https://t.me/thepathgamebot,,,2024-10-31,,
880,The Pixels,quiet,"Amazing social multiplayer game. Draw, Win, Earn!",https://t.me/thepixelsgame,https://t.me/the_pixels_bot,,,2024-03-11,,
881,The Rise of Bravery,quiet,"""The Rise of Bravery"" Play to airdrop is live!",,https://t.me/kaib3kbot,,,2024-10-12,518924,
882,The Tanks,quiet,Tank-themed mini app game with English and Russian channels.,,https://t.me/agl_tanks_bot,,,2024-12-18,,
883,THEarthGame,quiet,Space-themed game on Telegram with a coin channel and Russian-language chat.,https://t.me/thearthcoin,https://t.me/thearthgamebot,,,2024-06-02,,
884,Thunder Coin,quiet,Business simulation game with earning on Telegram,,https://t.me/thunder_coin_bot,,,2024-09-13,154098,
885,Tic-Tac-Toe: game on Telegram,quiet,Tic-tac-toe bot and mini app for playing the classic logic game on Telegram.,,https://t.me/xochatbot,,,2024-01-12,,
886,Time Clash,quiet,Hero collecting game with Telegram gift prizes,,https://t.me/timeclash_bot,,,2025-12-03,376434,
887,Time Tales,quiet,Mini app where users watch stories and collect coins.,,https://t.me/time_tales_bot,,,,,
888,Togechain,quiet,Telegram mini app game,,https://t.me/togechainbot,,,,,
889,Tom's Farm,quiet,"Farming game on Telegram with news, codes, chat and support channels.",,https://t.me/tomsfarmbot,,,2026-09-06,,
890,Ton Arena,quiet,,https://t.me/tonarenanews,https://t.me/tonarenagamebot,,,2026-09-12,,
891,TON Battle Ground,quiet,,,https://t.me/tonbattleground_bot,,,2025-07,,
892,TON Breach,quiet,"Deploy a Power Core, climb L1 to L5, and unlock GRAM & $BREACH rewards",,https://t.me/tonbreachbot,,https://tonpvpgame.com,2026-05-27,,
893,TON Chess,quiet,,,https://t.me/tonchessbot,,https://tonplay.io/games/RDKcT26bNo,2024-05,,
894,TON Church,quiet,Pray-to-earn mini app with lootboxes,,https://t.me/tonchurchbot,,,2024-05-14,1719894,
895,Ton Craft,quiet,Play-to-earn kingdom game,,https://t.me/ton_craft_bot,,,2024-04-29,,
896,TON Earth,quiet,Virtual world built on the TON blockchain.,,https://t.me/tonearthbot,,,2022-02-09,,
897,TON Fighters,quiet,Base-building game that pays TON,,https://t.me/tonfighters_bot,,,2026-04-07,,
898,Ton Fishing,quiet,Fishing game in Telegram on TON,,https://t.me/tonfishingrobot,,,2026-05-17,19110,
899,Ton For Speed,quiet,It’s been a while since you hit the street,,https://t.me/tonforspeed_bot,,,2024-12,,
900,TON Forge,quiet,"Mini app with channel, chat and rewards",,https://t.me/tonforgee_bot,,,2025-12-26,,
901,TON Invaders,quiet,Community chat of the TON Invaders RPG project,https://t.me/ton_invaders,https://t.me/ton_invaders_bot,,,2022-12-10,,
902,TON Kosmo,quiet,"Space-themed game on TON with a channel, group and Twitter account.",,https://t.me/tonkosmo_bot,,,2024-11-21,,
903,TON Legends,quiet,,https://t.me/ton_legends_comm,https://t.me/ton_legends_bot,https://x.com/ton_legends,https://tonlegends.io,2024-08-22,,
904,TON Raids,quiet,"Live community boss raids in Telegram. Deal damage, snatch the Last Hit, and win instant GRAM rewards",,https://t.me/tonraidsbot,https://x.com/tonraids,https://tonraids.com,2026-02-09,50732,
905,Ton Rush,quiet,Telegram mini app game with a project channel and chat.,,https://t.me/tonrush1_bot,,,2025-11-21,,
906,TON Ship,quiet,Pirate-themed TON community and game,https://t.me/tonshipcom,,https://x.com/TonShipCom,https://tonship.com,2024-01-25,,
907,Ton Tarria,quiet,TonTarria is a browser-based dark fantasy RPG that runs right inside Telegram — no installs needed,https://t.me/TonTarria,https://t.me/Tontarria_bot,,https://tontarria.org,2026-01,,
908,TON TYCOON,quiet,Join TON TYCOON for fun and fortune!,,https://t.me/ton_tycoonbot,,,2024-09-11,226280,
909,TON Zombie,quiet,Tower defense game earning TON,,https://t.me/tonzombie_bot,,,2026-03-29,14362,
910,TonAdvent,quiet,Advent-calendar style bot on TON,,https://t.me/tonadventbot,,,2025-11-20,38907,
911,TonBee,quiet,"Join me, collect and earn TONBEE Coins",,https://t.me/tonbeebot,,,,,
912,Toncaps,quiet,,,,,https://toncaps.io/,2023-08-21,,
913,TONchi,quiet,Official channel of TONchi,https://t.me/tonchi_channel,,,,2024-07-15,,
914,Toncoinco,quiet,Eight-ball billiards game where players challenge an AI or a friend.,,https://t.me/gamesbilliardsbot,https://x.com/ToncoinCo,,2024-06,,
915,TonDrips,quiet,Play-to-earn game on TON where players claim drips from a tank.,,https://t.me/ton_drip_bot,,,2024-06-16,,
916,Toney Money Business,quiet,Telegram game where players trade virtual crypto to collect tokens.,https://t.me/toneymoneybusiness,https://t.me/toneymoneybusinessbot,,,2023-11-02,,
917,TonFish Empire,quiet,,,https://t.me/tonfishempire_bot,,,2026-06-11,,
918,Tongotchi,quiet,Discover the divine Telegram-native companions and prepare to embark on a magical journey,https://t.me/tongotchicrypto,https://t.me/tongotchi_bot,https://x.com/tongotchi,,2024-08-28,,
919,Tonlanders,quiet,GameFi metaverse and city-building economic strategy on TON with an airdrop bot.,https://t.me/tonlanders,https://t.me/tonlanders_airdrop_bot,,,2022-01-07,,
920,TonMarket,quiet,"TonMarket is a Telegram-native prediction game on TON where users connect their TON wallet and participate in markets across crypto, global assets, sports, and",,https://t.me/tonmarketio_bot,,https://tonmarket.io/,2025-12,,
921,TONPET,quiet,"Pet minigame on TON that has ended, with news about the main game on its channel.",,https://t.me/tonpetgamebot,,,2024-05-01,,
922,Tooncinator,quiet,Money is the root of all evil,https://t.me/Tooncinator,https://t.me/toon_game_bot,,,2026-04-28,826045,
923,Totems,quiet,"Game guild with a hamster run, tournaments, firewood and rituals, described in Russian.",https://t.me/totems601chat,https://t.me/totemsapp_bot,,,2026-02-12,,
924,Tower (TOWER),quiet,"Powered by $TOWER, experience pioneering blockchain game features and earn rewards from the Ecosystem!",https://t.me/TowerToken,,https://x.com/TowerToken,https://www.towerecosystem.com,2024-01-22,,
925,Towerly,quiet,Towerly is a skill game,,https://t.me/TowerlyBot,,,2026-01,,
926,Trendly,quiet,Telegram mini app game,,https://t.me/treematrixgamebot,,,2024-12-05,,
927,Trucks TON,quiet,Game on TON where players buy trucks and send them on routes for profit.,,https://t.me/truckstonbot,,,2026-03-18,,
928,Trump's Empire,quiet,"Telegram mini app game with a community chat, Twitter and Instagram accounts.",,https://t.me/trumpsempirebot,,,2024-11-17,,
929,TrumpGPT,quiet,Make Crypto Great Again,,https://t.me/thetrumpgpt_bot,,,2024-10-30,429593,
930,Tsuefa,quiet,,https://t.me/tsuefa,,,,2025,,
931,Twyx,quiet,,,,,https://twyx.online/,2025-01,,
932,UFO Puzzle,quiet,Puzzle game about sending penguins to outer space,,https://t.me/ufo_puzzle_bot,,,2025-07-16,68260,
933,Unhealthy Dogs,quiet,Telegram mini app game,,https://t.me/unhealthydogs_bot,,,2024-12-22,55540,
934,Unichain,quiet,,,https://t.me/unichainbot,,,,,
935,Unicorn Kingdom,quiet,Unicorn game bot on Telegram,,https://t.me/unicornkingdombot,,,2024-08-07,,
936,Unknown,quiet,Multiplayer battle game on Telegram with USDT rewards.,https://t.me/unknown,https://t.me/coin_unk_bot,,https://unknown-coin.com,2021-11-12,,
937,Valor Quest,quiet,Telegram game Valor Quest,,https://t.me/valorquestbot,,,2024-12-27,519209,
938,Viking Forge,quiet,Game bot with on-chain notifications,,https://t.me/vikings_forge_bot,,,2026-03-05,28436,
939,VnukQuest,quiet,,,https://t.me/vnukquestbot,,,2026-09-18,,
940,Volarian Heist,quiet,,,https://t.me/volarianheist_bot,https://x.com/volarisgames,https://volaris.games,2024-06-23,,
941,Wallet League,quiet,"Telegram game from the Wallet League community, with news on its channel.",https://t.me/WalletLeague,https://t.me/walletleaguebot,,https://walletleague.club,2024-05-12,,
942,WARPIX,quiet,Fighting game in Telegram,,https://t.me/warpix_bot,,,2025-03-26,142947,
943,Warrior's Fight Club,quiet,Join Warrior's fight club and be part of his journey,,https://t.me/tapwarrior_bot,,,2024-09-18,1050406,
944,Wars Stars: Expedition,quiet,,,https://t.me/wars_stars_bot,,,2024-11-20,,
945,Wassie Whomps,quiet,,,https://t.me/wassiewhompsbot,,,2024-03-06,,
946,Web3 Gem,quiet,"Automatic deposits and withdrawals, play to win at",https://t.me/web3gem_ch,https://t.me/web3gem_bot,,,2024-06-07,,
947,Wonnie,quiet,Telegram game with bot,https://t.me/wonniechat,,,,2024-05-14,,
948,Wordly,quiet,Wordly is an engaging and interactive word-based puzzle game designed to challenge your mind and enhance your vocabulary,,https://t.me/wordlythegamebot,https://x.com/wordlythegame,https://yldrow.com/,2024-09-16,,
949,Words,quiet,"Word games in one place, including Wordle, Balda and anagrams, playable solo or with friends.",https://t.me/slovesny_bot,https://t.me/wordscommunity,https://x.com/wordscommunity,,2024-05-12,,
950,World of Dypians,quiet,Open-world Web3 game with quests and endless exploration.,https://t.me/worldofdypians,,,,2023-09-18,,
951,Wovula,quiet,"Welcome to Wovula, the ultimate space trading simulation built on the TON Blockchain",https://t.me/wovula_official,https://t.me/wovula_bot,https://x.com/wovulaapp,https://wovula.com/,2025-11,,
952,WowFish,quiet,,,https://t.me/wowfishbot,,,2024-06,,
953,Wukong,quiet,"Telegram game where players earn the WUKO token, with an official community channel.",,https://t.me/wukobot,,,2024-11-12,136208,
954,XOOB,quiet,Mining and exploring mini app game,,https://t.me/xoobgames_bot,,,2024-04-16,404752,
955,XRoach Club,quiet,Telegram game with its own community channels,,https://t.me/xroachbot,,,2024-12-27,,
956,xSkill,quiet,Real Competition Real Cash & Real Withdrawals,,https://t.me/xskill_bot,,,2024-11-06,,
957,XWorld,quiet,Game and AI platform with a Telegram mini app,,https://t.me/xworld,,,2024-12-06,,
958,YakZen Games,quiet,"NFT project with a Telegram game bot, channel and community chat.",https://t.me/nftyakusha,https://t.me/yakludkabot,,,2026-04-19,,
959,ZkCUP Bot,quiet,,https://t.me/zkcup,https://t.me/zkcupbot,,,2026-06-03,9131,
960,Zombie Town,quiet,Zombie game based on a Telegram channel,,https://t.me/zombietown_bot,,,2024-03-09,,
961,Zombie Town,quiet,Play-and-earn Zombie Town game,https://t.me/zombietonru,,,,2024-03-16,,
962,ZombieTrain,quiet,ZombieTrain is a casual 3D mobile game available on Telegram,https://t.me/zombie_train_en,https://t.me/zombietrainbot,https://x.com/zombietraingame,https://zombietra.in/,2024-12-05,,
963,Zoo Crypto,quiet,Zoo building game with earning,,https://t.me/zoocryptogamebot,,,2025-10-31,103910,
964,Zoo Crypto Game,quiet,Zoo-building crypto game in Telegram,,https://t.me/zoocgbot,,,2026-01-24,,
965,Zoom,quiet,Ranked #88 on TON App Catalog page,,https://t.me/zoomverse_bot,,,2026-04-18,,
966,Zootopia Game,quiet,Telegram game with news channels,,https://t.me/zootopiagamebot,,,2025-09-14,22979,
967,Безумная рыбалка,quiet,,,https://t.me/cryptocrazy_fishing_bot,,,2026-02-25,,
968,Лисья Тропа,quiet,,,https://t.me/lisiatropabot,,,2026-06-22,,
969,ЛутоКот,quiet,Russian-language game where players climb a career ladder in a kefir factory and earn kefir.,https://t.me/lootcat_news,https://t.me/lootokot_bot,,,2026-03-23,,
970,Мнимый в крипте,quiet,"Build-and-earn adventure game from the PixiLand project, with an announcement channel and site.",https://t.me/pixilandofficial,https://t.me/pixiland_bot,,https://pixiland.app,2024-05-15,,
971,Поигрульки,quiet,,,https://t.me/xrockgame_bot,,,2026-06-14,,
972,Таверна,quiet,"Tavern-themed game where players make bottles, pour ale or quit drinking for sobriety tokens.",https://t.me/toast_mm,https://t.me/toast_mm_bot,,,2026-07-12,,
973,ماموریت نوا,quiet,Telegram mini app game,,https://t.me/novamission_bot,,,,,
974,DUCKS,quiet,Telegram social game and token on TON,https://t.me/duckcoopchannel,,https://x.com/Ducks_realcoop,,2024-07-19,,
975,Crazy Camels Game,quiet,The official channel of Crazy Camels!,https://t.me/crazy_camels,https://t.me/cmlgamebot,,,2024-06-13,802019,
976,DexCoyote Legends,quiet,DexCoyote Legends is a new generation crypto game on the TON blockchain-network,https://t.me/dexcoyote,,,https://dclgame.com,2026-06-09,,
977,Slimak Adventures,quiet,The adventures of a little snail begin right now!,https://t.me/slimak_official,,,https://slimak-world.ton,2025-03-26,,
978,SVerse,quiet,Omnichain gaming and creator ecosystem,https://t.me/sverseofficialchannel,,,,2025-07-17,,
979,Other Worlds TON,quiet,"Welcome to ""Other Worlds"", an immersive dark fantasy game that merges blockchain technology with rich storytelling and strategic gameplay",https://t.me/otherworlds_club,https://t.me/OtherWorldsTONbot,https://x.com/otherworlds_ton,https://other-worlds.io/,2022-03-31,,
980,TimeSoul,quiet,News channel of the TimeSoul project,https://t.me/timesoul_en,,,,2024-06-25,,
981,My Pet Hooligan,quiet,Official channel of the My Pet Hooligan game,https://t.me/mypethooliganofficial,,,https://mypethooligan.com,2026-02-24,,
982,Glance,quiet,Game bot on Telegram,https://t.me/glance_the_game,https://t.me/theglancegamebot,https://x.com/glance_the_game,,2025-01-13,459322,
983,Bombie (BOMB),quiet,"Survive the Apocalypse, Airdrop is Key!",https://t.me/BombieNews,,https://x.com/Bombie_xyz,https://bombie.xyz,2025-03-24,,2024-12-04
984,Doonz Squad,quiet,,https://t.me/Doonz_Squad_bot,https://t.me/doonz_squad_bot,https://x.com/Cardoonz,,2024-05-31,162960,
985,AEC TON,quiet,Telegram game with a chat and support bot for the AEC token on TON.,https://t.me/AECTONOfficial,,https://x.com/AEC_TON,https://aecton.space/,2024-08-26,,
986,The Clean Network,quiet,Competitive cyberpunk strategy game on TON where players build a base and defend territory.,https://t.me/TheCleanNetwork,https://t.me/TheCleanNetworkAppBot,https://x.com/TCN_Protocol,https://tcn.gg,2026-01-06,23427,
987,TON Dungeon,quiet,"Battle monsters, collect loot and earn $PNY rewards in the ultimate blockchain dungeon crawler",https://t.me/tondungeon_news,https://t.me/tondungeon_app_bot,https://x.com/tondungeonTG,https://tondungeon.com,2026-01-20,,
988,SUPERCLUSTER,quiet,"Discover the universe, unlock rare characters, earn points. Start to try your luck",https://t.me/supercluster,https://t.me/scluster_bot,,https://supercluster-1.gitbook.io/supercluster,2024-07-19,27760,
989,Gift Fest,quiet,Mini app game with Russian news channel,https://t.me/giftfest_news,,,,2025-11-27,,
990,AURA x CAPITAL,quiet,Bridging mass adoption and professional DeFi,https://t.me/aura_x_capital,https://t.me/auraxcryptobot,https://x.com/auraxcapital,https://auraxcapital.com/,2024-06-12,,
991,BeGODS,quiet,Mythology-themed game and NFT universe,https://t.me/begods_channel,https://t.me/begods_bot,,https://begods.games,2025-01-10,,
992,StepMania,quiet,Walking-to-earn Telegram game,https://t.me/step_mania_ru,,,,2025-04-23,,
993,Melonia,quiet,MELON All about Crypto channel,https://t.me/melonia_ru,https://t.me/meloniaclick_bot,https://x.com/apewealth,https://www.apewealth.xyz/,2024-01-14,,
994,TON Mafia,quiet,Mafia game community on TON,https://t.me/tonmafiaonton,,,,2024-10-07,,
995,Balls for Luck,quiet,PvP racing game with official community,https://t.me/ballsforluck,,,,2026-03-11,,
996,Pepemida,quiet,Pepemida game bot,https://t.me/pepemida,,,,2026-02-20,,
997,Go To Planets,quiet,"At the beginning of the game, users should collect a good supply of rockets in order to travel on them to various planets in the future and collect valuable res",https://t.me/gotoplanets,,,,2024-05-05,,
998,CryptoMagnate,quiet,Global channel of the CryptoMagnate Web3 city game,https://t.me/playcryptomagnate,https://t.me/playcryptomagnatebot,,,2024-07-23,157516,
999,Move,quiet,Move-to-earn Telegram mini app,https://t.me/moveonton,https://t.me/moveontonbot,,,2024-09-28,68467,
1000,Azuki Alley Escape,quiet,Telegram mini app game from the Azuki community,https://t.me/azukialleyescape,,,,2025-11-11,,
1001,Grand Gangsta City,quiet,Play-to-mine NFT game on the blockchain with a Telegram mini game.,https://t.me/GrandGangstaCityAnnouncement,https://t.me/GGCTON_Bot,https://x.com/grandgangstaci,https://grandgangstacity.com/,2024-01-31,,
1002,Bounty Play,quiet,Hub of play-to-earn games on Telegram with a partnership contact.,https://t.me/bounty_play,,https://x.com/bounty_hash,https://bountyhash.io,2024-08-26,,
1003,Age of Farm,quiet,Farming game on TON with a bot and a chat.,https://t.me/aofgame_ton,,,,2024-06-10,,
1004,Tonagotchi,quiet,Your new virtual pet companion is here!,https://t.me/TonagotchiNews,https://t.me/TonagotchiBot,,,2024-03-03,6422,
1005,Drifterz,quiet,"Drifterz is a unique racing game in Telegram, where your drifting skills can make you a champion with the support of Blockchain Sport",https://t.me/Drifterz_channel,https://t.me/drifterz_bot,https://x.com/drifterz_,https://drifterz.app/,2024-09-17,,
1006,Capy VS Monsters,quiet,News channel of the Capy vs Monsters game,https://t.me/catvsmonsters_ann,,,,2024-08-08,,
1007,Hitoku,quiet,Telegram mini app game with a channel and community chat.,https://t.me/hitoku_channel,,,,2025-07-22,,
1008,OGCommunity,quiet,Web3 gaming community and ecosystem,https://t.me/ogc_announcements_hub,,,,2024-01-18,,
1009,Mumba Games,quiet,"Game hub of mini-games from mumba, which combines 12 games, for top games in which people receive rewards in TON",https://t.me/mumbatonofficial,,https://x.com/mumba_ton,,2024-02-02,,
1010,CockFights Game,quiet,"Russian-language cyber fighting game inspired by cockfights, played on Telegram.",https://t.me/toncocks,,https://x.com/Cock_Fights,,2022-04-24,,
1011,Odin Eagle,quiet,The Odin Eagle project is not only the dawn of a new era in commercial gaming on Telegram but also a new universe where dreams set sail and wealth converges for,https://t.me/OdinEagleCommunity,,https://x.com/OdinEaglegame,,2025-10-20,,
1012,8XR,quiet,Web gaming studio that shares games it plays itself and takes no money for promotion.,https://t.me/gam8s,,https://x.com/8xr_engine,,2022-11-07,,
1013,PANIE Bot,quiet,This channel has moved to a new location,https://t.me/panieton,,https://x.com/panieton,https://panie.xyz,2025-10-13,,
1014,Star Riser,quiet,Rogue-like action game for Telegram,https://t.me/starriser,,,,2025-02-10,,
1015,CoinRaces,quiet,Merging cryptocurrency predictions with virtual racing for an immersive experience,https://t.me/CoinRaces,https://t.me/CoinRacesBot,https://x.com/CoinRacesGame,https://coinraces.io/,2024-04-06,104092,
1016,EvoSim,quiet,Evolution simulation game on Telegram,https://t.me/evosim_game,,,,2025-02-17,,
1017,Nomka,quiet,"Nomka is a fast-paced multiplayer arcade about growth, risk, and tactics",https://t.me/nomka_fun,https://t.me/NomkaFunbot,,https://nomka.fun/site/,2025-07-29,,
1018,Pixel Heroes Adventure,quiet,Official news channel of Pixel Heroes Adventure tap game,https://t.me/tapadventure,,https://x.com/PixelHeroesMMO,,2024-07-05,,
1019,Ton Realm,quiet,TON Realm is an idle RPG with a focus on on-chain mechanics,https://t.me/Ton_Realm_Channel,https://t.me/Ton_Realm_Bot,https://x.com/Ton_Realm,https://tonrealm.com/landing,2024-09-25,,
1020,Pixieland,quiet,PixieLand is more than just a Web3 breeding game,https://t.me/PixieLand_io,https://t.me/PixieLand_io_bot,https://x.com/Pixieland_io,https://PixieLand.io,2024-08-17,,
1021,BIRDS,quiet,The Game & AI Abstraction Layer on Sui,https://t.me/Birds_announcement,https://t.me/birdx2_bot,,,2024-07-14,6756595,
1022,Corn Battles,quiet,Battle game with colorful corn characters where players earn with Corn Heroes.,https://t.me/corn_battles,https://t.me/corn,https://x.com/corn_battles,https://tonbox.me,2024-05-23,,
1023,TONopolis,quiet,"Telegram game about building a crypto empire, with an announcement channel and site.",https://t.me/TonopolisGame,https://t.me/tonopolisbot,https://x.com/TonopolisGame,https://www.tonopolisgame.com,2024-05-30,,
1024,Battles,quiet,Battles mini app on Telegram,https://t.me/battlesjam,,,,2023-01-27,,
1025,Mind Guardians,quiet,Watch out - your negative thoughts are attacking your mind as zombies!,https://t.me/mindunix,https://t.me/mindguardiansbot,https://x.com/unimindx,https://minduniversity.info/,2024-04-12,240355,
1026,Tonium World,quiet,"Once upon a time, at the dawn of the universe, there was a primordial element — Tonium",https://t.me/ToniumWorld,https://t.me/ToniumWorldBot,,https://tonium.world,2024-07-03,,
1027,HASBi RUN,quiet,HASBi RUN Overview: ”HASBi RUN” by Hasbiland is the classic endless runner game featuring Hasbulla,https://t.me/hasbiland,https://t.me/hasbiland_bot,https://x.com/Hasbiland,https://hasbiland.io/,2024-01-12,86934,
1028,RunesTon,quiet,Rune-themed game on TON with a bot,https://t.me/runestonfree,,,,2024-04-24,,
1029,Solitaire Suzume,quiet,Solitaire puzzle game where players solve daily puzzles and hunt for treasures.,https://t.me/suzume_news,https://t.me/solitaire_szm_bot,https://x.com/suzumeio,,2024-04-05,,
1030,TAPAC,quiet,Community of the Tap Arena game,https://t.me/tapac_official,,,,2024-07-12,,
1031,GeoBattle,quiet,GeoBattle is an online game,https://t.me/GeoBattle,https://t.me/GeoBattleBot,,,2024-09-23,236,
1032,ATERRA,quiet,Absurd Territory game with token,https://t.me/aterra_official,,,,2024-07-15,,
1033,Neon Maidens Online,quiet,Join the journey to the first P2E PVP jRPG on Telegram,https://t.me/nmotongame,https://t.me/nmogame_bot,https://x.com/neonmaidens,,2024-04-05,,
1034,Raccoon,quiet,Raccoon is a casual puzzle game that combines container organization and matching gameplay,https://t.me/RaccoonGoAnn,https://t.me/RaccoonGo_bot,https://x.com/raccoonket,,2024-12-19,,
1035,YuliGo,quiet,YuliGO is an exciting Telegram mini-app that brings the Yuliverse ecosystem to life in your daily world,https://t.me/Yuligo_official,,https://x.com/TheYuliverse,https://discord.com/invite/yuliverse-official,2024-09-11,,
1036,HarcoDeck,quiet,"Build your deck, challenge opponents in thrilling PvP battles, and climb the ranks",https://t.me/HarcoDeckAnnouncements,https://t.me/HarcoDeck_bot,https://x.com/Harcodeck,https://harco.gitbook.io/harcodeck,2024-09-18,12598,
1037,Harvest Moon,quiet,Farming game with Meteor Wallet,https://t.me/nearharvestmoon,,,,2024-02-25,,
1038,FEFE FIGHT,quiet,"The game has three modes: ""Random P2P battle, battle against bots, P2P tournaments""",https://t.me/FEFELAND,https://t.me/FllopBot,,,2025-04-11,,
1039,Blops,quiet,,https://t.me/blops,https://t.me/BlopsGame_bot,,https://blops.wiki,2025-02-19,,
1040,Bibizean TCG,quiet,"The ""Bibizean"" project is a collectible card game focused on gathering unique cards with distinct attributes and integrating NFT technology",https://t.me/bibizeancoin,https://t.me/BibizeanTCGbot,https://x.com/bibizean,https://bibizean.fun/,2025-04-06,,
1041,MonkeyTON,quiet,MonkeyTON is a GameFi project in the TON ecosystem,https://t.me/monkeys_ton,https://t.me/monketon_bot,https://x.com/monkey_gamefi,https://monkeyton.com,2024-05-16,46199,
1042,Jungle Gaming,quiet,"Jungle Gaming is a Telegram Mini App where players can explore games, complete expeditions, activate boosts, compete in tournaments and earn rewards",https://t.me/JungleGaming_Chat,https://t.me/JungleGamingBot,https://x.com/JungleGamingCom,https://junglegaming.com/,2025-04-03,,
1043,Native Survivors,quiet,"Native Survivors Project ($NTSP) is a GameFi project on the TON blockchain that offers an exciting, interactive user-driven strategy and puzzle game",https://t.me/native_survivors,https://t.me/NTSP_token_bot,https://x.com/NTSP_X,https://survivors-project.com,2024-07-21,41209,
1044,GoldenBlock,quiet,Smash gold nuggets! Go crazy for coins!,https://t.me/hashblockann,https://t.me/goldenblock_bot,https://x.com/GoldenBlock_AI,https://linktr.ee/GoldenBlock,2024-07-16,,
1045,LizArts,quiet,"LizArts is a universe where an army of powerful fighting lizards, survivors of humanity’s devastating war with artificial intelligence, are fighting to revive",https://t.me/Lizarts_Nation,https://t.me/lizartsworld_bot,,https://lizartsworld.com/,2024-04-21,392863,
1046,Racing TON,quiet,Racing TON is an exhilarating animal racing game on the Telegram mini-apps,https://t.me/Racing_TON,,https://x.com/RacingonTON,https://racington.tongram.app/,2024-10-14,,
1047,L2TON,quiet,Lineage 2 based game on TON,https://t.me/la2ton,,,,2023-04-19,,
1048,ZOO,quiet,Telegram game of buying animals and upgrading enclosures,https://t.me/zoo_story,,,,2024-12-15,,
1049,Durov Run,quiet,"Durov Run is a dynamic runner game with a storyline and elements of an economic simulator, where the player controls Pavel Durov",https://t.me/durovrungame,https://t.me/durovrunbot,https://x.com/DurovRun,,2024-08-25,,
1050,Mini Heroes,quiet,Endless racing game in Telegram,https://t.me/miniheroes,https://t.me/miniheroes_bot,,,2025-01-14,,
1051,TON Church,quiet,Pray-to-earn lootbox bot on TON,https://t.me/holy_ton,,,,2024-06-23,,
1052,Metaforest,quiet,Move-to-earn Realverse project,https://t.me/tonforest,,https://x.com/MetaForestWorld,,2022-07-12,,
1053,Crypto Colonies,quiet,Space colony building game where players expand a colony and collect the UNITY token.,https://t.me/crypto_colonies,https://t.me/cryptocolonies_bot,https://x.com/CryptoColoniesX,https://cryptocolonies.io/,2025-02-03,1656,
1054,Tapjenix,quiet,Tap game on Telegram with a news channel and website.,https://t.me/TapJenix,https://t.me/tapjenixbot,https://x.com/TapJenix,https://tapjenix.io,2025-02-01,,
1055,Tonrare,quiet,Web3 gaming ecosystem and platform with Russian and English chats.,https://t.me/tonrare_games,,,,2022-01-23,,
1056,CatsVSRats,quiet,CatsVSRats - Battle Between Two World,https://t.me/catsvsrats,https://t.me/catsvsratsbot,https://x.com/cats_vs_rats,https://gmail.com,2024-08-18,,
1057,Blockrain,quiet,Cryptocurrencies represent an exciting wave of innovation that is fundamentally changing our financial systems and has the potential to transform the global eco,https://t.me/blockrainofficial,https://t.me/Blockrainbot,https://x.com/Blockrainx,https://blockrain.io,2024-06-13,,
1058,VOLTUM,quiet,VOLTUM is a new era of games based on the principles of fair competition and player versus many players confrontations!,https://t.me/voltum_game,https://t.me/Voltum_bot,https://x.com/Volrum_official,https://voltum.cc/,2024-06-21,94661,
1059,Tonarchy,quiet,"Social strategy game in Telegram with viral mechanics, described in Russian.",https://t.me/tonarchy,,https://x.com/tonarchy,,2022-06-05,,
1060,MintTON,quiet,Play-to-earn game on TON where players own assets and play.,https://t.me/mintton,,,,2022-05-04,,
1061,Rooster Fights,quiet,Rooster Fights is a captivating mobile Web3 game that combines auto-battler gameplay with the strategic depth of rock-paper-scissors mechanics,https://t.me/rooster_fights_game,https://t.me/rooster_fights_bot,https://x.com/rooster_fights,https://marketplace.roosterfights.com,2023-10-23,,
1062,Big Balls Birds,quiet,Bird-themed Telegram game with English and Russian chats and a channel.,https://t.me/big_balls_birds,https://t.me/big_balls_birds_bot,https://x.com/balls_on_ton,https://bigballsbirds.fun,2024-05-13,62002,
1063,wild treasure,quiet,,https://t.me/wildecosystm,https://t.me/wildtreasurebot,,,2024-02-22,,
1064,Catacombs World,quiet,Welcome to the official channel of the game - The World of Catacombs!,https://t.me/catacombsworld,https://t.me/catacomBot,,https://catacombs.pro,2024-09-07,102355,
1065,Shiok,quiet,"Shiok brings a thrilling tower defense experience to the Telegram ecosystem, immersing players in a gritty, zombie-infested setting where the stakes are high",https://t.me/shiok_ann,https://t.me/the_shiok_bot,https://x.com/shiok_fun,https://shiok.fun/,2024-08-01,16642,
1066,AAO,quiet,"All At Once (AAO) - The First Battle To Earn On Web3 Game AAO Game delivers exhilarating real-time card battles, captivating gameplay, and breathtaking Web3 gra",https://t.me/AAO_Game,,https://x.com/AAO_Game,https://aao.game,2024-05-17,,
1067,BFB Sport,quiet,Welcome to the metaverse Football tour of BFB Sport!,https://t.me/BFBSPORTGAME,https://t.me/BTCFootballBot,https://x.com/BFBSPORTOFFIC,https://bfbsport.com/,2024-04-03,44277,
1068,TonParty,quiet,Spin-to-win airdrop game on TON,https://t.me/tonpartyann,https://t.me/tonparty_bot,https://x.com/TonParty_Web3,,2024-05-11,1036791,
1069,Tongochi,quiet,Play-to-earn pet game on Telegram and TON,https://t.me/tongochi_game,https://t.me/tongochi_bot,,https://tongochi.org,2022-07-11,10084,
1070,TonVillages,quiet,"The aim of the game is to build the village, to defeat the king and to become king",https://t.me/TonVillages,https://t.me/TonVillagesBot,,,2024-10-18,,
1071,OpenGaming,quiet,"Play, rank up, and collect drops in a community-oriented gaming ecosystem!",https://t.me/OpenGamingAnn,https://t.me/ogappbot,,,2024-06-09,40124,
1072,Planetor,quiet,"Telegram game with a news channel, community chat and website.",https://t.me/PlanetorNews,https://t.me/planetorbot,https://x.com/PlanetorGame,https://planetor.io/,2024-06-07,,
1073,Catirace,quiet,Cat-themed Telegram game with a community channel.,https://t.me/catirace14,https://t.me/catirace_bot,https://x.com/netMinePi,https://catirace.com,2024-06-04,,
1074,Magiton,quiet,Magiton is an epic magical adventure where you become a wizard on a quest to recover a legendary sword,https://t.me/magiton_gem,https://t.me/magitonbot,https://x.com/MagiTON_game,https://magiton.online/,2024-10-23,,
1075,Cosmic Invaders,quiet,"In Cosmic Invaders, players take control of a spaceship tasked with defending the galaxy from waves of alien invaders",https://t.me/CosmicInvadersGame,https://t.me/CosmicInvadersBot,https://x.com/Cosmic_Invaders,https://cosmicinvaders.pro,2024-10-25,,
1076,Sylvan Clash,quiet,"Greetings, forest defenders and strategy enthusiasts!",https://t.me/SylvanClashAnn,https://t.me/Sylvan_Clash_bot,,,2024-09-06,,
1077,ZigZag,quiet,ZigZag game official news channel,https://t.me/zigzagworld,,https://x.com/zigzagworldwide,,2024-07-06,,
1078,Timer,quiet,It's simple: Step 1 When you open Timer firstly you see the screen with dates input,https://t.me/Timer_community,https://t.me/Timer_community_bot,https://x.com/Timer_community,https://timer.rip/,2024-06-29,,
1079,Cat Blades!,quiet,"Choose your hero: unique characters for every taste, each with its own characteristics",https://t.me/Cats_Blades,https://t.me/CatsBladesBot,,,2024-06-08,100207,
1080,Squid Squad,quiet,Game in Telegram; announcements channel,https://t.me/squid_squad_app,,,,2024-06-23,,
1081,Not Quiz,quiet,Quiz bot on Telegram that is still under development.,https://t.me/NotQuiz,https://t.me/notquizbot,https://x.com/notquiz_nqz,https://notQuiz.online,2024-09-16,,
1082,TON Cook,quiet,"Play TON, Earn TON / Top 10 idle gaming publisher on App Store",https://t.me/TONCook_Announcements,https://t.me/toncookbot,https://x.com/theTONCook,https://toncook.fun/,2024-07-26,,
1083,Mars Race,quiet,MarsRace game is where speed and strategy are your keys to victory,https://t.me/marsrace,https://t.me/MarsRace_bot,https://x.com/mars4_me,https://www.mars4.me,2024-09-19,110698,
1084,Chess2 Gowin,quiet,chess community with millions of players and fans,https://t.me/chessgowin,https://t.me/chess_gowin_bot,,,2024-08-20,,
1085,The Five Realms,quiet,"The Five Realms is an open-world AI and GameFi adventure where players explore territories governed by Metal, Wood, Water, Fire, and Earth",https://t.me/TheFiveRealms,https://t.me/TheFiveRealmsBot,https://x.com/thefiverealms,https://fiverealms.ai,2024-07-24,,
1086,BOOM UP,quiet,Telegram mini app game with community chat,https://t.me/boomup_game,,,,2024-03-31,,
1087,Starborn Legacy,quiet,The first multi-user Play-and-Earn universe on Telegram,https://t.me/starbornlegacy,https://t.me/starbornlegacy_bot,,,2024-06-27,,
1088,Battle Planes,quiet,"NFT game on the TON blockchain, described in Russian.",https://t.me/battleplanes,,,,2022-08-02,,
1089,TetriX4,quiet,"There are two types of people in the world, TetriX4’s players and the silly people!",https://t.me/TetriX4update,https://t.me/tetrix4bot,https://x.com/TetriX4Official,,2024-06-18,,
1090,Ton $ Jerry,quiet,Sentimental P2E Space Shooter with two game modes: Classic & Tournament,https://t.me/tonjerryupdates,,https://x.com/TonJerry_,https://,2024-03-28,,
1091,GYM on TON,quiet,Gym-themed Telegram game on TON,https://t.me/gymonton,https://t.me/gymonton_bot,,,2024-06-09,,
1092,Rage Battles MMORPG,quiet,"Welcome to the world of Rage Battles — a unique turn-based tactical P2E MMORPG set in an exciting medieval fantasy setting, accessible via Telegram",https://t.me/ragebattles,https://t.me/RageBattlesBot,https://x.com/RageBattles,,2022-01-04,15192,
1093,ClownTown,quiet,Dive into a world of endless fun and challenges with The Cube game,https://t.me/CryptoClownTown,https://t.me/clowntownrobot,,,2024-04-29,,
1094,Egg Fight Club,quiet,,https://t.me/eggfightclub_ru,https://t.me/eggfightclubbot,https://x.com/EggFightClub,https://,2023-09-05,,
1095,TotalCup,quiet,The Battlefield Of Brains,https://t.me/TotalCup,https://t.me/TotalCupBot,,,2023-07-20,,
1096,TON Eternity,quiet,"Social multi-platform Web3 NFT metaverse built on TON, described in Russian.",https://t.me/toneternity,,,,2022-05-27,,
1097,TON Earth,quiet,"Virtual world on TON, sold as NFT collections on GetGems.",https://t.me/tonearth,,,,2022-02-20,,
1098,Deversee,quiet,Metaverse on the TON blockchain with a chat and website.,https://t.me/deversee_chanel,,,,2022-10-10,,
1099,Crazy Panda Village,quiet,Multiplayer MMORPG game with TON NFTs,https://t.me/crazypandaton,,,,2022-05-20,,
1100,Lost Cats,closed,,,,,,2024-09-28,,
1101,Spike Game,closed,,,,,,2025-05-06,,
1102,Nobby Game,closed,NobbyGame - P2E Rogue-Like Game on TON,https://t.me/NobbyOfficial,https://t.me/nobbygame_bot,https://x.com/NobbyGame,https://Nobby.Game,2024-03-19,443082,
1103,Coin Crypto Game,closed,"Spin the wheel to earn coins, and build your own empire",https://t.me/coincrypto_announcement,https://t.me/coincryptogamebot,https://x.com/Coincrypto_game,https://coincrypto.gg,2024-05-03,568277,
1104,Lost Dogs,closed,A detective game in the 'signals' genre in Telegram,https://t.me/lostdogscoeng,https://t.me/lost_dogs_bot,https://x.com/lostdogsco,https://app.vpn.diamonds/,2023-02-16,13445335,
1105,AkedoBot,closed,,,,,,2024-06-12,,
1106,Token Tactics,closed,Telegram strategy game with global and Russian-language chats and a news channel.,https://t.me/TokenTacticsGo,https://t.me/tokentactics_bot,https://x.com/TokenTacticsGo,https://tokentactics.xyz,2025-01-09,,
1107,DCL BOT,closed,,,,,,2026-06-09,,
1108,BIOM Play2Earn Alfa 20,closed,"Competitive play-to-earn game in the world of NFT collections, part of the Kat Knight ecosystem.",https://t.me/DefendersFuryPortal,https://t.me/biom_play2earn_bot,https://x.com/DefendersFury,https://defenderfury.io,2020-05-11,109,
1109,Instant Games,closed,,,,,,2023-09-28,,
1110,MINTODINOS Treasure,closed,"Game tied to Portal Network, a project for electric vehicle charging infrastructure.",,https://t.me/portal_network_en_bot,,,2024-05,,
1111,Telegram Fights,closed,"""TonCoinGame is a play-to-earn (P2E) game with a money withdrawal feature where players battle against each other",,,,https://toncoingame.ru/,2023-06,,
1112,TON World,closed,New game on TON blockchain allows claiming countries and getting TON when reclaimed by other players,,,,https://world.tons.me,2024-06,,
1113,FaceToPlace,closed,,https://t.me/facetoplace,https://t.me/facetoplace_bot,https://x.com/facetoplace_x,https://facetoplace.app,2022-09-01,,
