rank,name,kind,address,getgems,volume_ton,floor_ton,owners,items,launched,launched_source,telegram,x,website,other_links,description,approved_by,project,icon
1,Telegram Usernames,telegram-usernames,EQCA14o1-VWhS2efqoh_9M1b_A9DtKTuoqfmkn83AbJzwnPi,https://getgems.io/collection/EQCA14o1-VWhS2efqoh_9M1b_A9DtKTuoqfmkn83AbJzwnPi,134100000,5.6,182000,657500,2022-10-26,first transaction of the collection contract,,,https://fragment.com,https://fragment.com,Unique addresses in Telegram’s ecosystem of more than 700 million active users.,tonkeeper getgems,,assets/icons/nft-abjzwnpi.webp
2,Anonymous Telegram Numbers,telegram-numbers,EQAOQdwdw8kGftJCSFgOErM1mBjYPe4DBPq8-AhF6vr9si5N,https://getgems.io/collection/EQAOQdwdw8kGftJCSFgOErM1mBjYPe4DBPq8-AhF6vr9si5N,122500000,2300,48400,136500,2022-12-06,first transaction of the collection contract,,,https://fragment.com/numbers,https://fragment.com/numbers,These anonymous numbers can be used to create Telegram accounts that are not tied to SIM cards.,getgems,,assets/icons/nft-6vr9si5n.webp
3,Plush Pepes,telegram-gift,EQBG-g6ahkAUGWpefWbx-D_9sQ8oWbvy6puuq78U2c4NUDFS,https://getgems.io/collection/EQBG-g6ahkAUGWpefWbx-D_9sQ8oWbvy6puuq78U2c4NUDFS,23700000,5400,946,2800,2025-01-23,first transaction of the collection contract,,,https://fragment.com/gifts/plushpepe,https://fragment.com/gifts/plushpepe,Plush Pepes is an exclusive NFT collection by Telegram. Owners can showcase these unique NFTs in the Gifts section of their Telegram account and ‘wear’ them — displaying them next to their names and applying the gift’s unique style to personalize their profile page.,getgems,,assets/icons/nft-2c4nudfs.webp
4,TON DNS Domains,domains,EQC3dNlesgVD8YbAazcauIrXBPfiVhMMr5YYk2in0Mtsz0Bz,https://getgems.io/collection/EQC3dNlesgVD8YbAazcauIrXBPfiVhMMr5YYk2in0Mtsz0Bz,8100000,0.4,88300,197400,2022-07-29,first transaction of the collection contract,,,https://dns.ton.org,,*.ton domains,getgems,,assets/icons/nft-0mtsz0bz.webp
5,Notcoin Pre-Market,collection,EQDmkj65Ab_m0aZaW8IpKw4kYqIgITw_HRstYEkVQ6NIYCyW,https://getgems.io/collection/EQDmkj65Ab_m0aZaW8IpKw4kYqIgITw_HRstYEkVQ6NIYCyW,4000000,4,34000,795000,2024-03-06,first transaction of the collection contract,https://t.me/notcoin https://t.me/notcoin_fam,https://x.com/thenotcoin,,https://notcoin.notion.site/Notcoin-Pre-Market-9cbf7ad8045f4956bb5156db5df23755,"Notcoin Pre-Market vouchers represent the in-game Notcoin currency, which can be exchanged for $NOT after a token generation event.",getgems,token-notcoin,assets/icons/nft-q6niycyw.webp
6,Scared Cats,telegram-gift,EQATuUGdvrjLvTWE5ppVFOVCqU2dlCLUnKTsu0n1JYm9la10,https://getgems.io/collection/EQATuUGdvrjLvTWE5ppVFOVCqU2dlCLUnKTsu0n1JYm9la10,2700000,239,2200,14300,2025-01-23,first transaction of the collection contract,,,https://fragment.com/gifts/scaredcat,https://fragment.com/gifts/scaredcat,Scared Cats is an exclusive NFT collection by Telegram. Owners can showcase these unique NFTs in the Gifts section of their Telegram account and ‘wear’ them — displaying them next to their names and applying the gift’s unique style to personalize their profile page.,getgems,,assets/icons/nft-jym9la10.webp
7,Durov’s Caps,telegram-gift,EQD9ikZq6xPgKjzmdBG0G0S80RvUJjbwgHrPZXDKc_wsE84w,https://getgems.io/collection/EQD9ikZq6xPgKjzmdBG0G0S80RvUJjbwgHrPZXDKc_wsE84w,2100000,385,1200,3300,2025-01-23,first transaction of the collection contract,,,https://fragment.com/gifts/durovscap,https://fragment.com/gifts/durovscap,Durov’s Caps is an exclusive NFT collection by Telegram. Owners can showcase these unique NFTs in the Gifts section of their Telegram account and ‘wear’ them — displaying them next to their names and applying the gift’s unique style to personalize their profile page.,getgems,,assets/icons/nft-c_wse84w.webp
8,Heart Lockets,telegram-gift,EQC4XEulxb05Le5gF6esMtDWT5XZ6tlzlMBQGNsqffxpdC5U,https://getgems.io/collection/EQC4XEulxb05Le5gF6esMtDWT5XZ6tlzlMBQGNsqffxpdC5U,1800000,1100,253,1900,2025-06-06,first transaction of the collection contract,,,https://fragment.com/gifts/heartlocket,https://fragment.com/gifts/heartlocket,Heart Lockets is an exclusive NFT collection by Telegram. Owners can showcase these unique NFTs in the Gifts section of their Telegram account and ‘wear’ them — displaying them next to their names and applying the gift’s unique style to personalize their profile page.,getgems,,assets/icons/nft-ffxpdc5u.webp
9,TON Diamonds,collection,EQAG2BH0JlmFkbMrLEnyn2bIITaOSssd4WdisE4BdFMkZbir,https://getgems.io/collection/EQAG2BH0JlmFkbMrLEnyn2bIITaOSssd4WdisE4BdFMkZbir,1400000,3.7,3200,10000,2022-06-13,first transaction of the collection contract,https://t.me/tondiamonds,https://x.com/TonDiamonds,https://ton.diamonds,https://instagram.com/ton.diamonds,Unlock exclusive privileges in the TON Ecosystem with TON Diamonds NFT! Trade top-tier NFT collections with zero fees on the marketplace. Get early access to new digital releases and single pieces from world's major digital artists in the Auction House. Join TON Diamonds Priority Club and become a part of our private community with project founders and other holders.,getgems,tondiamondsbot,assets/icons/nft-dfmkzbir.webp
10,Precious Peaches,telegram-gift,EQA4i58iuS9DUYRtUZ97sZo5mnkbiYUBpWXQOe3dEUCcP1W8,https://getgems.io/collection/EQA4i58iuS9DUYRtUZ97sZo5mnkbiYUBpWXQOe3dEUCcP1W8,1000000,253,646,2700,2025-01-23,first transaction of the collection contract,,,https://fragment.com/gifts/preciouspeach,https://fragment.com/gifts/preciouspeach,Precious Peaches is an exclusive NFT collection by Telegram. Owners can showcase these unique NFTs in the Gifts section of their Telegram account and ‘wear’ them — displaying them next to their names and applying the gift’s unique style to personalize their profile page.,getgems,,assets/icons/nft-euccp1w8.webp
11,TON Punks 💎,collection,EQAo92DYMokxghKcq-CkCGSk_MgXY5Fo1SPW20gkvZl75iCN,https://getgems.io/collection/EQAo92DYMokxghKcq-CkCGSk_MgXY5Fo1SPW20gkvZl75iCN,939200,30,1100,5100,2022-04-21,first transaction of the collection contract,https://t.me/punkton https://t.me/TONPunksENG,https://x.com/tonpunks,,https://t.me/+HroiiYy1Tf05Mzgy,"TON PUNKS 💎 — a collection of 5149 NFTs created for the TON blockchain. Our values are freedom of information, enlightenment and decentralization.",getgems,tonpunksbot,assets/icons/nft-vzl75icn.webp
12,Animals Red List,collection,EQAA1yvDaDwEK5vHGOXRdtS2MbOVd1-TNy01L1S_t2HF4oLu,https://getgems.io/collection/EQAA1yvDaDwEK5vHGOXRdtS2MbOVd1-TNy01L1S_t2HF4oLu,937500,1.8,3100,13300,2022-05-31,first transaction of the collection contract,,,,,"Animals Red List is the first NFT project on the TON platform to integrate with Telegram. The project consists of 13,333 NFTs. Each NFT is a unique, hand-drawn illustration matching an endangered animal from the Red List.",getgems,,assets/icons/nft-t2hf4olu.webp
13,Swiss Watches,telegram-gift,EQBI07PXew94YQz7GwN72nPNGF6htSTOJkuU4Kx_bjTZv32U,https://getgems.io/collection/EQBI07PXew94YQz7GwN72nPNGF6htSTOJkuU4Kx_bjTZv32U,879500,54.9,2300,10800,2025-02-17,first transaction of the collection contract,,,https://fragment.com/gifts/swisswatch,https://fragment.com/gifts/swisswatch,Swiss Watches is an exclusive NFT collection by Telegram. Owners can showcase these unique NFTs in the Gifts section of their Telegram account and ‘wear’ them — displaying them next to their names and applying the gift’s unique style to personalize their profile page.,getgems,,assets/icons/nft-bjtzv32u.webp
14,Loot Bags,telegram-gift,EQCE80Aln8YfldnQLwWMvOfloLGgmPY0eGDJz9ufG3gRui3D,https://getgems.io/collection/EQCE80Aln8YfldnQLwWMvOfloLGgmPY0eGDJz9ufG3gRui3D,855500,122,947,6500,2025-03-05,first transaction of the collection contract,,,https://fragment.com/gifts/lootbag,https://fragment.com/gifts/lootbag,Loot Bags is an exclusive NFT collection by Telegram. Owners can showcase these unique NFTs in the Gifts section of their Telegram account and ‘wear’ them — displaying them next to their names and applying the gift’s unique style to personalize their profile page.,getgems,,assets/icons/nft-g3grui3d.webp
15,Toy Bears,telegram-gift,EQC1gud6QO8NdJjVrqr7qFBMO0oQsktkvzhmIRoMKo8vxiyL,https://getgems.io/collection/EQC1gud6QO8NdJjVrqr7qFBMO0oQsktkvzhmIRoMKo8vxiyL,714100,35,2400,29400,2025-03-05,first transaction of the collection contract,,,https://fragment.com/gifts/toybear,https://fragment.com/gifts/toybear,Toy Bears is an exclusive NFT collection by Telegram. Owners can showcase these unique NFTs in the Gifts section of their Telegram account and ‘wear’ them — displaying them next to their names and applying the gift’s unique style to personalize their profile page.,getgems,,assets/icons/nft-ko8vxiyl.webp
16,EVAA XP Vouchers,collection,EQD0iQuSLkUrRky5Y0CL6a0nsF8iWu0SQZ8AsUQJv7uA7D3z,https://getgems.io/collection/EQD0iQuSLkUrRky5Y0CL6a0nsF8iWu0SQZ8AsUQJv7uA7D3z,595800,,1,9400,2025-09-26,first transaction of the collection contract,https://t.me/evaatg https://t.me/EvaaAppBot https://t.me/EvaaProtocolHub,https://x.com/evaaprotocol,https://evaa.finance,,"EVAA Vouchers can be redeemed for $EVAA tokens, unlocking exclusive benefits such as fee rebates, boosted APYs, and additional revenue opportunities across the platform.",getgems,evaa-protocol,assets/icons/nft-v7ua7d3z.webp
17,Heroic Helmets,telegram-gift,EQAlROpjm1k1mW30r61qRx3lYHsZkTKXVSiaHEIhOlnYA4oy,https://getgems.io/collection/EQAlROpjm1k1mW30r61qRx3lYHsZkTKXVSiaHEIhOlnYA4oy,381700,190,480,2200,2025-06-06,first transaction of the collection contract,,,https://fragment.com/gifts/heroichelmet,https://fragment.com/gifts/heroichelmet,Heroic Helmets is an exclusive NFT collection by Telegram. Owners can showcase these unique NFTs in the Gifts section of their Telegram account and ‘wear’ them — displaying them next to their names and applying the gift’s unique style to personalize their profile page.,getgems,,assets/icons/nft-olnya4oy.webp
18,Mighty Arms,telegram-gift,EQDeX0F1GDugNjtxkFRihu9ZyFFumBv2jYF5Al1thx2ADDQs,https://getgems.io/collection/EQDeX0F1GDugNjtxkFRihu9ZyFFumBv2jYF5Al1thx2ADDQs,377700,122,516,2800,2025-09-19,first transaction of the collection contract,,,https://fragment.com/gifts/mightyarm,https://fragment.com/gifts/mightyarm,Mighty Arms is an exclusive NFT collection by Telegram. Owners can showcase these unique NFTs in the Gifts section of their Telegram account and ‘wear’ them — displaying them next to their names and applying the gift’s unique style to personalize their profile page.,getgems,,assets/icons/nft-hx2addqs.webp
19,X Empire Pre-Market,collection,EQBFg46ihgN95_3Ld7MU19kVJdKepJ0Dq3UHRBaEuJLlomQI,https://getgems.io/collection/EQBFg46ihgN95_3Ld7MU19kVJdKepJ0Dq3UHRBaEuJLlomQI,336000,0.2,68600,570700,2024-09-06,first transaction of the collection contract,https://t.me/empirex,https://x.com/xempiregame,https://xempire.io,https://getgems.io/collection/EQBFg46ihgN95_3Ld7MU19kVJdKepJ0Dq3UHRBaEuJLlomQI,"The exchange of issued vouchers was completed on October 31, 2024.",getgems,token-x-empire,assets/icons/nft-ujllomqi.webp
20,Astral Shards,telegram-gift,EQDIReleOkTxCD4g_XEm8xj0LYNg6-zMsTGAAwCA-vEbkGBu,https://getgems.io/collection/EQDIReleOkTxCD4g_XEm8xj0LYNg6-zMsTGAAwCA-vEbkGBu,302100,110,786,3300,2025-02-17,first transaction of the collection contract,,,https://fragment.com/gifts/astralshard,https://fragment.com/gifts/astralshard,Astral Shards is an exclusive NFT collection by Telegram. Owners can showcase these unique NFTs in the Gifts section of their Telegram account and ‘wear’ them — displaying them next to their names and applying the gift’s unique style to personalize their profile page.,getgems,,assets/icons/nft-_vebkgbu.webp
21,Getgems Domains,domains,EQDhlVq6cknyPk_SCGZUoXZRbZixNODfcBMCZ3wDfDWLFze7,https://getgems.io/collection/EQDhlVq6cknyPk_SCGZUoXZRbZixNODfcBMCZ3wDfDWLFze7,299200,0.1,73500,163600,2024-01-11,first transaction of the collection contract,,,https://getgems.io/domains,,"Getgems Domains is a collection of custom links on the NFT marketplace, like: getgems.io/link. Want a top-tier custom address? Easy! Create a name, launch the auction, highest bid gets the NFT-domain!",getgems,,assets/icons/nft-fdwlfze7.webp
22,Lost Dogs,collection,EQAl_hUCAeEv-fKtGxYtITAS6PPxuMRaQwHj0QAHeWe6ZSD0,https://getgems.io/collection/EQAl_hUCAeEv-fKtGxYtITAS6PPxuMRaQwHj0QAHeWe6ZSD0,260000,1.6,18400,56900,2023-03-07,first transaction of the collection contract,https://t.me/lostdogscoru https://t.me/lostdogscoeng,https://x.com/LostDogsCo,,https://t.me/getgems_flood/21659,"Lost Dogs is the first mergeable NFT collection on TON, featuring an expansive narrative game and a world full of exploration!! To customize your dogs, you can use the Mutagen Collection to manipulate your Dog’s DNA during breeding and unlock their offspring's mutant potential! Hurry up! Adopt a Lost Dog, find them their perfect match (or a bunch of them!), and breed new pups! Visit our official channels for instructions and more information.",getgems,lost-dogs,assets/icons/nft-ewe6zsd0.webp
23,Vintage Cigars,telegram-gift,EQACcQpR2fmdeENWdE2YGQWHVxSTyA8Zq4_k7rk_IaxCRXNe,https://getgems.io/collection/EQACcQpR2fmdeENWdE2YGQWHVxSTyA8Zq4_k7rk_IaxCRXNe,253200,37.9,2400,8800,2025-01-23,first transaction of the collection contract,,,https://fragment.com/gifts/vintagecigar,https://fragment.com/gifts/vintagecigar,Vintage Cigars is an exclusive NFT collection by Telegram. Owners can showcase these unique NFTs in the Gifts section of their Telegram account and ‘wear’ them — displaying them next to their names and applying the gift’s unique style to personalize their profile page.,getgems,,assets/icons/nft-iaxcrxne.webp
24,First Force,collection,EQDe-g7ds5azgdijv0YyGmS4flgqH_gUqP4o2pIvkOHcxJ9M,https://getgems.io/collection/EQDe-g7ds5azgdijv0YyGmS4flgqH_gUqP4o2pIvkOHcxJ9M,250500,,8300,8300,2025-06-17,first transaction of the collection contract,,https://x.com/TacBuild,https://firstforce.tac.build https://tac.build,https://discord.com/invite/tacbuild,"First Force is your on-chain badge of honor - 10,000 soulbound NFTs that recognize the earliest believers in TAC’s mission to bring Ethereum’s innovation to Telegram’s 1B+ users. These tokens aren’t just collectibles, they’re proof that you were here before the wave.",getgems,token-tac,assets/icons/nft-kohcxj9m.webp
25,Snoop Doggs,telegram-gift,EQAoJw7BpOcBD3y9voMuEQ-qhS3K4gtM-6EePLxkzk8iSifX,https://getgems.io/collection/EQAoJw7BpOcBD3y9voMuEQ-qhS3K4gtM-6EePLxkzk8iSifX,234200,5,11100,55400,2025-07-25,first transaction of the collection contract,,,https://fragment.com/gifts/snoopdogg,https://fragment.com/gifts/snoopdogg,Snoop Doggs is an exclusive NFT collection by Snoop Dogg. Owners can showcase these unique NFTs in the Gifts section of their Telegram account and ‘wear’ them — displaying them next to their names and applying the gift’s unique style to personalize their profile page.,getgems,,assets/icons/nft-zk8isifx.webp
26,Rich Cats,collection,EQCvYf5W36a0zQrS_wc6PMKg6JnyTcFU56NPx1PrAW63qpvt,https://getgems.io/collection/EQCvYf5W36a0zQrS_wc6PMKg6JnyTcFU56NPx1PrAW63qpvt,230300,69,447,2500,2022-05-31,first transaction of the collection contract,,,,,Rich Cats is the world's first customizable NFTs exclusively for Telegram.,,,assets/icons/nft-aw63qpvt.webp
27,Low Riders,telegram-gift,EQDCPq7QSUvCmq7kBhmDulxVdeFHKFc1wT9MQxnesanl1Hql,https://getgems.io/collection/EQDCPq7QSUvCmq7kBhmDulxVdeFHKFc1wT9MQxnesanl1Hql,218600,56.5,1100,7700,2025-07-25,first transaction of the collection contract,,,https://fragment.com/gifts/lowrider,https://fragment.com/gifts/lowrider,Low Riders is an exclusive NFT collection by Snoop Dogg. Owners can showcase these unique NFTs in the Gifts section of their Telegram account and ‘wear’ them — displaying them next to their names and applying the gift’s unique style to personalize their profile page.,getgems,,assets/icons/nft-sanl1hql.webp
28,RoOLZ,collection,EQCLN0mc5zJwjBAxhwtpQFlPq2nLoA5HR0pWbt5lXObX5oqa,https://getgems.io/collection/EQCLN0mc5zJwjBAxhwtpQFlPq2nLoA5HR0pWbt5lXObX5oqa,218500,2.2,2100,5400,2024-02-29,first transaction of the collection contract,,,,,,getgems,,
29,Kissed Frogs,telegram-gift,EQDTro-ogJbS7o-OBD6bt2NysPt7SnGm5zfuRXGB1nE_rbGa,https://getgems.io/collection/EQDTro-ogJbS7o-OBD6bt2NysPt7SnGm5zfuRXGB1nE_rbGa,213900,49,1000,7600,2025-01-23,first transaction of the collection contract,,,https://fragment.com/gifts/kissedfrog,https://fragment.com/gifts/kissedfrog,Kissed Frogs is an exclusive NFT collection by Telegram. Owners can showcase these unique NFTs in the Gifts section of their Telegram account and ‘wear’ them — displaying them next to their names and applying the gift’s unique style to personalize their profile page.,getgems,,assets/icons/nft-1ne_rbga.webp
30,Whales Club,collection,EQDvRFMYLdxmvY3Tk-cfWMLqDnXF_EclO2Fp4wwj33WhlNFT,https://getgems.io/collection/EQDvRFMYLdxmvY3Tk-cfWMLqDnXF_EclO2Fp4wwj33WhlNFT,213600,53,529,1600,2022-05-31,first transaction of the collection contract,https://t.me/tonwhalesnft https://t.me/tonwhalesnften,https://x.com/whalescorp,https://tonwhales.com/club,,"Collection limited to 10000 utility-enabled NFTs, where the token is your membership to the Whales Club. Have access to the most profitable Ton Whales decentralized staking pools, networking system, the latest news from Whales Corp. and many other useful club privileges.",getgems,ton-whales,assets/icons/nft-33whlnft.webp
31,Lol Pops,telegram-gift,EQC6zjid8vJNEWqcXk10XjsdDLRKbcPZzbHusuEW6FokOWIm,https://getgems.io/collection/EQC6zjid8vJNEWqcXk10XjsdDLRKbcPZzbHusuEW6FokOWIm,212600,3.8,10100,67200,2025-02-17,first transaction of the collection contract,,,https://fragment.com/gifts/lolpop,https://fragment.com/gifts/lolpop,Lol Pops is an exclusive NFT collection by Telegram. Owners can showcase these unique NFTs in the Gifts section of their Telegram account and ‘wear’ them — displaying them next to their names and applying the gift’s unique style to personalize their profile page.,getgems,,assets/icons/nft-6fokowim.webp
32,Westside Signs,telegram-gift,EQDvZ_9Z3tJ9k6eELLtTeuQAz4yOOWyYFZfzqNv2dGJiHvrF,https://getgems.io/collection/EQDvZ_9Z3tJ9k6eELLtTeuQAz4yOOWyYFZfzqNv2dGJiHvrF,211400,95,673,6400,2025-07-25,first transaction of the collection contract,,,https://fragment.com/gifts/westsidesign,https://fragment.com/gifts/westsidesign,Westside Signs is an exclusive NFT collection by Snoop Dogg. Owners can showcase these unique NFTs in the Gifts section of their Telegram account and ‘wear’ them — displaying them next to their names and applying the gift’s unique style to personalize their profile page.,getgems,,assets/icons/nft-dgjihvrf.webp
33,Annihilation,collection,EQB8D8A9OoDoRmL7qVbUBrd_po9vNKcl44HCSw6b-c3nvcj9,https://getgems.io/collection/EQB8D8A9OoDoRmL7qVbUBrd_po9vNKcl44HCSw6b-c3nvcj9,207200,15,264,1000,2022-07-11,first transaction of the collection contract,,,https://ton.diamonds/p/annihilation,,First NFT collection by Ellen Sheidlin. 1000 NFT stones that open up over time and reveal the hidden avatars.,getgems,,assets/icons/nft-_c3nvcj9.webp
34,Signet Rings,telegram-gift,EQCrGA9slCoksgD-NyRDjtHySKN0Ts8k6hdueJkUkZZdD4_K,https://getgems.io/collection/EQCrGA9slCoksgD-NyRDjtHySKN0Ts8k6hdueJkUkZZdD4_K,207000,30.9,1800,7200,2025-01-23,first transaction of the collection contract,,,https://fragment.com/gifts/signetring,https://fragment.com/gifts/signetring,Signet Rings is an exclusive NFT collection by Telegram. Owners can showcase these unique NFTs in the Gifts section of their Telegram account and ‘wear’ them — displaying them next to their names and applying the gift’s unique style to personalize their profile page.,getgems,,assets/icons/nft-kzzdd4_k.webp
35,Artisan Bricks,telegram-gift,EQA2RI7XvIs9wJQKrxkTb7YtpeUuaD-p0eT5uBe4bkcGT2bd,https://getgems.io/collection/EQA2RI7XvIs9wJQKrxkTb7YtpeUuaD-p0eT5uBe4bkcGT2bd,207000,68,626,4000,2025-09-19,first transaction of the collection contract,,,https://fragment.com/gifts/artisanbrick,https://fragment.com/gifts/artisanbrick,Artisan Bricks is an exclusive NFT collection by Telegram. Owners can showcase these unique NFTs in the Gifts section of their Telegram account and ‘wear’ them — displaying them next to their names and applying the gift’s unique style to personalize their profile page.,getgems,,assets/icons/nft-bkcgt2bd.webp
36,Nail Bracelets,telegram-gift,EQAZjuUJmbP-V4Ryowjexh7bIcdNrrojr0WKSpdggB0zbst5,https://getgems.io/collection/EQAZjuUJmbP-V4Ryowjexh7bIcdNrrojr0WKSpdggB0zbst5,206400,120,665,2500,2025-06-06,first transaction of the collection contract,,,https://fragment.com/gifts/nailbracelet,https://fragment.com/gifts/nailbracelet,Nail Bracelets is an exclusive NFT collection by Telegram. Owners can showcase these unique NFTs in the Gifts section of their Telegram account and ‘wear’ them — displaying them next to their names and applying the gift’s unique style to personalize their profile page.,getgems,,assets/icons/nft-gb0zbst5.webp
37,NOT Wise,collection,EQA5HalN4asamSjufbmXF_Wr3jyapCEYcYN0igfBDe5Nmbm7,https://getgems.io/collection/EQA5HalN4asamSjufbmXF_Wr3jyapCEYcYN0igfBDe5Nmbm7,204400,279,403,514,2024-03-13,first transaction of the collection contract,https://t.me/notwise,https://x.com/NotWiseOrg,https://notwise.org,https://getgems.io/collection/EQA5HalN4asamSjufbmXF_Wr3jyapCEYcYN0igfBDe5Nmbm7,The Strongest NFT community of The Open Network. The GAME this winter. Stay tuned! Probably nothing.,getgems,not-wise,assets/icons/nft-de5nmbm7.webp
38,Gatto | Official NFT storage,collection,EQA2glKDbvezR0KZstAqNmHLEpkOHId1RYAGwza06XLCOLTl,https://getgems.io/collection/EQA2glKDbvezR0KZstAqNmHLEpkOHId1RYAGwza06XLCOLTl,202200,0.2,6200,231400,2023-09-24,first transaction of the collection contract,https://t.me/gatto_gamebot https://t.me/gatto_game,,,https://vk.com/gatto_game,This is where NFT pets are stored that were created by users in the game Gatto Game: t.me/gatto_gamebot Official channel: t.me/gatto_game,getgems,gatto,assets/icons/nft-6xlcoltl.webp
39,G-BOTS SD,collection,EQDgZmQpDJbO6laHvvibaXYXMlEAYEH6LnUtA5J19W18dENp,https://getgems.io/collection/EQDgZmQpDJbO6laHvvibaXYXMlEAYEH6LnUtA5J19W18dENp,199600,1.4,1400,6600,2022-04-24,first transaction of the collection contract,https://t.me/gbotston https://t.me/gbotston_en,https://x.com/gbotston,,https://play.google.com/store/apps/details?id=com.gbots.game&hl=en&gl=US https://apps.apple.com/us/app/g-labs-bots-guns/id6447485895?l=en-GB https://vk.com/gbotston https://getgems.io/collection/EQBpOQjo6uIpkH-GqJ1oObqVjyATQEJ1PnIrM_52f3nSE_rb,G-BOTS by G-LABS A collection of 6666 toy mini-robots based on the TON blockchain. Each G-BOT & G-GUN is unique and randomly generated from a combination of hand-drawn and individually modelled 3D parts. Our collections: - G-GUNS - G-PIXEL ART - NFT comics: The G-BOTS Our game: links in the description.,getgems,g-bots,assets/icons/nft-9w18denp.webp
40,CRYPTEL Numbers,collection,EQCno2fTCjUUWqpuB-Ri717yUFAPr2hemPl7gw0cNXz3jvCP,https://getgems.io/collection/EQCno2fTCjUUWqpuB-Ri717yUFAPr2hemPl7gw0cNXz3jvCP,195300,5,1000,5100,2025-08-04,first transaction of the collection contract,https://t.me/Cryptel999,,https://CryptelApp.com,https://getgems.io/collection/EQCno2fTCjUUWqpuB-Ri717yUFAPr2hemPl7gw0cNXz3jvCP,"Owning a CRYPTEL 999 is more than holding an NFT it’s owning a piece of the future of secure, borderless communication. CRYPTEL is not affiliated with Telegram, nor does it offer Telegram Anonymous Numbers. It is an independent, next-generation identity system built for privacy and decentralization.",getgems,,assets/icons/nft-nxz3jvcp.webp
41,Voodoo Dolls,telegram-gift,EQCNsmpHqRSY_Dxnyh6P0MMO7zcABf8sVvG0wr245pBzO3B3,https://getgems.io/collection/EQCNsmpHqRSY_Dxnyh6P0MMO7zcABf8sVvG0wr245pBzO3B3,190600,36.7,1800,10900,2025-02-17,first transaction of the collection contract,,,https://fragment.com/gifts/voodoodoll,https://fragment.com/gifts/voodoodoll,Voodoo Dolls is an exclusive NFT collection by Telegram. Owners can showcase these unique NFTs in the Gifts section of their Telegram account and ‘wear’ them — displaying them next to their names and applying the gift’s unique style to personalize their profile page.,getgems,,assets/icons/nft-5pbzo3b3.webp
42,Gem Signets,telegram-gift,EQAqtF5tZIgNZal80ChzdPMvZCN8OEbJCVJPn_0xNPghQJPW,https://getgems.io/collection/EQAqtF5tZIgNZal80ChzdPMvZCN8OEbJCVJPn_0xNPghQJPW,189300,57,782,2500,2025-06-06,first transaction of the collection contract,,,https://fragment.com/gifts/gemsignet,https://fragment.com/gifts/gemsignet,Gem Signets is an exclusive NFT collection by Telegram. Owners can showcase these unique NFTs in the Gifts section of their Telegram account and ‘wear’ them — displaying them next to their names and applying the gift’s unique style to personalize their profile page.,getgems,,assets/icons/nft-npghqjpw.webp
43,Desk Calendars,telegram-gift,EQBMcfMAZlMUr1W3X8kdEw3fJMUAaWH4-XcmE5R5RfFIY0E2,https://getgems.io/collection/EQBMcfMAZlMUr1W3X8kdEw3fJMUAaWH4-XcmE5R5RfFIY0E2,180700,4.6,6400,33600,2025-02-17,first transaction of the collection contract,,,https://fragment.com/gifts/deskcalendar,https://fragment.com/gifts/deskcalendar,Desk Calendars is an exclusive NFT collection by Telegram. Owners can showcase these unique NFTs in the Gifts section of their Telegram account and ‘wear’ them — displaying them next to their names and applying the gift’s unique style to personalize their profile page.,getgems,,assets/icons/nft-rffiy0e2.webp
44,Toned Ape Club!,collection,EQCzuSjkgUND61l7gIH3NvVWNtZ0RX1hxz1rWnmJqGPmZh7S,https://getgems.io/collection/EQCzuSjkgUND61l7gIH3NvVWNtZ0RX1hxz1rWnmJqGPmZh7S,178300,7,928,3000,2022-04-07,first transaction of the collection contract,,,,,"Toned Ape Club! NFT collection is 3.033 unique illustrations of the famous image in a new style. In the style of TON! The ape is holding a diamond in front of him, the symbol of The Open Network blockchain. This abstraction tells us about the irreversible process of adoption of TON technologies in the top of crypto world - free and limitless. Bonuses for holders, integration of NFT avatars into Telegram, participation in charity events - this is what await Toned Ape Club! collection holders in f",getgems,,assets/icons/nft-qgpmzh7s.webp
45,Snoop Cigars,telegram-gift,EQA72Uevr_MHvzYwSCHJUK-uC6kd-w8kbxzhJ49WIiG-o6CD,https://getgems.io/collection/EQA72Uevr_MHvzYwSCHJUK-uC6kd-w8kbxzhJ49WIiG-o6CD,176000,14.4,4900,18200,2025-07-25,first transaction of the collection contract,,,https://fragment.com/gifts/snoopcigar,https://fragment.com/gifts/snoopcigar,Snoop Cigars is an exclusive NFT collection by Snoop Dogg. Owners can showcase these unique NFTs in the Gifts section of their Telegram account and ‘wear’ them — displaying them next to their names and applying the gift’s unique style to personalize their profile page.,getgems,,assets/icons/nft-iig_o6cd.webp
46,Easter Eggs,telegram-gift,EQAwnP7dGfE_WO0xiCiulkAXUG1K1bWH1vE1k64T4G-7gruO,https://getgems.io/collection/EQAwnP7dGfE_WO0xiCiulkAXUG1K1bWH1vE1k64T4G-7gruO,174600,3.8,4400,26900,2025-05-07,first transaction of the collection contract,,,https://fragment.com/gifts/easteregg,https://fragment.com/gifts/easteregg,Easter Eggs is an exclusive NFT collection by Telegram. Owners can showcase these unique NFTs in the Gifts section of their Telegram account and ‘wear’ them — displaying them next to their names and applying the gift’s unique style to personalize their profile page.,getgems,,assets/icons/nft-4g_7gruo.webp
47,CRYPTON,collection,EQBdJY4Z6U0qmfN-wBAdVLz87S4iYbLfAmWQo0W5uLBRuwdT,https://getgems.io/collection/EQBdJY4Z6U0qmfN-wBAdVLz87S4iYbLfAmWQo0W5uLBRuwdT,159000,0.1,15900,67700,2023-12-21,first transaction of the collection contract,https://t.me/crypton_off,,https://crypton.xyz,https://youtube.com/c/CryptonAcademy,Crypton's core collection. First RWA NFTs on TON. Shares from the fund and pre-market tokens.,getgems,,assets/icons/nft-ulbruwdt.webp
48,Ice Creams,telegram-gift,EQBUvskEvmWdp_V6HX-2Tyfp4mFSzMzdg9TaUz6zKVz6Ov3f,https://getgems.io/collection/EQBUvskEvmWdp_V6HX-2Tyfp4mFSzMzdg9TaUz6zKVz6Ov3f,145000,3.6,8300,34800,2025-10-28,first transaction of the collection contract,,,https://fragment.com/gifts/icecream,https://fragment.com/gifts/icecream,Ice Creams is an exclusive NFT collection by Telegram. Owners can showcase these unique NFTs in the Gifts section of their Telegram account and ‘wear’ them — displaying them next to their names and applying the gift’s unique style to personalize their profile page.,getgems,,assets/icons/nft-kvz6ov3f.webp
49,Welcome to TON,collection,EQDyWZIoTXuEUaM6ROtnKs0lmtkJVWEg1vXMimm_A_rdMIyE,https://getgems.io/collection/EQDyWZIoTXuEUaM6ROtnKs0lmtkJVWEg1vXMimm_A_rdMIyE,143700,2.6,12800,16300,2023-05-30,first transaction of the collection contract,https://t.me/toncoin,https://x.com/ton_blockchain,,https://ton.org,Each digital artwork represents a memorable token earned after successfully completing an onboarding quest about TON ecosystem,getgems,,assets/icons/nft-a_rdmiye.webp
50,ChainSIM,collection,EQDuSi30jL11SvXs41CXfMuucgbgvztB4YwLpR9xUymm-C79,https://getgems.io/collection/EQDuSi30jL11SvXs41CXfMuucgbgvztB4YwLpR9xUymm-C79,133900,6,2400,9700,2025-07-24,first transaction of the collection contract,https://t.me/getchainsim,https://x.com/getchainsim,https://app.chainsim.io,,"ChainSIM is a revolutionary NFT collection that lets you link your accounts across different platforms to private Web3 numbers. These blockchain-powered numbers act as your secure, anonymous identity, enabling seamless authentication without relying on traditional phone numbers.",getgems,chainsim,assets/icons/nft-uymm_c79.webp
51,Market Makers,collection,EQBDMXqg2YcGmMnn5_bXG63y-hh_YNV0dx-ylx-vL3v_WZt4,https://getgems.io/collection/EQBDMXqg2YcGmMnn5_bXG63y-hh_YNV0dx-ylx-vL3v_WZt4,126400,32,555,5500,2024-04-19,first transaction of the collection contract,https://t.me/storm_trade_fam,https://x.com/storm_trade_ton,https://storm.tg,https://mirror.xyz/0x0e6f32FB103aFE2f1C4a484B993C1cfc0816CE8a/IgNNk1VD3018KAKeq7xRXVduB0x87mh1QP2ijNeNfHc,"Discover the Market Makers - an epic NFT collection by Storm Trade, where trading meets victory. Featuring 5555 unique NFTs representing the iconic Bull, Bear, and Bird, each meticulously hand-drawn by the artist. Every exclusive NFT is given as a reward for the most active Storm.tg users and community members. Holding of NFTs provides you with special bonuses from Storm, such as whitelists for $STORM token. So, who rules the market today?",getgems,storm-trade,assets/icons/nft-l3v_wzt4.webp
52,Fanton Fantasy Football,collection,EQBpBsShOF1EvuX3nOKwNuzr5YWlJjdpCH_2n8ybizF479Tg,https://getgems.io/collection/EQBpBsShOF1EvuX3nOKwNuzr5YWlJjdpCH_2n8ybizF479Tg,124800,0.1,2600,58100,2022-11-22,first transaction of the collection contract,https://t.me/fanton https://t.me/FanTonGameBot,https://x.com/FantasyFanton,https://fan-ton.com,https://discord.gg/j6AZZs5bjU https://vk.com/fantonfantasyfootball,Fanton is a P2E game in the Fantasy Football genre on TON integrated into Telegram app. https://t.me/FanTonGameBot,getgems,fanton-fantasy-football,assets/icons/nft-izf479tg.webp
53,Party Sparklers,telegram-gift,EQCa1I09fE9UoTV6awM6QC9-fkv51hoii24w1tJoFfigG_ax,https://getgems.io/collection/EQCa1I09fE9UoTV6awM6QC9-fkv51hoii24w1tJoFfigG_ax,123600,4.5,3700,21100,2025-02-17,first transaction of the collection contract,,,https://fragment.com/gifts/partysparkler,https://fragment.com/gifts/partysparkler,Party Sparklers is an exclusive NFT collection by Telegram. Owners can showcase these unique NFTs in the Gifts section of their Telegram account and ‘wear’ them — displaying them next to their names and applying the gift’s unique style to personalize their profile page.,getgems,,assets/icons/nft-ffigg_ax.webp
54,Smeshariki: Season 1,collection,EQDy9MAb0FQN0WpDi8NVio2rEDcK2cSDNDeEJOEW9PIyImL6,https://getgems.io/collection/EQDy9MAb0FQN0WpDi8NVio2rEDcK2cSDNDeEJOEW9PIyImL6,122500,3,1300,5000,2024-04-23,first transaction of the collection contract,https://t.me/smeshtonnews https://t.me/smeshtonchatru https://t.me/rikiteam,,https://tonique.app,https://t.me/tonique_bot/signup https://instagram.com/smeshariki_official,"Welcome to the official home of the Smeshariki NFT on TON! Dive into the vibrant world of Smeshariki, where beloved characters from the famous animated series are transformed into unique digital collectibles. This collection celebrates the colorful personalities, timeless stories, and playful spirit of the iconic Smeshariki universe, now immortalized on the blockchain. Our NFTs offer exclusive utilities, including access to future collections, airdrops, in-game features, and voting rights within",getgems,smeshariki-on-ton,assets/icons/nft-9piyiml6.webp
55,Perfume Bottles,telegram-gift,EQDJsN9OJBhKGZoWZWtkEpzkCfIu16Z9UzTWbYjeLpuHdT5f,https://getgems.io/collection/EQDJsN9OJBhKGZoWZWtkEpzkCfIu16Z9UzTWbYjeLpuHdT5f,121500,73.9,563,2500,2025-01-23,first transaction of the collection contract,,,https://fragment.com/gifts/perfumebottle,https://fragment.com/gifts/perfumebottle,Perfume Bottles is an exclusive NFT collection by Telegram. Owners can showcase these unique NFTs in the Gifts section of their Telegram account and ‘wear’ them — displaying them next to their names and applying the gift’s unique style to personalize their profile page.,getgems,,assets/icons/nft-lpuhdt5f.webp
56,FRAM3S: ALPHABET,collection,EQASBnDSxMul-5pXlxuKMM8_Nj8wnk2jtJYxj_ROnsS2uMI7,https://getgems.io/collection/EQASBnDSxMul-5pXlxuKMM8_Nj8wnk2jtJYxj_ROnsS2uMI7,120600,25.9,248,888,2023-12-22,first transaction of the collection contract,https://t.me/pokraslampas,https://x.com/PokrasLampas,https://ton.diamonds/collection/fram3s-alphabet,https://instagram.com/pokraslampas https://tiktok.com/@pokraslampas,"888 unique NFTs merging handcrafted calligraphy with futuristic design, featuring four Calligrafuturistic Alphabets. This groundbreaking phygital art project on the TON blockchain makes each NFT a rare digital masterpiece. Holders stand a chance to win exclusive physical or digital prizes, adding an exciting dimension to this innovative collection.",getgems,,assets/icons/nft-nss2umi7.webp
57,Swag Bags,telegram-gift,EQCgaTxb2wA_3Bi8Ec4FFNu8CauoHo0VPpnwxdrhAgOrOXvA,https://getgems.io/collection/EQCgaTxb2wA_3Bi8Ec4FFNu8CauoHo0VPpnwxdrhAgOrOXvA,117800,5,4700,20400,2025-07-25,first transaction of the collection contract,,,https://fragment.com/gifts/swagbag,https://fragment.com/gifts/swagbag,Swag Bags is an exclusive NFT collection by Snoop Dogg. Owners can showcase these unique NFTs in the Gifts section of their Telegram account and ‘wear’ them — displaying them next to their names and applying the gift’s unique style to personalize their profile page.,getgems,,assets/icons/nft-agoroxva.webp
58,Ion Gems,telegram-gift,EQDL7HMbca0FufrjHFcRoiLkEiOXkXoO_vH2gVUN8JNp4khK,https://getgems.io/collection/EQDL7HMbca0FufrjHFcRoiLkEiOXkXoO_vH2gVUN8JNp4khK,117000,68,550,2900,2025-02-17,first transaction of the collection contract,,,https://fragment.com/gifts/iongem,https://fragment.com/gifts/iongem,Ion Gems is an exclusive NFT collection by Telegram. Owners can showcase these unique NFTs in the Gifts section of their Telegram account and ‘wear’ them — displaying them next to their names and applying the gift’s unique style to personalize their profile page.,getgems,,assets/icons/nft-8jnp4khk.webp
59,B-Day Candles,telegram-gift,EQCwEFfUbbR-22fn3VgxUpBil7bwBQqEHm7wgQYbWY9c08YJ,https://getgems.io/collection/EQCwEFfUbbR-22fn3VgxUpBil7bwBQqEHm7wgQYbWY9c08YJ,115000,4.8,4400,255200,2025-02-17,first transaction of the collection contract,,,https://fragment.com/gifts/bdaycandle,https://fragment.com/gifts/bdaycandle,B-Day Candles is an exclusive NFT collection by Telegram. Owners can showcase these unique NFTs in the Gifts section of their Telegram account and ‘wear’ them — displaying them next to their names and applying the gift’s unique style to personalize their profile page.,getgems,,assets/icons/nft-wy9c08yj.webp
60,Diamond Rings,telegram-gift,EQCWh1lPltyTwCWxCXm4umL5tPZoXR8kTIcT-pd0JqoadLHo,https://getgems.io/collection/EQCWh1lPltyTwCWxCXm4umL5tPZoXR8kTIcT-pd0JqoadLHo,113100,30,1700,8500,2025-03-05,first transaction of the collection contract,,,https://fragment.com/gifts/diamondring,https://fragment.com/gifts/diamondring,Diamond Rings is an exclusive NFT collection by Telegram. Owners can showcase these unique NFTs in the Gifts section of their Telegram account and ‘wear’ them — displaying them next to their names and applying the gift’s unique style to personalize their profile page.,getgems,,assets/icons/nft-jqoadlho.webp
61,Unstoppable Tribe from ZarGates,collection,EQBGNoXXfQR07HdDhtkmIu1ojTTwcjB0EhHYOMSH3P7sZGJR,https://getgems.io/collection/EQBGNoXXfQR07HdDhtkmIu1ojTTwcjB0EhHYOMSH3P7sZGJR,108700,1.6,1900,43700,2025-12-22,first transaction of the collection contract,https://t.me/ZarGatesChannel https://t.me/ZarGatesRU,https://x.com/ZARGATES,https://zargates.com,https://t.me/ZARGatesBot/twa?startapp=utm_source=getgems==utm_medium=info-collection-unstoppable-tribe,"Welcome to the Unstoppable Tribe! We invite you to join ZarGates and become a full-fledged member of our unique community of gamers and investors! Every member gains access to exclusive drops, thrilling events, and generous rewards. Together, we are truly unstoppable! How Does It Work? The model is simple: as our community grows, we attract more partners and increase the number of drops. As a result, the value of your Orcs increases, opening up new opportunities for further collaboration and ena",tonkeeper getgems,zargates,assets/icons/nft-3p7szgjr.webp
62,Mini Oscars,telegram-gift,EQCZxxFMS-y1hcGADL6EPB7usNstQqD9u-yBaYpXVVMr75NF,https://getgems.io/collection/EQCZxxFMS-y1hcGADL6EPB7usNstQqD9u-yBaYpXVVMr75NF,108500,68,575,2500,2025-02-17,first transaction of the collection contract,,,https://fragment.com/gifts/minioscar,https://fragment.com/gifts/minioscar,Mini Oscars is an exclusive NFT collection by Telegram. Owners can showcase these unique NFTs in the Gifts section of their Telegram account and ‘wear’ them — displaying them next to their names and applying the gift’s unique style to personalize their profile page.,getgems,,assets/icons/nft-vvmr75nf.webp
63,Input Keys,telegram-gift,EQBSIId7sMmlqN8oBGaMNtUeuaLeSQPUR1ByMwpnfWL3hhZq,https://getgems.io/collection/EQBSIId7sMmlqN8oBGaMNtUeuaLeSQPUR1ByMwpnfWL3hhZq,106800,6.4,4200,14400,2025-09-18,first transaction of the collection contract,,,https://fragment.com/gifts/inputkey,https://fragment.com/gifts/inputkey,Input Keys is an exclusive NFT collection by Telegram. Owners can showcase these unique NFTs in the Gifts section of their Telegram account and ‘wear’ them — displaying them next to their names and applying the gift’s unique style to personalize their profile page.,getgems,,assets/icons/nft-fwl3hhzq.webp
64,UFC Strikes,telegram-gift,EQDaj18cd61VLZHCHsM7sKbfxBudD3gaSfcN02olVnQ3BCIB,https://getgems.io/collection/EQDaj18cd61VLZHCHsM7sKbfxBudD3gaSfcN02olVnQ3BCIB,106200,14.3,2000,7100,2025-12-23,first transaction of the collection contract,,,https://fragment.com/gifts/ufcstrike,https://fragment.com/gifts/ufcstrike,UFC Strikes is an exclusive NFT collection by Telegram. Owners can showcase these unique NFTs in the Gifts section of their Telegram account and ‘wear’ them — displaying them next to their names and applying the gift’s unique style to personalize their profile page.,getgems,,assets/icons/nft-vnq3bcib.webp
65,Light Swords,telegram-gift,EQDRrfw5pgIC4e6NafUAx52Z9Ym6q1k26xxaXR_qx0LKJJ7D,https://getgems.io/collection/EQDRrfw5pgIC4e6NafUAx52Z9Ym6q1k26xxaXR_qx0LKJJ7D,103800,6.5,3600,16700,2025-06-06,first transaction of the collection contract,,,https://fragment.com/gifts/lightsword,https://fragment.com/gifts/lightsword,Light Swords is an exclusive NFT collection by Telegram. Owners can showcase these unique NFTs in the Gifts section of their Telegram account and ‘wear’ them — displaying them next to their names and applying the gift’s unique style to personalize their profile page.,getgems,,assets/icons/nft-x0lkjj7d.webp
66,Spring Baskets,telegram-gift,EQCZ4-h65iTiWDPRPcLlS63gbcS40YBadEFLA4W-iIWUZld0,https://getgems.io/collection/EQCZ4-h65iTiWDPRPcLlS63gbcS40YBadEFLA4W-iIWUZld0,103600,5.2,3500,12900,2025-10-28,first transaction of the collection contract,,,https://fragment.com/gifts/springbasket,https://fragment.com/gifts/springbasket,Spring Baskets is an exclusive NFT collection by Telegram. Owners can showcase these unique NFTs in the Gifts section of their Telegram account and ‘wear’ them — displaying them next to their names and applying the gift’s unique style to personalize their profile page.,getgems,,assets/icons/nft-iiwuzld0.webp
67,Lambo the Whale,collection,EQCePjKqAbLHA9HY1y4yxbPPQGfG1AmwKDvKv99HrIRKphai,https://getgems.io/collection/EQCePjKqAbLHA9HY1y4yxbPPQGfG1AmwKDvKv99HrIRKphai,101500,17.8,358,2400,2026-04-09,first transaction of the collection contract,https://t.me/lambospeak https://t.me/wen_Lambo_bot,https://x.com/LAMBOtokenTON,,https://t.me/+cV0cUlKvOwRhNmFi,"A new generation of NFT stickers with accumulating value, an original mascot, and the biggest crypto narrative behind it — ""wen lambo.""",getgems,token-lambo,assets/icons/nft-rirkphai.webp
68,Jolly Chimps,telegram-gift,EQCeTSJOPXP_SSvOjILY-kui4bGHUmsa-U7TXP4DjUANTl4s,https://getgems.io/collection/EQCeTSJOPXP_SSvOjILY-kui4bGHUmsa-U7TXP4DjUANTl4s,99200,7,3200,15300,2025-08-29,first transaction of the collection contract,,,https://fragment.com/gifts/jollychimp,https://fragment.com/gifts/jollychimp,Jolly Chimps is an exclusive NFT collection by Telegram. Owners can showcase these unique NFTs in the Gifts section of their Telegram account and ‘wear’ them — displaying them next to their names and applying the gift’s unique style to personalize their profile page.,getgems,,assets/icons/nft-juantl4s.webp
69,Witch Hats,telegram-gift,EQBD8aBKC4NsnYMqtkCfPQk2EVnieynJQp1UgZVyx1VmR5Ml,https://getgems.io/collection/EQBD8aBKC4NsnYMqtkCfPQk2EVnieynJQp1UgZVyx1VmR5Ml,98300,6,2500,31000,2025-02-17,first transaction of the collection contract,,,https://fragment.com/gifts/witchhat,https://fragment.com/gifts/witchhat,Witch Hats is an exclusive NFT collection by Telegram. Owners can showcase these unique NFTs in the Gifts section of their Telegram account and ‘wear’ them — displaying them next to their names and applying the gift’s unique style to personalize their profile page.,getgems,,assets/icons/nft-x1vmr5ml.webp
70,Instant Ramens,telegram-gift,EQBIj0uF-qIASqv6qIvcTif2wKSdt4WQc4mcoBywNp5GntuG,https://getgems.io/collection/EQBIj0uF-qIASqv6qIvcTif2wKSdt4WQc4mcoBywNp5GntuG,95800,3.7,7600,23700,2025-10-28,first transaction of the collection contract,,,https://fragment.com/gifts/instantramen,https://fragment.com/gifts/instantramen,Instant Ramens is an exclusive NFT collection by Telegram. Owners can showcase these unique NFTs in the Gifts section of their Telegram account and ‘wear’ them — displaying them next to their names and applying the gift’s unique style to personalize their profile page.,getgems,,assets/icons/nft-np5gntug.webp
71,TonBitcoin (tBTC) | Official Pre-Launch Edition,collection,EQAxJtx_PbO2kB63nejVSjCNfe1ROW0E1-vLIYxItTayW76t,https://getgems.io/collection/EQAxJtx_PbO2kB63nejVSjCNfe1ROW0E1-vLIYxItTayW76t,94900,2.8,341,988,2024-05-01,first transaction of the collection contract,https://t.me/ton4btc https://t.me/alex7top https://t.me/tBTCminer_bot,,,https://discord.gg/ZfuRF84H https://getgems.io/collection/EQAxJtx_PbO2kB63nejVSjCNfe1ROW0E1-vLIYxItTayW76t,"Project TonBitcoin (tBTC) Pre-Launch Edition With the help of this equipment you can mine the tBTC utility token Application: t.me/tBTCminer_bot This is a unique miner application in the Telegram ecosystem. There are 3 types of partners in the application: Energizer, Miner and Investor, each of which performs its own function. The miner buys electricity and mines the token tBTC on his mining equipment and then sells the token to Investors As a result, we get a revolutionary Win-Win-Win system Mo",,tonbitcoin-mine-2-earn,assets/icons/nft-ttayw76t.webp
72,Neko Helmets,telegram-gift,EQBayCY2wZwrVBExNfLL8v9K0mHNmrQTntZldgpYiRwB_QKK,https://getgems.io/collection/EQBayCY2wZwrVBExNfLL8v9K0mHNmrQTntZldgpYiRwB_QKK,94800,39,1100,4200,2025-03-26,first transaction of the collection contract,,,https://fragment.com/gifts/nekohelmet,https://fragment.com/gifts/nekohelmet,Neko Helmets is an exclusive NFT collection by Telegram. Owners can showcase these unique NFTs in the Gifts section of their Telegram account and ‘wear’ them — displaying them next to their names and applying the gift’s unique style to personalize their profile page.,getgems,,assets/icons/nft-irwb_qkk.webp
73,Bonded Rings,telegram-gift,EQCMBgeRNOjZo6A_GpF4G66VTA8V4vpSitIZzJP3Qz4ZO5YM,https://getgems.io/collection/EQCMBgeRNOjZo6A_GpF4G66VTA8V4vpSitIZzJP3Qz4ZO5YM,94700,41,867,3200,2025-05-23,first transaction of the collection contract,,,https://fragment.com/gifts/bondedring,https://fragment.com/gifts/bondedring,Bonded Rings is an exclusive NFT collection by Telegram. Owners can showcase these unique NFTs in the Gifts section of their Telegram account and ‘wear’ them — displaying them next to their names and applying the gift’s unique style to personalize their profile page.,getgems,,assets/icons/nft-qz4zo5ym.webp
74,TON Frogs,collection,EQDahyr_gPkHBPbhyrvjoHGVFGGj8vXXtL7w14AV3S2JvpTF,https://getgems.io/collection/EQDahyr_gPkHBPbhyrvjoHGVFGGj8vXXtL7w14AV3S2JvpTF,94000,8,387,1100,2022-08-16,first transaction of the collection contract,https://t.me/tonfrogs https://t.me/tonfrogs_en https://t.me/tonfrogs_bot,https://x.com/tonfrogs,https://tonfrogs.org,https://instagram.com/tonfrogs https://youtube.com/@tonfrogs,TON Frogs is a limited NFT collection on TON (The Open Network) that consists of 5 555 unique 3D-animated frogs 🐸,getgems,ton-frogs,assets/icons/nft-3s2jvptf.webp
75,Magic Potions,telegram-gift,EQAtFU9GrGfix4UG9DOivN58QxvgBJUaAZ_pdZBZCmbhKo4P,https://getgems.io/collection/EQAtFU9GrGfix4UG9DOivN58QxvgBJUaAZ_pdZBZCmbhKo4P,94000,57.7,464,3300,2025-01-23,first transaction of the collection contract,,,https://fragment.com/gifts/magicpotion,https://fragment.com/gifts/magicpotion,Magic Potions is an exclusive NFT collection by Telegram. Owners can showcase these unique NFTs in the Gifts section of their Telegram account and ‘wear’ them — displaying them next to their names and applying the gift’s unique style to personalize their profile page.,getgems,,assets/icons/nft-cmbhko4p.webp
76,Stellar Rockets,telegram-gift,EQDIruSTyxvq60gUH8j2kkj3qzoBrBaJy9WkKbeNNRasWe4j,https://getgems.io/collection/EQDIruSTyxvq60gUH8j2kkj3qzoBrBaJy9WkKbeNNRasWe4j,93800,5,3900,16500,2025-08-29,first transaction of the collection contract,,,https://fragment.com/gifts/stellarrocket,https://fragment.com/gifts/stellarrocket,Stellar Rockets is an exclusive NFT collection by Telegram. Owners can showcase these unique NFTs in the Gifts section of their Telegram account and ‘wear’ them — displaying them next to their names and applying the gift’s unique style to personalize their profile page.,getgems,,assets/icons/nft-nraswe4j.webp
77,Sakura Flowers,telegram-gift,EQCDBbQYbv3n91TwywBRD9YrJNuNVmbD3Sprpq6hWIDHVu4p,https://getgems.io/collection/EQCDBbQYbv3n91TwywBRD9YrJNuNVmbD3Sprpq6hWIDHVu4p,92600,10,2400,13900,2025-03-05,first transaction of the collection contract,,,https://fragment.com/gifts/sakuraflower,https://fragment.com/gifts/sakuraflower,Sakura Flowers is an exclusive NFT collection by Telegram. Owners can showcase these unique NFTs in the Gifts section of their Telegram account and ‘wear’ them — displaying them next to their names and applying the gift’s unique style to personalize their profile page.,getgems,,assets/icons/nft-widhvu4p.webp
78,Chill Flames,telegram-gift,EQBlBJ4n01pmYez5VPd8Wo598s8agbQCyVOjucXKxLDAi9r7,https://getgems.io/collection/EQBlBJ4n01pmYez5VPd8Wo598s8agbQCyVOjucXKxLDAi9r7,91000,3.8,8600,41400,2026-04-11,first transaction of the collection contract,,,https://fragment.com/gifts/chillflame,https://fragment.com/gifts/chillflame,Chill Flames is an exclusive NFT collection by Telegram. Owners can showcase these unique NFTs in the Gifts section of their Telegram account and ‘wear’ them — displaying them next to their names and applying the gift’s unique style to personalize their profile page.,getgems,,assets/icons/nft-xldai9r7.webp
79,Raff Club NFT Pass,collection,EQAv34EhRpc6hSzYpysGYVWbnmKhOtl3C8m2aeXsO-wiXhD3,https://getgems.io/collection/EQAv34EhRpc6hSzYpysGYVWbnmKhOtl3C8m2aeXsO-wiXhD3,90200,25,263,1500,2022-09-27,first transaction of the collection contract,https://t.me/tonraffles https://t.me/tonraffles_com,,https://tonraffles.app,,"Join Raff Club and be the first to know about the news of the tonraffles.app ecosystem! Also, each NFT Pass participates in a monthly holders airdrop (25% of the entire ecosystem's revenue).",getgems,ton-raffles-bot,assets/icons/nft-o_wixhd3.webp
80,Cupid Charms,telegram-gift,EQA0JBiVCjdgqkiHiYmIgTUBbZI6mNbnSymqf0HFC7FhxpuT,https://getgems.io/collection/EQA0JBiVCjdgqkiHiYmIgTUBbZI6mNbnSymqf0HFC7FhxpuT,89700,19.9,1400,6100,2025-07-24,first transaction of the collection contract,,,https://fragment.com/gifts/cupidcharm,https://fragment.com/gifts/cupidcharm,Cupid Charms is an exclusive NFT collection by Telegram. Owners can showcase these unique NFTs in the Gifts section of their Telegram account and ‘wear’ them — displaying them next to their names and applying the gift’s unique style to personalize their profile page.,getgems,,assets/icons/nft-c7fhxput.webp
81,xRocket Cosmonauts NFT,collection,EQCU3idfp--Bs5x2QId5v0ac5JOwFiKu5g1O7UIEqd9SrWUA,https://getgems.io/collection/EQCU3idfp--Bs5x2QId5v0ac5JOwFiKu5g1O7UIEqd9SrWUA,89500,199,218,539,2022-09-19,first transaction of the collection contract,https://t.me/xrocket,,,,xRocket Cosmonauts NFT is limited collection of 1001 NFTs. Each NFT gives discounts and bonuses in @xrocket bot,getgems,xrocket,assets/icons/nft-qd9srwua.webp
82,DFC Arrakken NFT,collection,EQB00U5CuNa7NrbYMooSqI_u9HH95ZhLZT_91kCaU5PAxL4d,https://getgems.io/collection/EQB00U5CuNa7NrbYMooSqI_u9HH95ZhLZT_91kCaU5PAxL4d,86700,0.9,179,2000,2024-02-02,first transaction of the collection contract,https://t.me/ArrakkenPlanetOfficial https://t.me/ArrakkenPlanet_bot https://t.me/arrakkenchat,,,,Arrakken Planet Game NFT Collection https://t.me/ArrakkenPlanet_bot,getgems,arrakken-planet,assets/icons/nft-u5paxl4d.webp
83,Snoop Dogg x BAYC Avatars,collection,EQC4PFOPRY4JhK8HfUpVOFMJ8FTUrCjR5hvm9m_KzhRm6NHO,https://getgems.io/collection/EQC4PFOPRY4JhK8HfUpVOFMJ8FTUrCjR5hvm9m_KzhRm6NHO,84600,7.8,717,6300,2025-11-06,first transaction of the collection contract,https://t.me/mint https://t.me/mintontg https://t.me/SnoopDogg,https://x.com/mintontg,,https://instagram.com/mintintg,"From the swamp to the West Coast, BAYC linked with Snoop Dogg for a drop straight out of the LBC. When the heat hit the swamp, the apes dipped to Long Beach - linking with Snoop Dogg for a no-rules hang. Lowriders, palm trees, beach parties, and backyard smoke sessions. Just Curtis, Snoop, Baby Broadus and Dr Bombay posted up in the LBC, doing what they do best.",getgems,,assets/icons/nft-zhrm6nho.webp
84,Vice Creams,telegram-gift,EQDc08YxzZWtlKAohSybNc3kXAkAPPtHch-jY_E6KMQ3b1mn,https://getgems.io/collection/EQDc08YxzZWtlKAohSybNc3kXAkAPPtHch-jY_E6KMQ3b1mn,84100,3.5,8500,42600,2026-04-16,first transaction of the collection contract,,,https://fragment.com/gifts/vicecream,https://fragment.com/gifts/vicecream,Vice Creams is an exclusive NFT collection by Telegram. Owners can showcase these unique NFTs in the Gifts section of their Telegram account and ‘wear’ them — displaying them next to their names and applying the gift’s unique style to personalize their profile page.,getgems,,assets/icons/nft-kmq3b1mn.webp
85,Teddie: Goodies Intern,collection,EQAC78pGQ9IDzmhL28uFoae-xGSJmJukTIcatQPAlxHFtWW5,https://getgems.io/collection/EQAC78pGQ9IDzmhL28uFoae-xGSJmJukTIcatQPAlxHFtWW5,83900,39,234,415,2025-10-23,first transaction of the collection contract,https://t.me/goodies,https://x.com/goodies_tg,,,"Teddie Goodies Intern; Goated and candy-coated. The intern that makes the ladies heads turn. Don't fade Teddie, this is alpha.",getgems,goodies,assets/icons/nft-lxhftww5.webp
86,GoMining Digital Miners: Release 2,collection,EQCN7SkHxlSkRwXopX5iReUDuhCDaGyBevt6Bp3D2jZQU0gb,https://getgems.io/collection/EQCN7SkHxlSkRwXopX5iReUDuhCDaGyBevt6Bp3D2jZQU0gb,82900,8.9,1400,4400,2025-12-26,first transaction of the collection contract,https://t.me/gmt_token,,https://gomining.com https://help.nft.gomining.com/instructions/how-to-activate-a-miner-from-getgems,https://linkedin.com/company/gmtio/posts/?feedView=all https://discord.com/invite/yMNcyYSYmR,"This collection features three tiers of Digital Miner NFTs, each representing a different hashrate level. Activated via the GoMining app, these NFTs offer a simple and transparent way to participate in Bitcoin mining. The higher the hashrate, the greater the daily BTC rewards. Activation Instructions available via link in Collection info.",getgems,token-gomining,assets/icons/nft-2jzqu0gb.webp
87,Clover Pins,telegram-gift,EQAXHW9KVYYgDmLaUNcgzNPZ4WKGek97-ldsd0fPUHg4K7SU,https://getgems.io/collection/EQAXHW9KVYYgDmLaUNcgzNPZ4WKGek97-ldsd0fPUHg4K7SU,79600,4.7,5400,18500,2025-09-23,first transaction of the collection contract,,,https://fragment.com/gifts/cloverpin,https://fragment.com/gifts/cloverpin,Clover Pins is an exclusive NFT collection by Telegram. Owners can showcase these unique NFTs in the Gifts section of their Telegram account and ‘wear’ them — displaying them next to their names and applying the gift’s unique style to personalize their profile page.,getgems,,assets/icons/nft-uhg4k7su.webp
88,TON FISH BOX,collection,EQAGVA6W54JOlp2Y2-_O6mgjJoMSrKYPxej8qlYqPSjFwmKn,https://getgems.io/collection/EQAGVA6W54JOlp2Y2-_O6mgjJoMSrKYPxej8qlYqPSjFwmKn,78800,0.8,3500,9900,2023-12-15,first transaction of the collection contract,https://t.me/tonfish_en,https://x.com/tonfish_tg,,,"TON FISH BOX is the first NFT collection in the TON FISH ecosystem, consisting of 9,999 pieces. WLs were provided to early contributors to the TON FISH ecosystem and are the first NFTs to experience the upgrade system.",getgems,fish,assets/icons/nft-psjfwmkn.webp
89,Spy Agarics,telegram-gift,EQD6mH9bwbn6S3M_tCRWOvqAIW8M34kRwbI01niGLRPeDPsl,https://getgems.io/collection/EQD6mH9bwbn6S3M_tCRWOvqAIW8M34kRwbI01niGLRPeDPsl,78500,5.4,2900,28900,2025-01-23,first transaction of the collection contract,,,https://fragment.com/gifts/spyagaric,https://fragment.com/gifts/spyagaric,Spy Agarics is an exclusive NFT collection by Telegram. Owners can showcase these unique NFTs in the Gifts section of their Telegram account and ‘wear’ them — displaying them next to their names and applying the gift’s unique style to personalize their profile page.,getgems,,assets/icons/nft-lrpedpsl.webp
90,NOT Wise Eggs,collection,EQBFELwdddZzNFXhiZxE1i_4700KG7XmiDTLYzO7UJI-YuRk,https://getgems.io/collection/EQBFELwdddZzNFXhiZxE1i_4700KG7XmiDTLYzO7UJI-YuRk,77900,3,2000,10000,2024-04-03,first transaction of the collection contract,https://t.me/notwise,https://x.com/NotWiseOrg,https://notwise.org,https://getgems.io/notwise,No one knows their purpose. All we know they are precious.,getgems,not-wise,assets/icons/nft-uji_yurk.webp
91,Genie Lamps,telegram-gift,EQCt2C3yCRNX267B3l6h1QsU6agm4ZgTAb7NpVGiFKlBXOAA,https://getgems.io/collection/EQCt2C3yCRNX267B3l6h1QsU6agm4ZgTAb7NpVGiFKlBXOAA,77000,38.9,693,2900,2025-02-17,first transaction of the collection contract,,,https://fragment.com/gifts/genielamp,https://fragment.com/gifts/genielamp,Genie Lamps is an exclusive NFT collection by Telegram. Owners can showcase these unique NFTs in the Gifts section of their Telegram account and ‘wear’ them — displaying them next to their names and applying the gift’s unique style to personalize their profile page.,getgems,,assets/icons/nft-fklbxoaa.webp
92,OCTOPUS BOYZ,collection,EQDia1dY5G5_J4LDaqW9xPyLw2T3s25y6U1W1nSkQ3BRzM7x,https://getgems.io/collection/EQDia1dY5G5_J4LDaqW9xPyLw2T3s25y6U1W1nSkQ3BRzM7x,76900,9,227,777,2023-07-10,first transaction of the collection contract,https://t.me/TheBrickspacer,,https://ton.diamonds/collection/octopusboyz https://ton.diamonds/p/octopusboyz,https://instagram.com/brickspacer,"A collection of 777 unique animated NFTs opens up a fascinating world crafted by the renowned artist and animation director Brickspacer using Unreal Engine 5. By owning one of the limited artworks from this collection, you become part of a tight-knit community of like-minded individuals united by their passion for art, creativity, and the drive to improve contemporary art.",getgems,,assets/icons/nft-q3brzm7x.webp
93,Degenphone,collection,EQD9PN7ewQMj022Am0MIgtYGmaUR4wsnz7WhwyMNwz4gQmy0,https://getgems.io/collection/EQD9PN7ewQMj022Am0MIgtYGmaUR4wsnz7WhwyMNwz4gQmy0,76700,60,877,3300,2025-08-19,first transaction of the collection contract,https://t.me/degenphone,https://x.com/degenphone,https://degenphone.xyz https://degenphone.xyz/verify,https://discord.gg/degenphone,"⚡️ Fast, Private, NFT-Powered Phone Numbers ⚡️ Check the second-hand number: https://degenphone.xyz/verify",getgems,degenphone,assets/icons/nft-wz4gqmy0.webp
94,Povel Durev #2,collection,EQCGYlzlIXsUs9lm3LdMcqHicSyl_5QDEn6QR3xdRcjW698K,https://getgems.io/collection/EQCGYlzlIXsUs9lm3LdMcqHicSyl_5QDEn6QR3xdRcjW698K,76300,7.6,2600,3500,2024-06-27,first transaction of the collection contract,https://t.me/poveldurev,https://x.com/poveldurev,https://poveldurev.net https://durevpn.com,,"2nd NFT collection bout teh gratest enterpener in teh wurld. He's Telegrum CEO. He’s pres of TON. His jeb is to mek bellions of TONs. Our jeb is to mek bellions tons of memes bout him. He was foighting wif vvhole KGB, FBS, SEC n ol wurld aloun. Now we foight for him! Our NFTs created for stronk and gud people. Joint cummunity! Every NFT-holder can use Durev VPN for free! durevpn.com",getgems,durev-bot,assets/icons/nft-rcjw698k.webp
95,DELETED GHOST CLUB BOX,collection,EQBTFIyhrsZQpAn5IIrQAg6rMdzNU3Rn0CCn3V7_oWnfRBOA,https://getgems.io/collection/EQBTFIyhrsZQpAn5IIrQAg6rMdzNU3Rn0CCn3V7_oWnfRBOA,76200,17,241,999,2024-01-29,first transaction of the collection contract,https://t.me/tonfish_en,https://x.com/tonfish_tg,,,"Deleted Ghost Club BOX is the third collection of 999 NFTs in the TON FISH ecosystem. Upgrading your Deleted Ghost Club BOX will grant you the Deleted Ghost Club PFP, the iconic premium membership PFP NFT collection of the TON FISH ecosystem.",getgems,fish,assets/icons/nft-ownfrboa.webp
96,Ginger Cookies,telegram-gift,EQBCe75G0AhjqC64B7H_BHP0wgfONX_x98rszmsEwndDVAjG,https://getgems.io/collection/EQBCe75G0AhjqC64B7H_BHP0wgfONX_x98rszmsEwndDVAjG,75700,4.4,3700,17600,2025-02-17,first transaction of the collection contract,,,https://fragment.com/gifts/gingercookie,https://fragment.com/gifts/gingercookie,Ginger Cookies is an exclusive NFT collection by Telegram. Owners can showcase these unique NFTs in the Gifts section of their Telegram account and ‘wear’ them — displaying them next to their names and applying the gift’s unique style to personalize their profile page.,getgems,,assets/icons/nft-wnddvajg.webp
97,Homemade Cakes,telegram-gift,EQCefrjhCD2_7HRIr2lmwt9ZaqeG_tdseBvADC66833kBS3y,https://getgems.io/collection/EQCefrjhCD2_7HRIr2lmwt9ZaqeG_tdseBvADC66833kBS3y,75600,5,2900,33100,2025-01-23,first transaction of the collection contract,,,https://fragment.com/gifts/homemadecake,https://fragment.com/gifts/homemadecake,Homemade Cakes is an exclusive NFT collection by Telegram. Owners can showcase these unique NFTs in the Gifts section of their Telegram account and ‘wear’ them — displaying them next to their names and applying the gift’s unique style to personalize their profile page.,getgems,,assets/icons/nft-833kbs3y.webp
98,TONNEL RELAYER,collection,EQDMDlXcR9TcIZzYNJt6Zvig6KdkecPMd0b3m-mVgYcLi08o,https://getgems.io/collection/EQDMDlXcR9TcIZzYNJt6Zvig6KdkecPMd0b3m-mVgYcLi08o,75600,34,233,666,2023-07-08,first transaction of the collection contract,https://t.me/tonnel_en https://t.me/tonnel_ru https://t.me/Tonnel_Network_bot,https://x.com/tonnel_network,https://tonnel.network,,Tonnel is the first Zero-Knowledge powered project built on the TON blockchain that aims to provide privacy features similar to those offered by 🌪 on the Ethereum blockchain.,,token-tonnel-network,assets/icons/nft-gycli08o.webp
99,$CATGM Pre-Market,collection,EQCL-4INhPE3vRcaGh3qgfFqW0zk8poDbPmrf79bHMn7OhlL,https://getgems.io/collection/EQCL-4INhPE3vRcaGh3qgfFqW0zk8poDbPmrf79bHMn7OhlL,74900,0.7,2700,100100,2024-06-08,first transaction of the collection contract,https://t.me/catgoldminerbot https://t.me/catgoldminerann https://t.me/catgoldminerchat,https://x.com/catgoldminer,https://catgoldminer.ai,https://discord.gg/RdfSasXVJN https://vk.com/catgoldminer,"$CATGM Pre-Market Vouchers, which correspond to in-game $wCATGM currency, can be exchanged for $CATGM after the token generation event.",getgems,cat-gold-miner,assets/icons/nft-hmn7ohll.webp
100,Record Players,telegram-gift,EQDr4xn5_GoCzDxhGJMek7fv3nm6W7bhRvlDSBjcNZul52tZ,https://getgems.io/collection/EQDr4xn5_GoCzDxhGJMek7fv3nm6W7bhRvlDSBjcNZul52tZ,74400,11.2,1400,5400,2025-03-05,first transaction of the collection contract,,,https://fragment.com/gifts/recordplayer,https://fragment.com/gifts/recordplayer,Record Players is an exclusive NFT collection by Telegram. Owners can showcase these unique NFTs in the Gifts section of their Telegram account and ‘wear’ them — displaying them next to their names and applying the gift’s unique style to personalize their profile page.,getgems,,assets/icons/nft-nzul52tz.webp
101,Sharp Tongues,telegram-gift,EQBw2tO5UaJ4c_YXt3I8y5KD0k37staZxedV2O5HmryiK0dN,https://getgems.io/collection/EQBw2tO5UaJ4c_YXt3I8y5KD0k37staZxedV2O5HmryiK0dN,74300,45.1,1000,3800,2025-01-23,first transaction of the collection contract,,,https://fragment.com/gifts/sharptongue,https://fragment.com/gifts/sharptongue,Sharp Tongues is an exclusive NFT collection by Telegram. Owners can showcase these unique NFTs in the Gifts section of their Telegram account and ‘wear’ them — displaying them next to their names and applying the gift’s unique style to personalize their profile page.,getgems,,assets/icons/nft-mryik0dn.webp
102,Winter Wreaths,telegram-gift,EQC8WVW9DSN4PPfFlCW2AHJkXxBUHBFsvnhXiYqSTpD7tXsp,https://getgems.io/collection/EQC8WVW9DSN4PPfFlCW2AHJkXxBUHBFsvnhXiYqSTpD7tXsp,74200,4,2100,9500,2025-03-26,first transaction of the collection contract,,,https://fragment.com/gifts/winterwreath,https://fragment.com/gifts/winterwreath,Winter Wreaths is an exclusive NFT collection by Telegram. Owners can showcase these unique NFTs in the Gifts section of their Telegram account and ‘wear’ them — displaying them next to their names and applying the gift’s unique style to personalize their profile page.,getgems,,assets/icons/nft-tpd7txsp.webp
103,Povel Durev,collection,EQAzlVUwnQKBSJeyyP-733Xp44tnZDg_b_dzMqZEO-z58yeC,https://getgems.io/collection/EQAzlVUwnQKBSJeyyP-733Xp44tnZDg_b_dzMqZEO-z58yeC,73900,11.5,1100,1500,2024-04-21,first transaction of the collection contract,https://t.me/poveldurev,https://x.com/poveldurev,https://poveldurev.net https://durevpn.com,,"Povel Durev 1st NFT collection bout teh gratest enterpener in teh wurld. He's Telegrum CEO. He’s pres of TON. His jeb is to mek bellions of TONs. Our jeb is to mek bellions tons of memes bout him. Every NFT-holder can use Durev VPN for free! durevpn.com He was foighting wif vvhole KGB, FBS, SEC n ol wurld aloun. Now we foight for him! Our NFTs created for stronk and gud people. Joint cummunity.",getgems,durev-bot,assets/icons/nft-o_z58yec.webp
104,Welcome to @Whale 🐳,collection,EQDd6ouTMsRayd3-3S9lqF3No3PWuRs2bbgSSju0ujgjvxHt,https://getgems.io/collection/EQDd6ouTMsRayd3-3S9lqF3No3PWuRs2bbgSSju0ujgjvxHt,73200,0.9,38,20000,2023-10-23,first transaction of the collection contract,https://t.me/whale https://t.me/whalesocials,,https://whale.io,,Each digital artwork represents a memorable token earned after successfully completing a Whale Journey quest about the #01 Online Crypto Community. Join the NFT wave on Telegram's @whalesocials. Share your @Whale treasures! All royalties used for the buy backs - LFG!,getgems,welcome-to-whale,assets/icons/nft-ujgjvxht.webp
105,Ducky Gods - DUCK × MY × DUCK,collection,EQB6SewXbKZujsOt3W8O-vqtbvGXxs3N2M5kqQC70pjYzUdf,https://getgems.io/collection/EQB6SewXbKZujsOt3W8O-vqtbvGXxs3N2M5kqQC70pjYzUdf,73000,27.5,36,1500,2026-05-27,first transaction of the collection contract,,,,,Collectible NFTs of Ducky Gods from the DUCK × MY × DUCK game,getgems,,assets/icons/nft-0pjyzudf.webp
106,Teddie Nakamoto,collection,EQDzNbnM5DpdXMERlvzFT2yhAPtmnoyqSFPpWlrkJwV-g7xP,https://getgems.io/collection/EQDzNbnM5DpdXMERlvzFT2yhAPtmnoyqSFPpWlrkJwV-g7xP,72600,119,147,279,2025-10-23,first transaction of the collection contract,https://t.me/goodies,https://x.com/goodies_tg,,,"Teddie Nakamoto: The candy prophet of the chain. Founder of Sweetonomics, master of sugar-backed assets, and architect of the meme economy. Every drop he makes moves markets. Don't just hold, taste the alpha.",getgems,goodies,assets/icons/nft-jwv_g7xp.webp
107,xRocket IEO Whitelists,collection,EQDRFsd5HvVJVYg-Hy7aFZmf12wMJ-C4rAa2vfQlvyigxjZM,https://getgems.io/collection/EQDRFsd5HvVJVYg-Hy7aFZmf12wMJ-C4rAa2vfQlvyigxjZM,71200,5,346,582,2024-04-01,first transaction of the collection contract,https://t.me/xrocket https://t.me/xrocketnews,,,,@xRocket token is coming! The only way to secure participation in initial sale is this limited collection of whitelists. All the details will be there - t.me/xrocketnews,getgems,xrocket,assets/icons/nft-vyigxjzm.webp
108,DOGS Origins,collection,EQDxPh1Wwo-2rTVPKRmkDAgqc9mm24W2tOEmroy7yqqLn4Su,https://getgems.io/collection/EQDxPh1Wwo-2rTVPKRmkDAgqc9mm24W2tOEmroy7yqqLn4Su,70100,130,370,1000,2026-02-17,first transaction of the collection contract,https://t.me/dogs,https://x.com/realDogsHouse,https://dogs.dev https://dogs.market,https://instagram.com/real_dogshouse,"DOGS Origins is the first and most exclusive NFT collection from the DOGS ecosystem, limited to just 1,000 unique pieces 🐕",getgems,dogs-wpl0el,assets/icons/nft-yqqln4su.webp
109,Top Hats,telegram-gift,EQADvJxMxCHA7fRlYjoceBORf7RwKs0rzjVaKepQACMnZzG7,https://getgems.io/collection/EQADvJxMxCHA7fRlYjoceBORf7RwKs0rzjVaKepQACMnZzG7,69700,9.5,2000,8500,2025-03-05,first transaction of the collection contract,,,https://fragment.com/gifts/tophat,https://fragment.com/gifts/tophat,Top Hats is an exclusive NFT collection by Telegram. Owners can showcase these unique NFTs in the Gifts section of their Telegram account and ‘wear’ them — displaying them next to their names and applying the gift’s unique style to personalize their profile page.,getgems,,assets/icons/nft-acmnzzg7.webp
110,Eternal Roses,telegram-gift,EQDumy3bnZYzV4bSWMSSZkmXqx50XuH5d9RlX_yEi2FNlivk,https://getgems.io/collection/EQDumy3bnZYzV4bSWMSSZkmXqx50XuH5d9RlX_yEi2FNlivk,65600,23.5,1600,5600,2025-01-23,first transaction of the collection contract,,,https://fragment.com/gifts/eternalrose,https://fragment.com/gifts/eternalrose,Eternal Roses is an exclusive NFT collection by Telegram. Owners can showcase these unique NFTs in the Gifts section of their Telegram account and ‘wear’ them — displaying them next to their names and applying the gift’s unique style to personalize their profile page.,getgems,,assets/icons/nft-i2fnlivk.webp
111,Lunar Snakes,telegram-gift,EQC2lsUy1SKxJEJBwj5ZCfVnLPvAqDqy5c26Xg8xS_pDTXGk,https://getgems.io/collection/EQC2lsUy1SKxJEJBwj5ZCfVnLPvAqDqy5c26Xg8xS_pDTXGk,64400,3.8,4100,18400,2025-02-17,first transaction of the collection contract,,,https://fragment.com/gifts/lunarsnake,https://fragment.com/gifts/lunarsnake,Lunar Snakes is an exclusive NFT collection by Telegram. Owners can showcase these unique NFTs in the Gifts section of their Telegram account and ‘wear’ them — displaying them next to their names and applying the gift’s unique style to personalize their profile page.,getgems,,assets/icons/nft-s_pdtxgk.webp
112,MONAKI: The Scammers,collection,EQDfrxhVGB2j-2LKm_ADxLs_PA6OzFxTFhuPyC0Il2OUvbsU,https://getgems.io/collection/EQDfrxhVGB2j-2LKm_ADxLs_PA6OzFxTFhuPyC0Il2OUvbsU,64100,1.8,245,4400,2023-10-03,first transaction of the collection contract,,https://x.com/Monaki_nft,,,A collection of damn charismatic scammers and desperate bastards in the Web3 space.,,,assets/icons/nft-l2ouvbsu.webp
113,My Wallet Cards,collection,EQCQE2L9hfwx1V8sgmF9keraHx1rNK9VmgR1ctVvINBGykyM,https://getgems.io/collection/EQCQE2L9hfwx1V8sgmF9keraHx1rNK9VmgR1ctVvINBGykyM,63300,125,473,913,2022-11-24,first transaction of the collection contract,https://t.me/MyWalletEng,https://x.com/mywallet_io,https://mytonwallet.io,,An exquisite card collection to personalize My Wallet interface.,getgems,mytonwallet,assets/icons/nft-inbgykym.webp
114,Khabib’s Papakhas,telegram-gift,EQDsiZuliQn_FTUeyCVaVhojljY7LmimdUtJK1SntGTzff5z,https://getgems.io/collection/EQDsiZuliQn_FTUeyCVaVhojljY7LmimdUtJK1SntGTzff5z,63300,24,1300,3900,2025-12-10,first transaction of the collection contract,,,https://fragment.com/gifts/khabibspapakha,https://fragment.com/gifts/khabibspapakha,Khabib’s Papakhas is an exclusive NFT collection by Khabib Nurmagomedov. Owners can showcase these unique NFTs in the Gifts section of their Telegram account and ‘wear’ them — displaying them next to their names and applying the gift’s unique style to personalize their profile page.,getgems,,assets/icons/nft-tgtzff5z.webp
115,Trapped Hearts,telegram-gift,EQCyAMkb6bNyNlKPH0tJbubk1VVjASqyq9sZwkJ8AbxMkxxU,https://getgems.io/collection/EQCyAMkb6bNyNlKPH0tJbubk1VVjASqyq9sZwkJ8AbxMkxxU,62900,14.7,1700,9700,2025-01-23,first transaction of the collection contract,,,https://fragment.com/gifts/trappedheart,https://fragment.com/gifts/trappedheart,Trapped Hearts is an exclusive NFT collection by Telegram. Owners can showcase these unique NFTs in the Gifts section of their Telegram account and ‘wear’ them — displaying them next to their names and applying the gift’s unique style to personalize their profile page.,getgems,,assets/icons/nft-abxmkxxu.webp
116,NUTCRACKERS,collection,EQB3Pd1e7fs89vw6wwlDzS-CrdvDY8phfdn7yKgvL6UQn6ij,https://getgems.io/collection/EQB3Pd1e7fs89vw6wwlDzS-CrdvDY8phfdn7yKgvL6UQn6ij,61800,9.4,863,1800,2024-02-26,first transaction of the collection contract,https://t.me/nutcrackers_cis,https://x.com/NutcrackersNFT,https://nutcrackers.crypton.xyz https://crypton.xyz,,"NUTCRACKERS is an exclusive NFT club collection by Crypton, consisting of 2,579 characters endowed with 21 utility properties and featuring a deflationary gaming financial model. Moreover, they serve as a smart investment and a membership ticket that unlock any doors of the Crypton company, including the closed ones... Welcome to the family!",getgems,nutcrackers-club,assets/icons/nft-l6uqn6ij.webp
117,Meridian,collection,EQAVGhk_3rUA3ypZAZ1SkVGZIaDt7UdvwA4jsSGRKRo-MRDN,https://getgems.io/collection/EQAVGhk_3rUA3ypZAZ1SkVGZIaDt7UdvwA4jsSGRKRo-MRDN,59500,17,271,993,2022-11-06,first transaction of the collection contract,,,,,Meridian is the first fully on-chain collection on TON block-chain of random characters.,getgems,,assets/icons/nft-kro_mrdn.webp
118,Storm Trade Vouchers,collection,EQBcjALtmHwSBCSpDOZ1_emrSQVtJU6J0POZR-ThkZjfXkZs,https://getgems.io/collection/EQBcjALtmHwSBCSpDOZ1_emrSQVtJU6J0POZR-ThkZjfXkZs,58500,5,270,14700,2024-08-19,first transaction of the collection contract,https://t.me/storm_trade_fam,https://x.com/storm_trade_ton,https://storm.tg,,"Storm Trade Vouchers can be exchanged for $STORM tokens, which will be released gradually over a 6-month vesting period after the token generation event (TGE).",,storm-trade,assets/icons/nft-kzjfxkzs.webp
119,Pet Snakes,telegram-gift,EQBBLRFtC_3PLxNpWX5nfchwapk7eWcG3dzKoxbV6cWzqROo,https://getgems.io/collection/EQBBLRFtC_3PLxNpWX5nfchwapk7eWcG3dzKoxbV6cWzqROo,58100,4,3000,11200,2025-05-23,first transaction of the collection contract,,,https://fragment.com/gifts/petsnake,https://fragment.com/gifts/petsnake,Pet Snakes is an exclusive NFT collection by Telegram. Owners can showcase these unique NFTs in the Gifts section of their Telegram account and ‘wear’ them — displaying them next to their names and applying the gift’s unique style to personalize their profile page.,getgems,,assets/icons/nft-6cwzqroo.webp
120,Lobsters,collection,EQC9fhHpKKutCbfg9r9W3KW_L_pMMjZAW8He1Bqpq-phwXZK,https://getgems.io/collection/EQC9fhHpKKutCbfg9r9W3KW_L_pMMjZAW8He1Bqpq-phwXZK,57900,21,441,1200,2026-04-22,first transaction of the collection contract,https://t.me/lobsters,,https://lobster.family https://lobsters.world,,"1254 AI creatures on TON with immutable souls on IPFS, living biographies on-chain, and persistent memory that works across Telegram, Claude, and any LLM. Chat with yours at lobster.family.",getgems,,assets/icons/nft-q_phwxzk.webp
121,Lush Bouquets,telegram-gift,EQA2lHcvZWW_bN_2NMKrkEUv9xz6fx8wTE5upa8u1neZb6hJ,https://getgems.io/collection/EQA2lHcvZWW_bN_2NMKrkEUv9xz6fx8wTE5upa8u1neZb6hJ,57900,6.2,1700,7100,2025-06-27,first transaction of the collection contract,,,https://fragment.com/gifts/lushbouquet,https://fragment.com/gifts/lushbouquet,Lush Bouquets is an exclusive NFT collection by Telegram. Owners can showcase these unique NFTs in the Gifts section of their Telegram account and ‘wear’ them — displaying them next to their names and applying the gift’s unique style to personalize their profile page.,getgems,,assets/icons/nft-1nezb6hj.webp
122,Jelly Bunnies,telegram-gift,EQAwzubeoJwnqmmBuTPpnUSurRzWPB8ERzcfzx55Z2YjE0jx,https://getgems.io/collection/EQAwzubeoJwnqmmBuTPpnUSurRzWPB8ERzcfzx55Z2YjE0jx,57400,7.4,3000,13800,2025-01-23,first transaction of the collection contract,,,https://fragment.com/gifts/jellybunny,https://fragment.com/gifts/jellybunny,Jelly Bunnies is an exclusive NFT collection by Telegram. Owners can showcase these unique NFTs in the Gifts section of their Telegram account and ‘wear’ them — displaying them next to their names and applying the gift’s unique style to personalize their profile page.,getgems,,assets/icons/nft-z2yje0jx.webp
123,Evil Eyes,telegram-gift,EQDQ6DjRabTYSAxf2xrZsnsXtqcIm1bj9dF5x_h8lNjWPmH4,https://getgems.io/collection/EQDQ6DjRabTYSAxf2xrZsnsXtqcIm1bj9dF5x_h8lNjWPmH4,57000,7,2800,18300,2025-01-23,first transaction of the collection contract,,,https://fragment.com/gifts/evileye,https://fragment.com/gifts/evileye,Evil Eyes is an exclusive NFT collection by Telegram. Owners can showcase these unique NFTs in the Gifts section of their Telegram account and ‘wear’ them — displaying them next to their names and applying the gift’s unique style to personalize their profile page.,getgems,,assets/icons/nft-lnjwpmh4.webp
124,Electric Skulls,telegram-gift,EQAOYYJib8K6-91TjeOYRbWEtbtRJHXKoWltnULwdaqd7mR5,https://getgems.io/collection/EQAOYYJib8K6-91TjeOYRbWEtbtRJHXKoWltnULwdaqd7mR5,56800,26.9,655,4300,2025-03-26,first transaction of the collection contract,,,https://fragment.com/gifts/electricskull,https://fragment.com/gifts/electricskull,Electric Skulls is an exclusive NFT collection by Telegram. Owners can showcase these unique NFTs in the Gifts section of their Telegram account and ‘wear’ them — displaying them next to their names and applying the gift’s unique style to personalize their profile page.,getgems,,assets/icons/nft-daqd7mr5.webp
125,PEPESIM Numbers,collection,EQAg556MaTsIRDH-NUHOyzQ5WsKBdD9OFXBp8cMsuUxlX5dV,https://getgems.io/collection/EQAg556MaTsIRDH-NUHOyzQ5WsKBdD9OFXBp8cMsuUxlX5dV,56600,1.3,1100,3400,2025-10-18,first transaction of the collection contract,,,https://pepragment.online https://pepragment.xyz,https://getgems.io/collection/EQAg556MaTsIRDH-NUHOyzQ5WsKBdD9OFXBp8cMsuUxlX5dV,"The Pepe-Sim Numbers collection is a unique NFT series that blends themes of digital identity and symbolism. Each piece is encoded with a distinctive number and enriched with retro, futuristic style, holographic transitions, and symbolic details.",getgems,,assets/icons/nft-uuxlx5dv.webp
126,DRFT Party Season 1,collection,EQBrgmknEuON060A7Ixdoxl_EzuLqxwjKEuBh6NmbEGQO1ln,https://getgems.io/collection/EQBrgmknEuON060A7Ixdoxl_EzuLqxwjKEuBh6NmbEGQO1ln,55300,0.4,1300,5300,2025-01-29,first transaction of the collection contract,https://t.me/drft_party_bot https://t.me/drft_party,https://x.com/drft_party,https://drft.fibrum.com,,"🏎️ Introducing Season 1 of the DRFT Party NFT collection! 🏎️ DRFT Party is a complete ecosystem of thrilling racing, right within a Telegram mini-app. The collection features 67 unique cars divided into three rarity levels: Mythical, Rare, and Common. All NFTs in the collection will have utility in upcoming DRFT Party projects, including PvP Drag Racing mode!",getgems,drft-party,assets/icons/nft-begqo1ln.webp
127,Rare Birds,telegram-gift,EQAIwEMO6wB8Iby8Va0EQGPkDWcVc6uUmMOfXmEyqZmM93sl,https://getgems.io/collection/EQAIwEMO6wB8Iby8Va0EQGPkDWcVc6uUmMOfXmEyqZmM93sl,54300,26,1400,3800,2026-02-23,first transaction of the collection contract,,,https://fragment.com/gifts/rarebird,https://fragment.com/gifts/rarebird,Rare Birds is an exclusive NFT collection by Telegram. Owners can showcase these unique NFTs in the Gifts section of their Telegram account and ‘wear’ them — displaying them next to their names and applying the gift’s unique style to personalize their profile page.,getgems,,assets/icons/nft-qzmm93sl.webp
128,Not Meme,collection,EQB_oI5-DE8iAXC3D8rGvXFeCWLNWG6Uc6_tw3Ocs_Ck14-u,https://getgems.io/collection/EQB_oI5-DE8iAXC3D8rGvXFeCWLNWG6Uc6_tw3Ocs_Ck14-u,53900,2.5,4400,5000,2024-04-13,first transaction of the collection contract,https://t.me/notmeme,https://x.com/notmeme_org,https://notmeme.org https://notmemes.com,https://instagram.com/notmeme_org https://youtube.com/@notmeme_org https://tiktok.com/notmeme_org https://vk.com/notmeme_org,"Not like other memes. A social network for people who enjoy creating, browsing, and sharing memes.",getgems,token-not-meme,assets/icons/nft-s_ck14_u.webp
129,Mad Pumpkins,telegram-gift,EQBdlKhLzezYFMCWSWTCnhpKC1uyczaBUOj3EtPjcatUsTrC,https://getgems.io/collection/EQBdlKhLzezYFMCWSWTCnhpKC1uyczaBUOj3EtPjcatUsTrC,53400,11.5,1500,6600,2025-02-17,first transaction of the collection contract,,,https://fragment.com/gifts/madpumpkin,https://fragment.com/gifts/madpumpkin,Mad Pumpkins is an exclusive NFT collection by Telegram. Owners can showcase these unique NFTs in the Gifts section of their Telegram account and ‘wear’ them — displaying them next to their names and applying the gift’s unique style to personalize their profile page.,getgems,,assets/icons/nft-catustrc.webp
130,GoMining Digital Miners,collection,EQBY-QwusK_kNxUy2F7LpPa7-e8XKEskLedb6fXzJ6n9JjWD,https://getgems.io/collection/EQBY-QwusK_kNxUy2F7LpPa7-e8XKEskLedb6fXzJ6n9JjWD,51700,7.5,540,2500,2025-12-23,first transaction of the collection contract,https://t.me/gmt_token,,https://gomining.com https://help.nft.gomining.com/instructions/how-to-activate-a-miner-from-getgems,https://linkedin.com/company/gmtio/posts/?feedView=all https://discord.com/invite/yMNcyYSYmR,"This collection features three tiers of Digital Miner NFTs, each representing a different hashrate level. Activated via the GoMining app, these NFTs offer a simple and transparent way to participate in Bitcoin mining. The higher the hashrate, the greater the daily BTC rewards. Activation Instructions available via link in Collection info.",getgems,token-gomining,assets/icons/nft-j6n9jjwd.webp
131,daolama.co loans,collection,EQDVC4cf0_GtF6ekFbcji6JJYmuHFdnmM7QivHmZNR0M0uXK,https://getgems.io/collection/EQDVC4cf0_GtF6ekFbcji6JJYmuHFdnmM7QivHmZNR0M0uXK,51300,52,152,514,2023-02-24,first transaction of the collection contract,https://t.me/daolama https://t.me/daolama_en,https://x.com/daolama_ton,https://daolama.co,,514 NFT with utility at daolama.co service. We give you TON for NFT as collateral. Each NFT has 3 utility. Visit daolama.co for more information.,getgems,daolama,assets/icons/nft-nr0m0uxk.webp
132,Candy Canes,telegram-gift,EQDLM65t0shS7gZAg0lMltGHYhsU94PzsMJHhYibmRV7kdUs,https://getgems.io/collection/EQDLM65t0shS7gZAg0lMltGHYhsU94PzsMJHhYibmRV7kdUs,51000,3.8,3800,15800,2025-03-26,first transaction of the collection contract,,,https://fragment.com/gifts/candycane,https://fragment.com/gifts/candycane,Candy Canes is an exclusive NFT collection by Telegram. Owners can showcase these unique NFTs in the Gifts section of their Telegram account and ‘wear’ them — displaying them next to their names and applying the gift’s unique style to personalize their profile page.,getgems,,assets/icons/nft-mrv7kdus.webp
133,Major Achievements,collection,EQBaaILVmMrfDycKEd8b-6pQtZVio5UnQLh_3elW-6YaT6ZH,https://getgems.io/collection/EQBaaILVmMrfDycKEd8b-6pQtZVio5UnQLh_3elW-6YaT6ZH,50700,0,55100,137900,2025-01-28,first transaction of the collection contract,https://t.me/majors https://t.me/major,https://x.com/majoroftelegram,https://major.bot,https://coinmarketcap.com/currencies/major,"Major Achievements is the official NFT collection from Major, the first ranked game on Telegram. Achievements serve as additional boosters for your profile in some activities by Major. Visit our official channel for more information.",getgems,major-1,assets/icons/nft-_6yat6zh.webp
134,Sky Stilettos,telegram-gift,EQAkqbUwkuFy5sgkgXEGSr9WSxnbslVCc25Ri9BfAEIzXFU-,https://getgems.io/collection/EQAkqbUwkuFy5sgkgXEGSr9WSxnbslVCc25Ri9BfAEIzXFU-,49000,17.5,1500,6300,2025-09-23,first transaction of the collection contract,,,https://fragment.com/gifts/skystilettos,https://fragment.com/gifts/skystilettos,Sky Stilettos is an exclusive NFT collection by Telegram. Owners can showcase these unique NFTs in the Gifts section of their Telegram account and ‘wear’ them — displaying them next to their names and applying the gift’s unique style to personalize their profile page.,getgems,,assets/icons/nft-aeizxfu_.webp
135,Hanging Stars,telegram-gift,EQB8zLzEOFQK3qTyMYgPD8BuzmNwblnouqaB80PW-s2E7nct,https://getgems.io/collection/EQB8zLzEOFQK3qTyMYgPD8BuzmNwblnouqaB80PW-s2E7nct,48200,9.2,1600,6800,2025-02-17,first transaction of the collection contract,,,https://fragment.com/gifts/hangingstar,https://fragment.com/gifts/hangingstar,Hanging Stars is an exclusive NFT collection by Telegram. Owners can showcase these unique NFTs in the Gifts section of their Telegram account and ‘wear’ them — displaying them next to their names and applying the gift’s unique style to personalize their profile page.,getgems,,assets/icons/nft-_s2e7nct.webp
136,Jingle Bells,telegram-gift,EQCehrkZtKDtVe0qyvBAsrHx3hW-hroQyDrS_MZOOVYth2DG,https://getgems.io/collection/EQCehrkZtKDtVe0qyvBAsrHx3hW-hroQyDrS_MZOOVYth2DG,48200,9.1,1600,8500,2025-02-17,first transaction of the collection contract,,,https://fragment.com/gifts/jinglebells,https://fragment.com/gifts/jinglebells,Jingle Bells is an exclusive NFT collection by Telegram. Owners can showcase these unique NFTs in the Gifts section of their Telegram account and ‘wear’ them — displaying them next to their names and applying the gift’s unique style to personalize their profile page.,getgems,,assets/icons/nft-ovyth2dg.webp
137,ZarGates GiftBoxes,collection,EQD1YVbwG5dNV9lZgz18F4cjBm5iqYXyeUqdGe21JXjsLCIo,https://getgems.io/collection/EQD1YVbwG5dNV9lZgz18F4cjBm5iqYXyeUqdGe21JXjsLCIo,48100,0.6,85200,138700,2025-12-03,first transaction of the collection contract,,https://x.com/ZARGATES,https://zargates.com,https://t.me/ZARGatesBot/twa,"THE GOLDEN ORC HUNTING SEASON IS OPEN! ZarGates offers a massive bounty to all treasure hunters out there for capturing them. 🔥 OPEN GIFTBOXES, pull Stickerboxes, and collect Golden Orc stickers to claim the most valuable rewards from ZarGates! 100% of all proceeds go toward the prize pool and collection promotion. 💎 Don't miss your chance to claim your share of the loot from the $300,000 prize pool! ✅ Details in the official channels: X: https://x.com/ZARGATES Website: zargates.com 🚀 Let's go —",tonkeeper getgems,zargates-retrodrop,assets/icons/nft-jxjslcio.webp
138,Cookie Hearts,telegram-gift,EQBT9PbZBR6FGcZBSnwgo-DLpc0r7_X_8dlhG5UA6v9l9uJM,https://getgems.io/collection/EQBT9PbZBR6FGcZBSnwgo-DLpc0r7_X_8dlhG5UA6v9l9uJM,47800,4.8,2700,13300,2025-02-17,first transaction of the collection contract,,,https://fragment.com/gifts/cookieheart,https://fragment.com/gifts/cookieheart,Cookie Hearts is an exclusive NFT collection by Telegram. Owners can showcase these unique NFTs in the Gifts section of their Telegram account and ‘wear’ them — displaying them next to their names and applying the gift’s unique style to personalize their profile page.,getgems,,assets/icons/nft-6v9l9ujm.webp
139,Jacks-in-the-Box,telegram-gift,EQA401QqpXtBnwIaDbFjwd5yXfP2mYiCusbJ3Zcw9eXR9CqL,https://getgems.io/collection/EQA401QqpXtBnwIaDbFjwd5yXfP2mYiCusbJ3Zcw9eXR9CqL,47300,4.8,2500,16300,2025-04-19,first transaction of the collection contract,,,https://fragment.com/gifts/jackinthebox,https://fragment.com/gifts/jackinthebox,Jacks-in-the-Box is an exclusive NFT collection by Telegram. Owners can showcase these unique NFTs in the Gifts section of their Telegram account and ‘wear’ them — displaying them next to their names and applying the gift’s unique style to personalize their profile page.,getgems,,assets/icons/nft-9exr9cql.webp
140,Restless Jars,telegram-gift,EQDycOgkLwcfPDokh8q-2DIUzVhPetdFuZmwrFYFP6i1nZ_u,https://getgems.io/collection/EQDycOgkLwcfPDokh8q-2DIUzVhPetdFuZmwrFYFP6i1nZ_u,47200,5.6,2500,9300,2025-06-06,first transaction of the collection contract,,,https://fragment.com/gifts/restlessjar,https://fragment.com/gifts/restlessjar,Restless Jars is an exclusive NFT collection by Telegram. Owners can showcase these unique NFTs in the Gifts section of their Telegram account and ‘wear’ them — displaying them next to their names and applying the gift’s unique style to personalize their profile page.,getgems,,assets/icons/nft-p6i1nz_u.webp
141,Love Potions,telegram-gift,EQD7yDu2WCgd9Uzx1dF_DQkWK7IZJJ4Mp9M9g1rGUUiQE43m,https://getgems.io/collection/EQD7yDu2WCgd9Uzx1dF_DQkWK7IZJJ4Mp9M9g1rGUUiQE43m,47000,13.9,1500,6600,2025-03-05,first transaction of the collection contract,,,https://fragment.com/gifts/lovepotion,https://fragment.com/gifts/lovepotion,Love Potions is an exclusive NFT collection by Telegram. Owners can showcase these unique NFTs in the Gifts section of their Telegram account and ‘wear’ them — displaying them next to their names and applying the gift’s unique style to personalize their profile page.,getgems,,assets/icons/nft-uuiqe43m.webp
142,Xmas Stockings,telegram-gift,EQDz_VecErEBTLOTiR1tq0VS3lZuHHqhYmhZbthcrbFk7ztK,https://getgems.io/collection/EQDz_VecErEBTLOTiR1tq0VS3lZuHHqhYmhZbthcrbFk7ztK,47000,3.7,4000,15000,2025-05-23,first transaction of the collection contract,,,https://fragment.com/gifts/xmasstocking,https://fragment.com/gifts/xmasstocking,Xmas Stockings is an exclusive NFT collection by Telegram. Owners can showcase these unique NFTs in the Gifts section of their Telegram account and ‘wear’ them — displaying them next to their names and applying the gift’s unique style to personalize their profile page.,getgems,,assets/icons/nft-rbfk7ztk.webp
143,NOT Wise Owlings,collection,EQAPpJOA7BJPDJw9d7Oy7roElafFzsIkjaPoKPe9nmNBKaOZ,https://getgems.io/collection/EQAPpJOA7BJPDJw9d7Oy7roElafFzsIkjaPoKPe9nmNBKaOZ,47000,89,177,501,2025-03-12,first transaction of the collection contract,https://t.me/notwise_scam,https://x.com/NotWiseOrg,https://notwise.org,,"NOT Wise Owlings is a distinctive NFT collection that celebrates NOT Wise 1st anniversary, portrayed in a hand-drawn style reminiscent of oil paintings. Probably nothing.",getgems,,assets/icons/nft-nmnbkaoz.webp
144,Lost Dogs: consequences,collection,EQCJFBAVQablhzHL3eJBwGHlI07bvdElgQDpMWHZ7PndYVFb,https://getgems.io/collection/EQCJFBAVQablhzHL3eJBwGHlI07bvdElgQDpMWHZ7PndYVFb,46600,0.4,11600,16300,2023-11-29,first transaction of the collection contract,https://t.me/lostdogscoru https://t.me/lostdogscoeng,https://x.com/LostDogsCo,,https://t.me/getgems_flood/21659,"You routinely open the mailbox. It has long become an unnecessary habit: retrieve the key, insert it into the rusty lock, turn it with a creak. Take a look at the cobwebs and dust. Close it. And so it goes every day, just to give the world some semblance of stability. This morning started the same way: key, lock, turn, creak, emptiness. Emptiness? Inside the darkness of the mailbox lays a postcard. You look around skeptically, almost frightened: who could have brought it here, anyway? It seems l",getgems,lost-dogs,assets/icons/nft-7pndyvfb.webp
145,CITY Holder | NFT lands,collection,EQDHm0Iymo6Jheo7cpB15LQzM7nKQdgGHqGhJQEsLCHB_E0R,https://getgems.io/collection/EQDHm0Iymo6Jheo7cpB15LQzM7nKQdgGHqGhJQEsLCHB_E0R,46400,17.5,1400,3900,2024-09-12,first transaction of the collection contract,https://t.me/CITY_Holder,,https://nft-land.com,https://getgems.io/collection/EQDHm0Iymo6Jheo7cpB15LQzM7nKQdgGHqGhJQEsLCHB_E0R,"A limited collection of 4,000 unique NFT lands on the TON blockchain.",getgems,city-holder-game,assets/icons/nft-lchb_e0r.webp
146,Tama Gadgets,telegram-gift,EQA_kx2WOydXWzYUYO1DP80aHl4yhlLGYhxjPAtRPNjMgfYM,https://getgems.io/collection/EQA_kx2WOydXWzYUYO1DP80aHl4yhlLGYhxjPAtRPNjMgfYM,46300,3.9,2800,10900,2025-03-26,first transaction of the collection contract,,,https://fragment.com/gifts/tamagadget,https://fragment.com/gifts/tamagadget,Tama Gadgets is an exclusive NFT collection by Telegram. Owners can showcase these unique NFTs in the Gifts section of their Telegram account and ‘wear’ them — displaying them next to their names and applying the gift’s unique style to personalize their profile page.,getgems,,assets/icons/nft-pnjmgfym.webp
147,TON of Memes,collection,EQDfwrkIJ21AgnuGGfxVvCUQ6hKTNZSBEe08ZEz6hfDCmVzv,https://getgems.io/collection/EQDfwrkIJ21AgnuGGfxVvCUQ6hKTNZSBEe08ZEz6hfDCmVzv,46300,8.8,488,1000,2025-08-25,first transaction of the collection contract,,,,,"TON of Memes is for the real OGs. Inside you’ll find stickers from the cult classics FISH, DUREV & REDO the coins that turned jokes into culture, and culture into collectibles.",getgems,,assets/icons/nft-hfdcmvzv.webp
148,TonAirplane,collection,EQDuMP4POEuF_bvn7AS_a7E4unNgCga0HzabpnbwC5KIomOi,https://getgems.io/collection/EQDuMP4POEuF_bvn7AS_a7E4unNgCga0HzabpnbwC5KIomOi,46200,4,240,5000,2022-04-05,first transaction of the collection contract,,,,,TonAirplane is a unique NFT that symbolizes the power of the people.,getgems,,
149,TON GUYS,collection,EQCg2iAv486UTCHN9PCwjpRKrUoFvJDs28bcQGCbtCgQIIFd,https://getgems.io/collection/EQCg2iAv486UTCHN9PCwjpRKrUoFvJDs28bcQGCbtCgQIIFd,45900,0.7,1700,18400,2022-11-07,first transaction of the collection contract,,,https://tonguys.net,https://t.me/joinchat/iqMK60LA6z8xZTk6,"Here we are! Cat and Ufo are the characters in the new, next generation, and customizable NFT collection in the TON ecosystem.",getgems,,assets/icons/nft-tcgqiifd.webp
150,Crystal Balls,telegram-gift,EQAtgbhSHOqTxjuRLLOAab6T66FPcQWTNd_DT3VgCG1-tHJw,https://getgems.io/collection/EQAtgbhSHOqTxjuRLLOAab6T66FPcQWTNd_DT3VgCG1-tHJw,45500,12.2,1400,8300,2025-02-17,first transaction of the collection contract,,,https://fragment.com/gifts/crystalball,https://fragment.com/gifts/crystalball,Crystal Balls is an exclusive NFT collection by Telegram. Owners can showcase these unique NFTs in the Gifts section of their Telegram account and ‘wear’ them — displaying them next to their names and applying the gift’s unique style to personalize their profile page.,getgems,,assets/icons/nft-cg1_thjw.webp
151,TON Sharks,collection,EQD3Ho_9KoqjSmNzfKorctLvTVabn9U_BqnjIPq17SlLs_9H,https://getgems.io/collection/EQD3Ho_9KoqjSmNzfKorctLvTVabn9U_BqnjIPq17SlLs_9H,44900,3,1300,3300,2022-05-01,first transaction of the collection contract,https://t.me/pixeltemple https://t.me/sharks_community https://t.me/sharks_community_ENG,https://x.com/ton_sharks,,https://vk.com/tonsharks https://getgems.io/collection/EQD3Ho_9KoqjSmNzfKorctLvTVabn9U_BqnjIPq17SlLs_9H,"Sharks are one of the oldest predatory fish, which in many cultures were revered for strength and were considered the messenger of sea deities. 3333 Ton Sharks is perfect for purposeful and active individuals who know how to succeed and will definitely serve as a lucky talisman in your collection.",getgems,ton-sharks,assets/icons/nft-7slls_9h.webp
152,Hex Pots,telegram-gift,EQB6AtBPOuTtQml8oSA7X8ZqJ5QmcOYYqoz92sQYXGUQrxyB,https://getgems.io/collection/EQB6AtBPOuTtQml8oSA7X8ZqJ5QmcOYYqoz92sQYXGUQrxyB,44600,4.7,2200,14400,2025-01-23,first transaction of the collection contract,,,https://fragment.com/gifts/hexpot,https://fragment.com/gifts/hexpot,Hex Pots is an exclusive NFT collection by Telegram. Owners can showcase these unique NFTs in the Gifts section of their Telegram account and ‘wear’ them — displaying them next to their names and applying the gift’s unique style to personalize their profile page.,getgems,,assets/icons/nft-xguqrxyb.webp
153,SnoopDogg x BAYC Packs,collection,EQBFWmbcHNLO0WURyg0-uZGlIwjxaDfnqxhj-U4gj1b86JQg,https://getgems.io/collection/EQBFWmbcHNLO0WURyg0-uZGlIwjxaDfnqxhj-U4gj1b86JQg,44100,8.3,215,4500,2025-11-04,first transaction of the collection contract,https://t.me/mint https://t.me/mintontg https://t.me/SnoopDogg,https://x.com/mintontg,,https://instagram.com/mintintg,"From the swamp to the West Coast, BAYC linked with Snoop Dogg for a drop straight out of the LBC. When the heat hit the swamp, the apes dipped to Long Beach - linking with Snoop Dogg for a no-rules hang. Lowriders, palm trees, beach parties, and backyard smoke sessions. Just Curtis, Snoop, Baby Broadus and Dr Bombay posted up in the LBC, doing what they do best.",getgems,,assets/icons/nft-j1b86jqg.webp
154,SFC Members,collection,EQDbrtfv6E4wmRw1ss2GlGU_NOw7M4fnhVXhlPcaNqv4OqPs,https://getgems.io/collection/EQDbrtfv6E4wmRw1ss2GlGU_NOw7M4fnhVXhlPcaNqv4OqPs,44000,2,258,7400,2023-01-31,first transaction of the collection contract,https://t.me/loyalnft_news,,,https://getgems.io/collection/EQDbrtfv6E4wmRw1ss2GlGU_NOw7M4fnhVXhlPcaNqv4OqPs,"📢 Must Read! 📢 🌟 Collection for those wishing to become part of the Success Factor Club 💫 This exclusive collection contains 8888 NFTs 🖼️ of which 1888 will be burned. Created by Ukrainian team 🇺🇦. 🚫 Important Reminder: 🛑 Only consider purchasing these NFTs if you are well-informed about the community details. 🤝 We strongly advise buying these NFTs solely based on the recommendation of an existing community member 🙌, ensuring a trusted and valuable addition to your collection. 📩 If you have any ",,,assets/icons/nft-nqv4oqps.webp
155,Jester Hats,telegram-gift,EQCBK_JBASAA5XVz1D17Pn--kQaMWm0b9wReVtsEdRO4Tgy9,https://getgems.io/collection/EQCBK_JBASAA5XVz1D17Pn--kQaMWm0b9wReVtsEdRO4Tgy9,44000,3.8,3400,12700,2025-02-17,first transaction of the collection contract,,,https://fragment.com/gifts/jesterhat,https://fragment.com/gifts/jesterhat,Jester Hats is an exclusive NFT collection by Telegram. Owners can showcase these unique NFTs in the Gifts section of their Telegram account and ‘wear’ them — displaying them next to their names and applying the gift’s unique style to personalize their profile page.,getgems,,assets/icons/nft-dro4tgy9.webp
156,Whip Cupcakes,telegram-gift,EQAo_snApDDqF6GKV0xe_T5oe28r842gJtgmkgPMhX0-dRkh,https://getgems.io/collection/EQAo_snApDDqF6GKV0xe_T5oe28r842gJtgmkgPMhX0-dRkh,43800,3.9,4700,14900,2025-07-23,first transaction of the collection contract,,,https://fragment.com/gifts/whipcupcake,https://fragment.com/gifts/whipcupcake,Whip Cupcakes is an exclusive NFT collection by Telegram. Owners can showcase these unique NFTs in the Gifts section of their Telegram account and ‘wear’ them — displaying them next to their names and applying the gift’s unique style to personalize their profile page.,getgems,,assets/icons/nft-hx0_drkh.webp
157,TON DOODLES,collection,EQBdHpUa1u3IVs1b3xfjpSlXVD5lkNsfIcJMqtXu1IJ0rLHK,https://getgems.io/collection/EQBdHpUa1u3IVs1b3xfjpSlXVD5lkNsfIcJMqtXu1IJ0rLHK,42400,1.9,1100,5500,2022-07-05,first transaction of the collection contract,https://t.me/TonDoodles_NFT https://t.me/Doodle_Holder_Bot,,https://tondoodles.com,,5555 Doodles chilling on TON blockchain...,,,assets/icons/nft-1ij0rlhk.webp
158,Liberty Figures,telegram-gift,EQBEngWldzev9oqzctu59Go9afX8HF8HksZ9pJ7x1bRJXsc7,https://getgems.io/collection/EQBEngWldzev9oqzctu59Go9afX8HF8HksZ9pJ7x1bRJXsc7,42200,4.4,4900,20000,2026-07-23,first transaction of the collection contract,,,https://fragment.com/gifts/libertyfigure,https://fragment.com/gifts/libertyfigure,Liberty Figures is an exclusive NFT collection by Telegram. Owners can showcase these unique NFTs in the Gifts section of their Telegram account and ‘wear’ them — displaying them next to their names and applying the gift’s unique style to personalize their profile page.,getgems,,assets/icons/nft-1brjxsc7.webp
159,Lands 💎 Planets,collection,EQAMynHMtShnkqhVidZgaFtxR4Japou4ijks6C4G5P81OyLC,https://getgems.io/collection/EQAMynHMtShnkqhVidZgaFtxR4Japou4ijks6C4G5P81OyLC,41700,6,323,3900,2023-05-04,first transaction of the collection contract,https://t.me/TONPlanetsBot https://t.me/TONPlanets https://t.me/TONPlanetsEn,https://x.com/tonplanets,https://mars.tonplanets.com https://tonplanets.com,https://getgems.io/collection/EQAMynHMtShnkqhVidZgaFtxR4Japou4ijks6C4G5P81OyLC,"Metaverse Lands. Game https://Mars.TONPlanets.com. Total lands 6547, look for unminted on the secondary market on our website.",,ton-planets-mars,assets/icons/nft-5p81oylc.webp
160,NOT Punks ♂️💎,collection,EQDP9nGW2Ho0V0_pbW8qpx2q3VJVd9n0BtbQjts2XqZIrfgF,https://getgems.io/collection/EQDP9nGW2Ho0V0_pbW8qpx2q3VJVd9n0BtbQjts2XqZIrfgF,41200,12,597,1800,2024-05-12,first transaction of the collection contract,https://t.me/notpunks_official https://t.me/notpunksdao_bot,https://x.com/thenotpunks,https://notpunks.com https://agent.notpunks.com,https://getgems.io/collection/EQDP9nGW2Ho0V0_pbW8qpx2q3VJVd9n0BtbQjts2XqZIrfgF,"NOT PUNKS ♂️💎 — 3,260 legendary NFTs on TON powering the full NOT PUNKS ecosystem: AI agents, Skill NFTs, utilities, drops, games, staking, DAO access and Skillzzz marketplace. Maybe punks? No — NOT Punks. PUNKS NOT dead! 🤟 Holders get exclusive access to the NOTPUNKS Agent — a terminal AI runtime with installable skills and wallet-connected intelligence. The PUNK GENERATION 👶⚡️ allows pairs of NOT Punks & NOT Punks Girls to create TNO Elemental Kids every 9 months via the Genesis Bot. Stake Kid",getgems,not-punks,assets/icons/nft-xqzirfgf.webp
161,Bow Ties,telegram-gift,EQDpxJ6VAwUA-tX6w8ACnoAJLrP3hKWmieBl71uv1_qKRD3x,https://getgems.io/collection/EQDpxJ6VAwUA-tX6w8ACnoAJLrP3hKWmieBl71uv1_qKRD3x,39000,4.9,2200,8500,2025-06-06,first transaction of the collection contract,,,https://fragment.com/gifts/bowtie,https://fragment.com/gifts/bowtie,Bow Ties is an exclusive NFT collection by Telegram. Owners can showcase these unique NFTs in the Gifts section of their Telegram account and ‘wear’ them — displaying them next to their names and applying the gift’s unique style to personalize their profile page.,getgems,,assets/icons/nft-1_qkrd3x.webp
162,Spiced Wines,telegram-gift,EQA8DCWyCWyywgOKYORerRoSVevWrUQ_FjKQgNihxY1227x7,https://getgems.io/collection/EQA8DCWyCWyywgOKYORerRoSVevWrUQ_FjKQgNihxY1227x7,38900,4.4,2400,12100,2025-01-23,first transaction of the collection contract,,,https://fragment.com/gifts/spicedwine,https://fragment.com/gifts/spicedwine,Spiced Wines is an exclusive NFT collection by Telegram. Owners can showcase these unique NFTs in the Gifts section of their Telegram account and ‘wear’ them — displaying them next to their names and applying the gift’s unique style to personalize their profile page.,getgems,,assets/icons/nft-xy1227x7.webp
163,Ton Rock,collection,EQA0jEn-tR0_iU1vKLaOnmFaHTsT3w69pQ0WOp8eFllDCn3E,https://getgems.io/collection/EQA0jEn-tR0_iU1vKLaOnmFaHTsT3w69pQ0WOp8eFllDCn3E,38800,198,85,100,2023-11-12,first transaction of the collection contract,,https://x.com/TonRock100,,https://getgems.io/collection/EQA0jEn-tR0_iU1vKLaOnmFaHTsT3w69pQ0WOp8eFllDCn3E,2023 rocks on TON The first on-chain rock was also created in the TON ecosystem,,tonrock,assets/icons/nft-flldcn3e.webp
164,Fresh Socks,telegram-gift,EQAUffQWl09_yhXDTp8oN13Px8ygPm0xcyNGhHOiONV-x3om,https://getgems.io/collection/EQAUffQWl09_yhXDTp8oN13Px8ygPm0xcyNGhHOiONV-x3om,38700,4.2,3300,11900,2025-09-23,first transaction of the collection contract,,,https://fragment.com/gifts/freshsocks,https://fragment.com/gifts/freshsocks,Fresh Socks is an exclusive NFT collection by Telegram. Owners can showcase these unique NFTs in the Gifts section of their Telegram account and ‘wear’ them — displaying them next to their names and applying the gift’s unique style to personalize their profile page.,getgems,,assets/icons/nft-onv_x3om.webp
165,Victory Medals,telegram-gift,EQC-ZdsouFU-xMa509yP8kzKceZnGV7lSQskxima1Mr3iDYB,https://getgems.io/collection/EQC-ZdsouFU-xMa509yP8kzKceZnGV7lSQskxima1Mr3iDYB,38700,4.4,4600,14900,2026-02-11,first transaction of the collection contract,,,https://fragment.com/gifts/victorymedal,https://fragment.com/gifts/victorymedal,Victory Medals is an exclusive NFT collection by Telegram. Owners can showcase these unique NFTs in the Gifts section of their Telegram account and ‘wear’ them — displaying them next to their names and applying the gift’s unique style to personalize their profile page.,getgems,,assets/icons/nft-1mr3idyb.webp
166,Faith Amulets,telegram-gift,EQD9z87hRZAV7C2MV1gk39-bSg5Yfs2EdMr9HfK81IuB2Rlc,https://getgems.io/collection/EQD9z87hRZAV7C2MV1gk39-bSg5Yfs2EdMr9HfK81IuB2Rlc,38600,5.4,3300,11800,2025-10-28,first transaction of the collection contract,,,https://fragment.com/gifts/faithamulet,https://fragment.com/gifts/faithamulet,Faith Amulets is an exclusive NFT collection by Telegram. Owners can showcase these unique NFTs in the Gifts section of their Telegram account and ‘wear’ them — displaying them next to their names and applying the gift’s unique style to personalize their profile page.,getgems,,assets/icons/nft-1iub2rlc.webp
167,Santa Hats,telegram-gift,EQAaTIR7oJyowDiumYLVN0oe61kGE3I6EPEn7WgHPGuWAeCy,https://getgems.io/collection/EQAaTIR7oJyowDiumYLVN0oe61kGE3I6EPEn7WgHPGuWAeCy,38500,4.9,2400,146300,2025-01-23,first transaction of the collection contract,,,https://fragment.com/gifts/santahat,https://fragment.com/gifts/santahat,Santa Hats is an exclusive NFT collection by Telegram. Owners can showcase these unique NFTs in the Gifts section of their Telegram account and ‘wear’ them — displaying them next to their names and applying the gift’s unique style to personalize their profile page.,getgems,,assets/icons/nft-pguwaecy.webp
168,Money Pots,telegram-gift,EQBM3U1twWjI_vYUaPdFkzZs1q9c0orHhQjx0m2Xa9ljgTqY,https://getgems.io/collection/EQBM3U1twWjI_vYUaPdFkzZs1q9c0orHhQjx0m2Xa9ljgTqY,38400,5,3600,9300,2025-11-20,first transaction of the collection contract,,,https://fragment.com/gifts/moneypot,https://fragment.com/gifts/moneypot,Money Pots is an exclusive NFT collection by Telegram. Owners can showcase these unique NFTs in the Gifts section of their Telegram account and ‘wear’ them — displaying them next to their names and applying the gift’s unique style to personalize their profile page.,getgems,,assets/icons/nft-a9ljgtqy.webp
169,Mintosaurs,collection,EQAzkaVZCp62HBz8KveKM0n_ju8Z2TTbDKHrEipSEVvXJ58Z,https://getgems.io/collection/EQAzkaVZCp62HBz8KveKM0n_ju8Z2TTbDKHrEipSEVvXJ58Z,37900,3,443,2000,2022-04-22,first transaction of the collection contract,,,https://mintosaurs.com,,"Mintosaurs 🦖 — a collection of 5000 NFT, created in different styles, including 3D. The collection has staking, a deflation mechanism, and ecosystem of services: Tonometer and Monster Bot.",,,assets/icons/nft-evvxj58z.webp
170,Moon Pendants,telegram-gift,EQC7oPa-gJDZ6JRwW0WW4WH_Vjn7ioKmfDdFItD7nYFGdbuU,https://getgems.io/collection/EQC7oPa-gJDZ6JRwW0WW4WH_Vjn7ioKmfDdFItD7nYFGdbuU,37700,6.1,3200,13200,2025-08-29,first transaction of the collection contract,,,https://fragment.com/gifts/moonpendant,https://fragment.com/gifts/moonpendant,Moon Pendants is an exclusive NFT collection by Telegram. Owners can showcase these unique NFTs in the Gifts section of their Telegram account and ‘wear’ them — displaying them next to their names and applying the gift’s unique style to personalize their profile page.,getgems,,assets/icons/nft-nyfgdbuu.webp
171,New Year Eggs 🥚,collection,EQBWg1q9Le4x4_fzrJ66Lmw75wCowni16eu1L9yYbvmVRp5Z,https://getgems.io/collection/EQBWg1q9Le4x4_fzrJ66Lmw75wCowni16eu1L9yYbvmVRp5Z,37400,0.3,2300,13000,2022-12-22,first transaction of the collection contract,https://t.me/getgems https://t.me/getgemsrus,https://x.com/getgemsdotio,,https://getgems.io/launchpad/new_year_eggs,"Crack some eggs, play some games, win a lot of TON! The winning egg gets it all, aka the full raise of the collection sale!",getgems,getgems-mtmajh,assets/icons/nft-bvmvrp5z.webp
172,MONAKI,collection,EQBFlSeuVxqtEKT05YgkA4NC3vLcoBef1zw2Z_HDt1BPGhWM,https://getgems.io/collection/EQBFlSeuVxqtEKT05YgkA4NC3vLcoBef1zw2Z_HDt1BPGhWM,37400,1,150,999,2023-08-09,first transaction of the collection contract,,https://x.com/Monaki_nft,,,"Collection of 999 beautiful NFTs. Discover a closed community of builders, NFT collectors and crypto enthusiasts. Be in trend. Be MONAKI.",,,assets/icons/nft-t1bpghwm.webp
173,Ayanami Rei,collection,EQCTICsVxtOF25x2D1XHS4U_D-CYY9hWrRTdv6TlqOLAPsUI,https://getgems.io/collection/EQCTICsVxtOF25x2D1XHS4U_D-CYY9hWrRTdv6TlqOLAPsUI,36400,68.5,149,1000,2026-04-28,first transaction of the collection contract,,,,https://t.me/sticker_bot/?startapp=bid_1_cid_70,Original. Ayanami. Rei. Evangelion.,getgems,,assets/icons/nft-qolapsui.webp
174,Happy Brownies,telegram-gift,EQB1ATaKGNYk6T5R2cA18BOF-KB_idaKKigwYI2jtjWuLg8n,https://getgems.io/collection/EQB1ATaKGNYk6T5R2cA18BOF-KB_idaKKigwYI2jtjWuLg8n,36300,4.1,3000,11000,2025-10-28,first transaction of the collection contract,,,https://fragment.com/gifts/happybrownie,https://fragment.com/gifts/happybrownie,Happy Brownies is an exclusive NFT collection by Telegram. Owners can showcase these unique NFTs in the Gifts section of their Telegram account and ‘wear’ them — displaying them next to their names and applying the gift’s unique style to personalize their profile page.,getgems,,assets/icons/nft-tjwulg8n.webp
175,LumCity: Wind Turbine,collection,EQBZZ-ELCZxDC_ASERXLrTBc1VWf3yKmZu_SKPGUo194aE16,https://getgems.io/collection/EQBZZ-ELCZxDC_ASERXLrTBc1VWf3yKmZu_SKPGUo194aE16,36200,11,389,1200,2024-05-08,first transaction of the collection contract,https://t.me/lumia,,,,"Join LumCity, the ultimate digital city project where you can build, trade, and earn! Explore a digital universe filled with endless opportunities, including Real-World Assets (RWA) integration.",getgems,,assets/icons/nft-o194ae16.webp
176,Joyful Bundles,telegram-gift,EQCBcMPpEjKJysTb534Nvt3FXQgkzVyhaaBDIyrcaKD1PsFF,https://getgems.io/collection/EQCBcMPpEjKJysTb534Nvt3FXQgkzVyhaaBDIyrcaKD1PsFF,36000,8,1300,4300,2025-07-24,first transaction of the collection contract,,,https://fragment.com/gifts/joyfulbundle,https://fragment.com/gifts/joyfulbundle,Joyful Bundles is an exclusive NFT collection by Telegram. Owners can showcase these unique NFTs in the Gifts section of their Telegram account and ‘wear’ them — displaying them next to their names and applying the gift’s unique style to personalize their profile page.,getgems,,assets/icons/nft-akd1psff.webp
177,Lamborghini Revuelto,collection,EQBqpI04ov1aqlOR4qczagHVOEzctSm-KGaFfB3PgTQG3bz4,https://getgems.io/collection/EQBqpI04ov1aqlOR4qczagHVOEzctSm-KGaFfB3PgTQG3bz4,35700,21,334,635,2025-10-24,first transaction of the collection contract,https://t.me/Goodies,https://x.com/Goodies_tg https://x.com/Lamborghini,,,"The storm reborn in carbon and current. Revuelto fuses past and future into a single strike of power, a masterpiece of motion and voltage.",getgems,goodies,assets/icons/nft-gtqg3bz4.webp
178,NFT Web3TON,collection,EQCdVlYKvCuUaVIWjwlGtQgWvDa8DsbCNEM6hHevSW__-07R,https://getgems.io/collection/EQCdVlYKvCuUaVIWjwlGtQgWvDa8DsbCNEM6hHevSW__-07R,35500,15.9,432,2400,2022-07-20,first transaction of the collection contract,,,,,,getgems,,
179,Big Years,telegram-gift,EQDx-SqQEhP9Rzfi2cqdehTVUvQbArsUz1X7t-ul8IiKZpYb,https://getgems.io/collection/EQDx-SqQEhP9Rzfi2cqdehTVUvQbArsUz1X7t-ul8IiKZpYb,34500,3.7,2900,12300,2025-05-23,first transaction of the collection contract,,,https://fragment.com/gifts/bigyear,https://fragment.com/gifts/bigyear,Big Years is an exclusive NFT collection by Telegram. Owners can showcase these unique NFTs in the Gifts section of their Telegram account and ‘wear’ them — displaying them next to their names and applying the gift’s unique style to personalize their profile page.,getgems,,assets/icons/nft-8iikzpyb.webp
180,Hypno Lollipops,telegram-gift,EQC65Yy6N04vHoeCJ0yo4qll5eu-ZaWbS5nxsdilxymhmSus,https://getgems.io/collection/EQC65Yy6N04vHoeCJ0yo4qll5eu-ZaWbS5nxsdilxymhmSus,34500,3.9,2100,8600,2025-02-17,first transaction of the collection contract,,,https://fragment.com/gifts/hypnolollipop,https://fragment.com/gifts/hypnolollipop,Hypno Lollipops is an exclusive NFT collection by Telegram. Owners can showcase these unique NFTs in the Gifts section of their Telegram account and ‘wear’ them — displaying them next to their names and applying the gift’s unique style to personalize their profile page.,getgems,,assets/icons/nft-xymhmsus.webp
181,Holiday Drinks,telegram-gift,EQB5P3ZP2PjLION52Y1SNAux1do4-ZOqMWotXS-fdMpqHcCH,https://getgems.io/collection/EQB5P3ZP2PjLION52Y1SNAux1do4-ZOqMWotXS-fdMpqHcCH,34100,3.8,1600,6400,2025-05-23,first transaction of the collection contract,,,https://fragment.com/gifts/holidaydrink,https://fragment.com/gifts/holidaydrink,Holiday Drinks is an exclusive NFT collection by Telegram. Owners can showcase these unique NFTs in the Gifts section of their Telegram account and ‘wear’ them — displaying them next to their names and applying the gift’s unique style to personalize their profile page.,getgems,,assets/icons/nft-dmpqhcch.webp
182,Skull Flowers,telegram-gift,EQBaOL8mH5YywkXjkps65X1OLPNH7pns4YcfLmaVpFaoNKZn,https://getgems.io/collection/EQBaOL8mH5YywkXjkps65X1OLPNH7pns4YcfLmaVpFaoNKZn,34000,11.2,1500,7500,2025-01-23,first transaction of the collection contract,,,https://fragment.com/gifts/skullflower,https://fragment.com/gifts/skullflower,Skull Flowers is an exclusive NFT collection by Telegram. Owners can showcase these unique NFTs in the Gifts section of their Telegram account and ‘wear’ them — displaying them next to their names and applying the gift’s unique style to personalize their profile page.,getgems,,assets/icons/nft-pfaonkzn.webp
183,Flying Brooms,telegram-gift,EQBG2o0lp-6Oy86NGEJm717BeTDAw_F5ELkgaX2l9UsfavWE,https://getgems.io/collection/EQBG2o0lp-6Oy86NGEJm717BeTDAw_F5ELkgaX2l9UsfavWE,33600,11.5,1200,6700,2025-02-17,first transaction of the collection contract,,,https://fragment.com/gifts/flyingbroom,https://fragment.com/gifts/flyingbroom,Flying Brooms is an exclusive NFT collection by Telegram. Owners can showcase these unique NFTs in the Gifts section of their Telegram account and ‘wear’ them — displaying them next to their names and applying the gift’s unique style to personalize their profile page.,getgems,,assets/icons/nft-9usfavwe.webp
184,Star Notepads,telegram-gift,EQBAXR68f1UgRhToFR_bXY1zPJy5O6sm2St0CRTo92BTxGiH,https://getgems.io/collection/EQBAXR68f1UgRhToFR_bXY1zPJy5O6sm2St0CRTo92BTxGiH,33600,4.2,2700,9000,2025-02-17,first transaction of the collection contract,,,https://fragment.com/gifts/starnotepad,https://fragment.com/gifts/starnotepad,Star Notepads is an exclusive NFT collection by Telegram. Owners can showcase these unique NFTs in the Gifts section of their Telegram account and ‘wear’ them — displaying them next to their names and applying the gift’s unique style to personalize their profile page.,getgems,,assets/icons/nft-92btxgih.webp
185,Eternal Candles,telegram-gift,EQBzZLNIr4lie0pTfrbRsANJOtFYwY5gmngRfs84Ras5-aVN,https://getgems.io/collection/EQBzZLNIr4lie0pTfrbRsANJOtFYwY5gmngRfs84Ras5-aVN,33400,5.5,2000,12300,2025-02-17,first transaction of the collection contract,,,https://fragment.com/gifts/eternalcandle,https://fragment.com/gifts/eternalcandle,Eternal Candles is an exclusive NFT collection by Telegram. Owners can showcase these unique NFTs in the Gifts section of their Telegram account and ‘wear’ them — displaying them next to their names and applying the gift’s unique style to personalize their profile page.,getgems,,assets/icons/nft-ras5_avn.webp
186,Mood Packs,telegram-gift,EQBV5XozKA0e06Z5y6eL7pWrUUpEolbPhNdcNS0K4ZDk1jCs,https://getgems.io/collection/EQBV5XozKA0e06Z5y6eL7pWrUUpEolbPhNdcNS0K4ZDk1jCs,33300,3.9,4100,14500,2026-04-06,first transaction of the collection contract,,,https://fragment.com/gifts/moodpack,https://fragment.com/gifts/moodpack,Mood Packs is an exclusive NFT collection by Telegram. Owners can showcase these unique NFTs in the Gifts section of their Telegram account and ‘wear’ them — displaying them next to their names and applying the gift’s unique style to personalize their profile page.,getgems,,assets/icons/nft-4zdk1jcs.webp
187,Gemmy,collection,EQDFiSDU87TEvY67yqx0dTLQ-xHKbrR84dYfrYXWa5FWtMiu,https://getgems.io/collection/EQDFiSDU87TEvY67yqx0dTLQ-xHKbrR84dYfrYXWa5FWtMiu,32900,0.1,39100,47700,2023-12-29,first transaction of the collection contract,https://t.me/pearlsdrop https://t.me/pearls_drop_bot https://t.me/PearlsDropChat,,,,"In a land where gems roamed freely, one gem encountered another, and another, each embodying its unique brilliance. Finding kinship in a shared vision, a zest for pioneering tech, and the thrill of mischief. Thus, the story of the Gemmy began. As word spread, countless other gems resonated with this vibe, calling for an epic convergence of LOLs. And so, Pearls rained down. Welcome to the Gemmy collection, a digital collectible drop within Pearls by Gems - a space where artists, creators, and pro",getgems,pearls-by-gems,assets/icons/nft-a5fwtmiu.webp
188,TryTON NFT,collection,EQC1Bq1GJY9ON_2WpSroVlXpejzfLNA8XoL2MYxtN50ZbJfN,https://getgems.io/collection/EQC1Bq1GJY9ON_2WpSroVlXpejzfLNA8XoL2MYxtN50ZbJfN,32700,0.1,7000,53000,2024-06-25,first transaction of the collection contract,,,,,,,,
189,Snake Boxes,telegram-gift,EQBbUKx5CalEly2TekDNeFbv4e02pj6xsAqXZP0X_AprKj4I,https://getgems.io/collection/EQBbUKx5CalEly2TekDNeFbv4e02pj6xsAqXZP0X_AprKj4I,32500,3.7,2700,9900,2025-05-23,first transaction of the collection contract,,,https://fragment.com/gifts/snakebox,https://fragment.com/gifts/snakebox,Snake Boxes is an exclusive NFT collection by Telegram. Owners can showcase these unique NFTs in the Gifts section of their Telegram account and ‘wear’ them — displaying them next to their names and applying the gift’s unique style to personalize their profile page.,getgems,,assets/icons/nft-_aprkj4i.webp
190,Snow Globes,telegram-gift,EQAPNu648fe_uqUoeH6V_-fIDJYea_5Xu2rXn6iZFil49bMY,https://getgems.io/collection/EQAPNu648fe_uqUoeH6V_-fIDJYea_5Xu2rXn6iZFil49bMY,32400,5.1,1700,6300,2025-03-26,first transaction of the collection contract,,,https://fragment.com/gifts/snowglobe,https://fragment.com/gifts/snowglobe,Snow Globes is an exclusive NFT collection by Telegram. Owners can showcase these unique NFTs in the Gifts section of their Telegram account and ‘wear’ them — displaying them next to their names and applying the gift’s unique style to personalize their profile page.,getgems,,assets/icons/nft-fil49bmy.webp
191,Love Candles,telegram-gift,EQDqHwSzU4I_U44vSM9EDP4HGGKWy9yWjbzkpCa3K8iMBEVD,https://getgems.io/collection/EQDqHwSzU4I_U44vSM9EDP4HGGKWy9yWjbzkpCa3K8iMBEVD,32300,9.7,1100,4400,2025-02-17,first transaction of the collection contract,,,https://fragment.com/gifts/lovecandle,https://fragment.com/gifts/lovecandle,Love Candles is an exclusive NFT collection by Telegram. Owners can showcase these unique NFTs in the Gifts section of their Telegram account and ‘wear’ them — displaying them next to their names and applying the gift’s unique style to personalize their profile page.,getgems,,assets/icons/nft-k8imbevd.webp
192,Bunny Muffins,telegram-gift,EQA3-i1IUFjWyDhaIoCGdYUB4nt2IYaT3T-95CHPrSvV3AfX,https://getgems.io/collection/EQA3-i1IUFjWyDhaIoCGdYUB4nt2IYaT3T-95CHPrSvV3AfX,31900,8.3,1500,6600,2025-02-17,first transaction of the collection contract,,,https://fragment.com/gifts/bunnymuffin,https://fragment.com/gifts/bunnymuffin,Bunny Muffins is an exclusive NFT collection by Telegram. Owners can showcase these unique NFTs in the Gifts section of their Telegram account and ‘wear’ them — displaying them next to their names and applying the gift’s unique style to personalize their profile page.,getgems,,assets/icons/nft-rsvv3afx.webp
193,Not Box,collection,EQDabebvwdWv2aexRHV4GWoGfemJLrJ4s71M8ELJbZDL7KbN,https://getgems.io/collection/EQDabebvwdWv2aexRHV4GWoGfemJLrJ4s71M8ELJbZDL7KbN,31800,25,26,100,2025-05-12,first transaction of the collection contract,,,,,Probably nothing in the box,getgems,,assets/icons/nft-bzdl7kbn.webp
194,kingyTON,collection,EQBubDxfH1FK8lK-9Cg3vs6jWKYwfrHq-an_KCrqupjjT3Mu,https://getgems.io/collection/EQBubDxfH1FK8lK-9Cg3vs6jWKYwfrHq-an_KCrqupjjT3Mu,31700,32,117,307,2022-03-23,first transaction of the collection contract,,,,,Is a unique handcrafted animated token in The Open Network blockchain.,getgems,,assets/icons/nft-upjjt3mu.webp
195,Master Shifu,collection,EQC6z9USNNBWe_0gx6DbQggzuEv1u-djTeWogJQQWG15tprZ,https://getgems.io/collection/EQC6z9USNNBWe_0gx6DbQggzuEv1u-djTeWogJQQWG15tprZ,31000,24,351,686,2025-10-28,first transaction of the collection contract,https://t.me/Goodies,https://x.com/Goodies_tg https://x.com/Pudgypenguins,,,Stern wisdom and legendary side-eye. Ready for your chats.,getgems,goodies,assets/icons/nft-wg15tprz.webp
196,Valentine Boxes,telegram-gift,EQDjBdu3zS-JT94OwIup4KVNaQjxDzGcIPRJ24Ha0Y8jLw83,https://getgems.io/collection/EQDjBdu3zS-JT94OwIup4KVNaQjxDzGcIPRJ24Ha0Y8jLw83,30800,10.1,1300,4300,2025-07-24,first transaction of the collection contract,,,https://fragment.com/gifts/valentinebox,https://fragment.com/gifts/valentinebox,Valentine Boxes is an exclusive NFT collection by Telegram. Owners can showcase these unique NFTs in the Gifts section of their Telegram account and ‘wear’ them — displaying them next to their names and applying the gift’s unique style to personalize their profile page.,getgems,,assets/icons/nft-0y8jlw83.webp
197,Berry Boxes,telegram-gift,EQB4x3sT1DVdODzay3H-4VJIdOooS5-kTgyKcYMZWogPOsiq,https://getgems.io/collection/EQB4x3sT1DVdODzay3H-4VJIdOooS5-kTgyKcYMZWogPOsiq,30200,8.6,2000,8800,2025-01-23,first transaction of the collection contract,,,https://fragment.com/gifts/berrybox,https://fragment.com/gifts/berrybox,Berry Boxes is an exclusive NFT collection by Telegram. Owners can showcase these unique NFTs in the Gifts section of their Telegram account and ‘wear’ them — displaying them next to their names and applying the gift’s unique style to personalize their profile page.,getgems,,assets/icons/nft-wogposiq.webp
198,Pool Floats,telegram-gift,EQD1YFp12AGEgX6C3uiWh751EcRxPZo6GtBmHziY29jcbQzS,https://getgems.io/collection/EQD1YFp12AGEgX6C3uiWh751EcRxPZo6GtBmHziY29jcbQzS,29800,3.8,3800,14300,2026-04-06,first transaction of the collection contract,,,https://fragment.com/gifts/poolfloat,https://fragment.com/gifts/poolfloat,Pool Floats is an exclusive NFT collection by Telegram. Owners can showcase these unique NFTs in the Gifts section of their Telegram account and ‘wear’ them — displaying them next to their names and applying the gift’s unique style to personalize their profile page.,getgems,,assets/icons/nft-29jcbqzs.webp
199,Goodies Blindbox,collection,EQBx3kim4dNOwCZVw8_Vp3cYl9cWqnHAPudj4IQ_INmKuMGN,https://getgems.io/collection/EQBx3kim4dNOwCZVw8_Vp3cYl9cWqnHAPudj4IQ_INmKuMGN,29300,1.9,373,3300,2025-10-23,first transaction of the collection contract,https://t.me/goodies,https://x.com/goodies_tg,,,A mysterious blindbox containing unique stickers from the Goodies.,getgems,goodies,assets/icons/nft-inmkumgn.webp
200,Algorithm Cups,telegram-gift,EQAxH-fJES18s00vs9DAVcXg6Eabq9FF27-3MUsUdeW81s_d,https://getgems.io/collection/EQAxH-fJES18s00vs9DAVcXg6Eabq9FF27-3MUsUdeW81s_d,29300,2700,26,41,2026-09-02,first transaction of the collection contract,,,https://fragment.com/gifts/algorithmcup,https://fragment.com/gifts/algorithmcup,Algorithm Cups is an exclusive NFT collection by Telegram. Owners can showcase these unique NFTs in the Gifts section of their Telegram account and ‘wear’ them — displaying them next to their names and applying the gift’s unique style to personalize their profile page.,getgems,,assets/icons/nft-dew81s_d.webp
