category,rank,name,slug,status,on_map,native,evidence,telegram,bot,x,website,github,last_post,last_commit,reach_q3,views_q3,posts_q3,mau,metric,sources,description
exchanges,1,Binance,binance,active,1,0,telegram,https://t.me/binance_announcements,,,https://www.binance.com,,2026-09-30,,15838100,15838100,336,,,2025-07-ton defillama gramnews-q3-2026,
exchanges,2,Bybit,bybit,active,1,0,telegram,https://t.me/bybit_announcements,,,https://www.bybit.com,,2026-09-30,,2185296,2185296,580,,,2025-07-ton defillama gramnews-q3-2026 ton-society-ecosystem-map,
exchanges,3,OKX,okx,active,1,0,telegram,https://t.me/okxannouncements,,https://x.com/fintopio,https://www.okx.com,,,,552143,552143,229,,,2023-10-tonpost 2025-07-ton defillama gramnews-apps gramnews-q3-2026 ton.app,
exchanges,4,Bitget,bitget,active,1,0,telegram,https://t.me/bitget_announcements,,https://x.com/tonstonks,https://www.bitget.com,,,,8589099,8589099,677,,,2025-07-ton defillama gramnews-apps gramnews-q3-2026 ton.app,
exchanges,5,Coinbase,coinbase,active,1,0,gramnews,,,,https://www.coinbase.com,,,,,,,,,gramnews-q3-2026,
exchanges,6,Revolut,revolut,active,1,0,editor,,,,https://www.revolut.com,,,,,,,,,2025-07-ton gramnews-q3-2026,
exchanges,7,HTX,huobi,active,1,0,telegram,https://t.me/htx_announcements,,https://x.com/TobbotTon,https://www.htx.com,,,,865256,865256,177,,,2023-10-tonpost 2025-07-ton defillama gramnews-apps gramnews-q3-2026 ton-society-ecosystem-map ton.app,
exchanges,8,KuCoin,kucoin,active,1,0,telegram,https://t.me/kucoin_news,,https://x.com/KuCoinCom,https://www.kucoin.com,https://github.com/qutoncash,,2024-04-16,2043807,2043807,447,,,2023-10-tonpost 2025-07-ton defillama gramnews-apps gramnews-q3-2026 ton-society-ecosystem-map ton.app,
exchanges,9,MEXC,mexc-cex,active,1,0,telegram,https://t.me/mexcofficialnews,,https://x.com/thetonhub,https://www.mexc.com,,,,798319,798319,579,,,2025-07-ton defillama gramnews-apps gramnews-q3-2026 ton-society-ecosystem-map ton.app,
exchanges,10,bitFlyer,bitflyer,active,1,0,gramnews,,,,https://bitflyer.com,,,,,,,,,gramnews-q3-2026,
exchanges,11,wallex,wallex,active,1,0,telegram,https://t.me/wallexchange,,https://x.com/Wallex_ir,https://wallex.ir,https://github.com/wallexchange,2026-09-30,,1928330,1928330,148,,,dyor.io gramnews-apps gramnews-q3-2026 ton.app,
exchanges,12,اوکی اکسچنج,app-2,active,1,0,telegram,https://t.me/okexir,https://t.me/tonairdropfa_bot,https://x.com/okexir,https://ok-ex.io/,,,,1808778,1808778,265,,,dyor.io gramnews-apps gramnews-q3-2026 ton.app,
exchanges,13,Bitpin,bitpin,active,1,0,telegram,https://t.me/bitpin,,https://x.com/bitpinmarket,https://bitpin.ir/,,2026-09-29,,1435890,1435890,79,,,dyor.io gramnews-apps gramnews-q3-2026 ton.app,
exchanges,14,Swapster,swapster,active,1,0,telegram,https://t.me/swpstr,,https://x.com/swapsterteam,,,2026-09-30,,117311,117311,184,,,dyor.io gramnews-apps gramnews-q3-2026 ton-society-ecosystem-map ton.app,
exchanges,15,Bit2Me,bit2me,active,1,0,telegram,https://t.me/bit2me_es,,https://x.com/Bit2Me,https://www.bit2me.com,https://github.com/bit2me-devs,,2026-09-21,49942,49942,33,,,2023-10-tonpost gramnews-apps gramnews-q3-2026 ton-society-ecosystem-map ton.app,
exchanges,16,XCrypto,xcrypto,active,1,0,mau,https://t.me/xcryptoen,,,,,,,43464,,,43464,,dyor.io gramnews-apps gramnews-q3-2026 ton.app,
exchanges,17,StealthEX,stealthex,active,1,0,telegram,https://t.me/stealthex,,https://x.com/StealthEX_io,https://stealthex.io/?ref=y83bSWcwSs,,2026-09-29,,35383,35383,130,,,dyor.io gramnews-apps gramnews-q3-2026 ton.app,
exchanges,18,Quickex,quickex,active,1,0,telegram,https://t.me/quickex_en,,https://x.com/QuickEx_Tweets,https://quickex.io/?utm_source=tonapp,,2026-09-29,,33575,33575,155,,,gramnews-apps gramnews-q3-2026 ton.app,
exchanges,19,Exolix Exchange,exolix-exchange,active,1,0,telegram,https://t.me/exolixcom,,https://x.com/exolix_com,https://exolix.com/,,2026-09-29,,27690,27690,99,,,dyor.io gramnews-apps gramnews-q3-2026 ton.app,
exchanges,20,SwapSpace,swapspace,active,1,0,telegram,https://t.me/swapspace,,https://x.com/SwapSpaceCo,https://swapspace.co/,,2026-09-30,,16563,16563,120,,,gramnews-apps gramnews-q3-2026 ton.app,
exchanges,21,xKuCoin,xkucoin,active,1,0,mau,,,,,,,,11030,,,11030,,dyor.io gramnews-apps gramnews-q3-2026,
exchanges,22,FixedFloat,fixedfloat,active,1,0,telegram,https://t.me/fixedfloat,,https://x.com/fixedfloat,https://fixedfloat.com/,,2026-09-28,,10829,10829,17,,,gramnews-apps gramnews-q3-2026 ton.app,
exchanges,23,ChangeHero Bot,changehero-bot,active,1,0,telegram,https://t.me/chcryptonews,,https://x.com/Changehero_io,https://changehero.io,,2026-09-29,,10323,10323,151,,,dyor.io gramnews-apps gramnews-q3-2026 ton.app,A crypto exchange bot with no accounts required
exchanges,24,NAGA Everything Trading,naga-everything-trading,active,1,0,telegram,https://t.me/naga_everything_trading,,https://x.com/cedelabs,https://github.com/cedelabs/cede.store,,2026-09-29,,9496,9496,68,,,dyor.io gramnews-apps gramnews-q3-2026,
exchanges,25,Bitmit,bitmit,active,1,0,telegram,https://t.me/bitmit_co,,https://x.com/bitmit_co,https://bitmit.co/price/TON,,2026-09-24,,6187,6187,18,,,gramnews-apps gramnews-q3-2026 ton.app,
exchanges,26,LetsExchange.io,letsexchange-io,active,1,0,telegram,https://t.me/letsexchange_io,,https://x.com/letsexchange_io,https://letsexchange.io/,,2026-09-23,,5654,5654,69,,,dyor.io gramnews-apps gramnews-q3-2026 ton.app,Cryptocurrency exchange with a wide range of cryptocurrencies and networks.
exchanges,27,COYTX,coytx,active,1,0,telegram,https://t.me/coytx,,https://x.com/coytxcom,https://coytx.com,https://github.com/kir32232/coytx,2026-07-29,,5198,5198,5,,,dyor.io gramnews-apps gramnews-q3-2026 ton.app,
exchanges,28,Block Card Future,block-card-future,active,1,0,telegram,https://t.me/blockcard_bc,,https://x.com/BlockCardTON,,,2026-08-17,,4436,4436,4,,,2025-07-ton-cis-hub-q2 2025-ton-cis-hub dyor.io gramnews-apps gramnews-q3-2026 ton.app,
exchanges,29,CrystalTrade,crystaltrade,active,1,0,telegram,https://t.me/crystaltradeorg,,https://x.com/crystaltradeorg,https://crystal-trade.org/,,2026-09-30,,3816,3816,119,,,gramnews-apps gramnews-q3-2026 ton.app,CrystalTrade Crypto Exchange.
exchanges,30,Dex-Trade,dex-trade,active,1,0,telegram,https://t.me/dex_trade,,https://x.com/dextrade_,https://dex-trade.com/,,2026-08-17,,3300,3300,2,,,gramnews-apps gramnews-q3-2026 ton.app,
exchanges,31,Xgram,xgram,active,1,0,telegram,https://t.me/xgram_io,,https://x.com/xgram_io,https://xgram.io/,,2026-09-17,,1116,1116,15,,,dyor.io gramnews-apps gramnews-q3-2026 ton.app,Xgram is a service for fast and secure cryptocurrency exchange.
exchanges,32,AlwaysMoney Exchange,alwaysmoney-exchange,active,1,0,telegram,https://t.me/alwaysmoneyorg,,https://x.com/AlwaysMoneyOrg,https://alwaysmoney.org/,,,,934,934,99,,,gramnews-apps gramnews-q3-2026 ton.app,
exchanges,33,CoinCraddle,coincraddle,active,1,0,telegram,https://t.me/coincraddle_en,,https://x.com/coincraddle,https://coincraddle.com/,,2026-09-22,,363,363,6,,,dyor.io gramnews-apps gramnews-q3-2026 ton.app,CoinCraddle — crypto exchange without registration
exchanges,34,TONBANKCARD Exchange,tonbankcard-exchange,active,1,0,telegram,https://t.me/tonbankcard,,https://x.com/tonbankcard,https://exchange.tonbankcard.com,https://github.com/xlabtg,2026-08-28,2026-09-28,254,254,4,,,dyor.io gramnews-apps gramnews-q3-2026 ton.app,TONBANKCARD – crypto exchange in Telegram
exchanges,35,Explace,explace,active,1,0,telegram,https://t.me/explaceio,,https://x.com/Explaceio,https://explace.io/,,,,198,198,4,,,gramnews-apps gramnews-q3-2026 ton.app,
exchanges,36,Bitstorage,bitstorage,active,1,0,telegram,https://t.me/bitstoragefinancechannel,,https://x.com/BitstorageFin,https://bitstorage.finance/,,2026-08-08,,14,14,1,,,gramnews-apps gramnews-q3-2026 ton.app,
exchanges,37,Gate,gate-io,active,1,0,editor,,,https://x.com/swapsterteam,https://www.gate.io,,,,,,,,,2025-07-ton defillama gramnews-apps gramnews-q3-2026 ton-society-ecosystem-map ton.app,
exchanges,38,WhiteBIT,whitebit,active,1,0,editor,https://t.me/whitebit,,,https://whitebit.com,,,,,,,,,2025-07-ton gramnews-q3-2026,
exchanges,39,BingX,bingx,active,0,,,,,https://x.com/BingXOfficial,https://bingx.com,,,,,,,,,2025-07-ton defillama,Empowering Traders. Elevate your crypto trading game at BingX.
exchanges,40,Bitunix,bitunix,active,0,,,,,https://x.com/BitunixOfficial,https://www.bitunix.com,,,,,,,,,defillama,"Global Crypto Derivatives Exchange. Better Liquidity, Better Trading"
exchanges,41,BloFin,blofin,active,0,,,,,https://x.com/BloFin_Official,https://blofin.com,,,,,,,,,defillama,"Trade with Next-gen Experience, Profit from Functioning Strategies, and Keep Your Crypto Safe."
exchanges,42,HashKey Exchange,hashkey-exchange,active,0,,,,,https://x.com/HashKeyExchange,https://www.hashkey.com,,,,,,,,,2025-07-ton defillama,HashKey Exchange is a centralized cryptocurrency exchange established in 2018 and is registered in Hong Kong.
exchanges,43,LeveX,levex,active,0,,,,,https://x.com/LeveX,https://levex.com/en/assets/proof-of-reserve,,,,,,,,,defillama,LeveX is a centralized crypto exchange offering both spot and leveraged futures trading with integrated social trading features and multi-position management tools for traders.
exchanges,44,SwissBorg,swissborg,active,0,,,,,https://x.com/swissborg,https://swissborg.com,,,,,,,,,defillama,Making crypto wealth management accessible to everyone.
exchanges,45,WEEX,weex,active,0,,,,,https://x.com/WEEX_Official,https://www.weex.com/,,,,,,,,,defillama,"WEEX is a global cryptocurrency trading platform founded in 2018, serving users in 150+ countries. It offers spot and futures trading across thousands of pairs, including futures markets with leverage"
exchanges,46,HunteX,huntex,quiet,0,,,https://t.me/Rezzky_HunteX,https://t.me/HuntexBot,https://x.com/huntex_bot,https://huntex.io/,,,,,,,13067,,dyor.io gramnews-apps ton.app,
exchanges,47,Nominex Exchange App,nominex-exchange-app,quiet,0,,,https://t.me/NominexExchange,https://t.me/nominex_exchange_bot,https://x.com/NominexExchange,https://nominex.io,,,,,,,10730,,dyor.io gramnews-apps,
exchanges,48,LimeCoin,limecoin,quiet,0,,,,https://t.me/officiallimecoinbot,,https://limecoin.notion.site/LimeCoin-e66eb3a9cd124102a7617d6d939851d6?pvs=4,,,,,,,10557,,dyor.io gramnews-apps,
exchanges,49,LumaCoin,lumacoin,quiet,0,,,https://t.me/lumacoin,https://t.me/lumacoinbot,https://x.com/lumacoin,,,,,,,,10129,,dyor.io gramnews-apps,
exchanges,50,FinchPay,finchpay,quiet,0,,,https://t.me/FinchPay_io,https://t.me/finchpaybot,https://x.com/FinchPay_io,https://finchpay.io/,,,,,,,734,,dyor.io gramnews-apps ton-society-ecosystem-map ton.app,"FinchPay — buy crypto with a bank card, no KYC up to 500 EUR"
exchanges,51,UStars 💫,ustars,quiet,0,,,https://t.me/UStars_update,https://t.me/UStars_bot,https://x.com/UStars_exchange,,,,,,,,178,,gramnews-apps ton.app,
exchanges,52,90Rich,90rich,quiet,0,,,https://t.me/Channel_90Rich,https://t.me/app_90rich_bot,https://x.com/rich90492056,https://web.90rich.com,,,,,,,,,gramnews-apps ton.app,
exchanges,53,Arkham Exchange,arkham-exchange,quiet,0,,,,,https://x.com/ArkhamIntel,https://arkm.com/,,,,,,,,,2025-07-ton defillama,Arkham is a centralized cryptocurrency exchange offering both Spot & Perps and is incorporated in the Dominican Republic
exchanges,54,Azbit,azbit,quiet,0,,,https://t.me/NFT_Market_HYBRA,https://t.me/TON_NFT_Market_HYBRA_bot,,https://azbit.com,,,,,,,,,gramnews-apps ton.app,
exchanges,55,Biconomy.com,biconomy-com,quiet,0,,,https://t.me/Biconomycom,,https://x.com/BiconomyCom,https://www.biconomy.com/en,,,,,,,,,gramnews-apps ton.app,
exchanges,56,BIT,bit,quiet,0,,,https://t.me/storm_trade_news,https://t.me/StormTradeBot,https://x.com/BITofficial_EN,https://www.bit.com,,,,,,,,,2023-10-tonpost 2025-07-ton gramnews-apps ton.app,
exchanges,57,BitcoinVN,bitcoinvn,quiet,0,,,,,https://x.com/bitcoinvn_io,https://bitcoinvn.io,,,,,,,,,gramnews-apps ton.app,
exchanges,58,Bitkub,bitkub,quiet,0,,,,,https://x.com/BitkubOfficial,https://www.bitkub.com/,,,,,,,,,defillama,"No.1 licensed bitcoin exchange in Thailand that offers services to individuals who intend to buy, sell cryptocurrency"
exchanges,59,Bitpapa,bitpapa,quiet,0,,,,https://t.me/memefun_tradingbot,https://x.com/ton_meme_trader,https://bitpapa.com,,,,,,,,,gramnews-apps ton.app,
exchanges,60,BYDFi,bydfi,quiet,0,,,https://t.me/tonpreseller_bot,,,https://www.bydfi.com/,,,,,,,,,gramnews-apps ton.app,
exchanges,61,CoinEx,coinex,quiet,0,,,,,,https://www.coinex.com/,,,,,,,,,gramnews-apps ton.app,
exchanges,62,Cryptobotex,cryptobotex,quiet,0,,,https://t.me/multikassa_channel,https://t.me/multikassa_bot,,,,,,,,,,,gramnews-apps ton.app,
exchanges,63,CryptoGas.shop,cryptogas-shop,quiet,0,,,,,,https://cryptogas.shop/ton?ref=37027482,,,,,,,,,gramnews-apps ton.app,
exchanges,64,DigiFinex,digifinex,quiet,0,,,https://t.me/TgStarStore_bot,https://t.me/StarStore_app,,https://www.digifinex.com,,,,,,,,,gramnews-apps ton.app,
exchanges,65,Dualcoin,dualcoin,quiet,0,,,,https://t.me/notgram_game_bot,,https://dualcoin.io/en,,,,,,,,,dyor.io gramnews-apps ton.app,
exchanges,66,DW: Toncoin Buy&Sell,dw-toncoin-buy-sell,quiet,0,,,https://t.me/TokenInfinity,https://t.me/DW_tonbot,,,,,,,,,,,dyor.io gramnews-apps ton.app,
exchanges,67,DXS: Trade The World,dxs-trade-the-world,quiet,0,,,https://t.me/dxsapp,,https://x.com/DXSapp,https://dxs.app,,,,,,,,,gramnews-apps ton.app,
exchanges,68,Excoino,excoino,quiet,0,,,https://t.me/excoino,https://t.me/tonbuytechbot,https://x.com/excoino,https://excoino.com,,,,,,,,,dyor.io gramnews-apps ton.app,
exchanges,69,EXMO,exmo,quiet,0,,,https://t.me/exmome_official,https://t.me/GrinderyAIBot,https://x.com/grindery_io,https://exmo.me/trade/ton_usdt,https://github.com/grindery-io,,2025-11-27,,,,,,defillama gramnews-apps ton.app,
exchanges,70,Flipster,flipster,quiet,0,,,,,https://x.com/flipster_io,https://flipster.io,,,,,,,,,defillama,"Flipster has a wide selection of over 300 perpetual futures listings, including Bitcoin (BTC) and Ethereum (ETH), that can be traded with leverage of up to 100x."
exchanges,71,LBank Exchange,lbank-exchange,quiet,0,,,https://t.me/nexabitHQ,https://t.me/NexaBit_Tap_bot,https://x.com/nexabitHQ,https://www.lbank.com/trade/ton_usdt/,,,,,,,,,gramnews-apps ton.app,
exchanges,72,Matrixport,matrixport,quiet,0,,,https://t.me/tondocsign_bot,,https://x.com/BITofficial_EN,https://www.matrixport.com/,,,,,,,,,2023-10-tonpost gramnews-apps ton.app,
exchanges,73,MyStars.tg,mystars-tg,quiet,0,,,https://t.me/my_stars_tg_bot,https://t.me/mystarstg_official,https://x.com/MyStars_tg,https://mystars.tg,https://github.com/mystars-tg,,2026-09-24,,,,,,gramnews-apps ton.app,"Buy Telegram Stars and Premium with TON/USDT, no KYC"
exchanges,74,NovaDax,novadax,quiet,0,,,https://t.me/livehub_to,,https://x.com/livehub_to,https://www.novadax.com.br/product/orderbook?pair=TON_BRL,,,,,,,,,gramnews-apps ton.app,
exchanges,75,Onmeta,onmeta,quiet,0,,,https://t.me/onmetatg,https://t.me/puparty_bot,https://x.com/onmetahq,https://onmeta.in/,https://github.com/onmetahq,,2026-02-16,,,,,,dyor.io gramnews-apps ton-society-ecosystem-map ton.app,
exchanges,76,Onramp,onramp,quiet,0,,,,,,https://onramp.money/main/buy/?appId=1&coinCode=ton,,,,,,,,,2025-07-ton gramnews-apps ton-society-ecosystem-map ton.app,
exchanges,77,Optsnap Trading,optsnap-trading,quiet,0,,,https://t.me/opt_snap,https://t.me/optsnap_bot,https://x.com/BoinkersIO,https://optsnap.com/,,,,,,,,,dyor.io gramnews-apps ton.app,
exchanges,78,OSL Exchange,osl-exchange,quiet,0,,,,,https://x.com/OSL_HK,https://www.osl.com/en,,,,,,,,,defillama,"OSL Digital Securities is Hong Kong’s first and most established SFC-licensed and insured digital asset exchange. Operating since 2018, the platform provides institutional-grade digital asset services"
exchanges,79,SimpleSwap,simpleswap,quiet,0,,,https://t.me/raskrutichannel,https://t.me/ErzyNetWebBot,,https://simpleswap.io/?utm_source=tonapp&utm_medium=portal&utm_campaign=exchange,,,,,,,,,gramnews-apps ton.app,
exchanges,80,StarStore,starstore,quiet,0,,,https://t.me/TgStarStore_bot,https://t.me/StarStore_app,,https://starstore.app/,,,,,,,,,gramnews-apps ton.app,
exchanges,81,Starz Market,starz-market,quiet,0,,,https://t.me/StarzMarketNews,https://t.me/StarzMarketBot,,https://durovs.com,,,,,,,,,gramnews-apps ton.app,A bot for buying and selling Telegram Stars
exchanges,82,Websea,websea,quiet,0,,,,,https://x.com/webseaofficial,https://www.websea.com/,,,,,,,,,defillama,"Websea provides a comprehensive suite of trading and financial products, including Spot Trading, Futures Trading, Standard Copy Trading"
exchanges,83,Neocrypto,neocrypto,closed,0,,,https://t.me/cryptoviewerton_bot,https://t.me/cryptoviewerton,,https://neocrypto.net,,,,,,,,,2023-10-tonpost gramnews-apps ton.app,
custodial,1,@Walt,wallet,active,1,1,telegram+gramnews,https://t.me/walt_news,https://t.me/walt,https://x.com/architec_ton,https://walt.app,,,,7962500,7962500,63,,,2023-10-tonpost 2024-06-dwf-ventures 2024-06-ton-degen 2025-07-ton dyor.io gramnews-apps gramnews-feed gramnews-q3-2026 ton-society-ecosystem-map ton.app,"Crypto wallet for sending and buying USDT, gold, bitcoin, and other tokens."
custodial,2,@Send,crypto-bot,active,1,1,telegram+mau,https://t.me/cryptobotru,https://t.me/send,https://x.com/CryptoBotHQ,,https://github.com/cryptopay-dev,2026-09-04,2026-09-30,1518100,1518100,19,1444523,,2023-10-tonpost 2024-06-dwf-ventures 2024-06-ton-degen 2025-07-ton 2025-ton-cis-hub dyor.io gramnews-apps gramnews-q3-2026 ton-society-ecosystem-map ton.app,"Crypto Bot is a wallet for buying, selling, and storing cryptocurrency in Telegram."
custodial,3,@XRocket,xrocket,active,1,1,telegram+mau,https://t.me/xrocketnews,https://t.me/xrocket,https://x.com/xRocket_tg,,,2026-09-25,,515111,114980,17,515111,,2023-10-tonpost 2025-07-ton 2025-07-ton-cis-hub-q2 2025-ton-cis-hub dyor.io gramnews-apps gramnews-q3-2026 ton-society-ecosystem-map ton.app,xRocket is a wallet and crypto exchange inside Telegram
custodial,4,Spell Wallet,spell-wallet,active,1,1,telegram,https://t.me/spell_wallet,,,,,2026-08-01,,211400,211400,9,,,2025-07-ton 2025-07-ton-cis-hub-q2 2025-ton-cis-hub gramnews-q3-2026,
custodial,5,Cwallet,cwallet,active,1,0,mau,https://t.me/cctipnews,,https://x.com/Cwalletofficial,https://cwallet.com/,,,,34727,,,34727,,dyor.io gramnews-apps gramnews-q3-2026 ton-society-ecosystem-map ton.app,Cwallet is a crypto wallet for managing and swapping over 800 assets.
wallets,1,Gram Wallet,gram-wallet,active,1,1,gramnews,,,,,,,,,,,,,gramnews-apps gramnews-feed gramnews-q3-2026 ton-society-ecosystem-map,"A non-custodial Gram wallet built into Telegram itself: the owner holds the keys, and transfers happen right in chats."
wallets,2,Keeper,tonkeeper,active,1,1,telegram+mau,https://t.me/keeper_en,,https://x.com/tonkeeper,https://tonkeeper.page.link/LFgS,https://github.com/tonkeeper/tonkeeper-web,,2026-08-07,3759699,3759699,50,33840,,2023-10-tonpost 2024-06-dwf-ventures 2024-06-ton-degen 2025-07-ton 2026-05-messari awesome-ton dyor.io gramnews-apps gramnews-feed gramnews-q3-2026 ton-society-ecosystem-map ton.app,Tonkeeper is a wallet. It allows managing TON and contacting support.
wallets,3,My Wallet,mytonwallet,active,1,1,telegram,https://t.me/mywalleteng,,https://x.com/mywallet_io,https://mytonwallet.io,https://github.com/mytonwalletorg,,2026-02-17,201400,201400,36,,,2023-10-tonpost 2024-06-dwf-ventures 2024-06-ton-degen 2025-07-ton 2025-07-ton-cis-hub-q2 2025-ton-cis-hub 2026-05-messari dyor.io gramnews-apps gramnews-feed gramnews-q3-2026 ton-society-ecosystem-map ton.app,
wallets,4,Tonhub,tonhub-w,active,1,1,editor,https://t.me/tonhub,https://t.me/jettonvotebot,https://x.com/whalescorp,https://tonhub.com/dl,,,,,,,,,2023-10-tonpost 2024-06-dwf-ventures 2025-07-ton 2026-05-messari gramnews-apps gramnews-q3-2026 ton.app,
wallets,5,Trust Wallet,trust-wallet,active,1,0,telegram,https://t.me/trust_announcements,,https://x.com/trustwallet,https://trustwallet.com,https://github.com/trustwallet,,2026-10-01,1356700,1356700,13,,,2023-10-tonpost 2025-07-ton gramnews-apps gramnews-q3-2026 ton-society-ecosystem-map ton.app,
wallets,6,Bitget Wallet,bitget-wallet,active,1,0,mau,https://t.me/bitget_wallet,,https://x.com/BitgetWallet,https://web3.bitget.com/,https://github.com/bitgetwallet/download,,2025-12-11,33646,,,33646,,dyor.io gramnews-apps gramnews-q3-2026 ton.app,Bitget Wallet is a crypto wallet for everyday finance.
wallets,7,OKX Wallet,okx-wallet,active,1,0,editor,,,,https://web3.okx.com,,,,,,,,,gramnews-q3-2026,
wallets,8,Binance Wallet,binance-wallet,active,1,0,editor,,,,https://www.binance.com/en/web3wallet,,,,,,,,,gramnews-q3-2026,
wallets,9,Bybit Wallet,bybit-wallet,active,1,0,editor,,,,https://www.bybit.com/en/web3,,,,,,,,,gramnews-q3-2026,
wallets,10,SafePal,safepal,active,1,0,telegram,https://t.me/safepal_official,,https://x.com/SafePal,https://www.safepal.com,https://github.com/SafePalWallet,,2026-07-15,109250,109250,26,,,2023-10-tonpost 2025-07-ton gramnews-apps gramnews-q3-2026 ton-society-ecosystem-map ton.app,
wallets,11,Tangem,tangem,active,1,0,telegram,https://t.me/tangem,,,https://tangem.com,https://github.com/tangem,2026-09-30,2026-09-30,326520,326520,61,,,2025-07-ton gramnews-q3-2026 ton-society-ecosystem-map,
wallets,12,Ledger,ledger,active,1,0,editor,,,,https://www.ledger.com,,,,,,,,,2025-07-ton gramnews-q3-2026,
wallets,13,TokenPocket,tokenpocket,active,1,0,telegram,https://t.me/tokenpocket_channel,,https://x.com/TokenPocket_TP,https://www.tokenpocket.pro/,https://github.com/TP-Lab,2026-09-30,2026-10-01,117781,117781,113,,,dyor.io gramnews-apps gramnews-q3-2026 ton.app,
wallets,14,Coin98,coin98-super-wallet,active,1,0,telegram,https://t.me/coin98wallet,,https://x.com/coin98_wallet,https://coin98.com/,https://github.com/TP-Lab,2026-09-25,2026-10-01,33053,33053,38,,,2025-07-ton dyor.io gramnews-apps gramnews-q3-2026 ton-society-ecosystem-map ton.app,
wallets,15,Wallet Agent,wallet-agent,active,1,1,telegram+editor,https://t.me/wallet_agent,,,,,2026-09-12,,408,408,4,,,gramnews-q3-2026,
wallets,16,Architect.ton,architect-ton,active,0,,telegram,https://t.me/architecton_tech,https://t.me/architec_ton_bot,https://x.com/architec_ton,https://architecton.tech,,2026-09-30,,179226,179226,184,11079,,dyor.io gramnews-apps ton.app,Architec.Ton — a wallet with an app catalog on the TON blockchain
wallets,17,UXUY Wallet,uxuy-wallet,active,0,,mau,,https://t.me/uxuybot,https://x.com/uxuycom,https://uxuy.com/join/QvJWU08ydoo,https://github.com/uxuycom,,2026-09-14,25052,,,25052,,dyor.io gramnews-apps,UXUY Wallet is a multi-chain wallet with trading and earning features.
wallets,18,Gem Wallet,gem-wallet,active,0,,telegram,https://t.me/gemwallet,https://t.me/deguardvpn_bot,https://x.com/GemWalletApp,https://gemwallet.com,https://github.com/gemwalletcom,2026-09-30,2026-10-01,16783,16783,24,,,dyor.io gramnews-apps ton-society-ecosystem-map ton.app,
wallets,19,Bits,bits,active,0,,mau,,https://t.me/bitstonboxbot,https://x.com/bits_tonbox,,,,,10684,,,10684,,dyor.io gramnews-apps,
wallets,20,GasPump,gaspump-1,active,0,,market,https://t.me/gaspump_tv,https://t.me/gasPump_bot,https://x.com/gaspump_tv,https://gaspump.tg,,,,,,,10681,TVL $35K,2025-07-ton 2026-05-messari defillama dyor.io gramnews-apps ton-society-ecosystem-map,
wallets,21,Walletium,walletium,active,0,,,https://t.me/walletium,https://t.me/walletiumbot,https://x.com/walletium_web3,https://walletium.net,,,,3334,,,3334,,dyor.io gramnews-apps,A crypto and stablecoin wallet in Telegram
wallets,22,Gem,gem,active,0,,telegram,https://t.me/GemHQ,https://t.me/gembot,https://x.com/GEMofTON,https://gem.bot,,2026-09-23,,431,431,1,10745,,dyor.io gramnews-apps,
wallets,23,Orniton,orniton,active,0,,telegram,https://t.me/ornitonwallet,https://t.me/Ornitonbot,https://x.com/ornitonwallet,https://orniton.org,https://github.com/unlimadev/Orniton,2026-09-21,2025-05-15,401,401,8,,,dyor.io gramnews-apps ton.app,Orniton — TON wallet with NFT auto-buy and sell features
wallets,24,Tomo Wallet,tomo-wallet,quiet,0,,,,https://t.me/tomowalletbot,https://x.com/tomo_wallet,,,,,,,,128664,,dyor.io gramnews-apps,Tomo Wallet — a wallet for TON tokens
wallets,25,Spintria Wallet,spintria-wallet,quiet,0,,,,https://t.me/spintria_wallet_bot,,,,,,,,,61181,,dyor.io gramnews-apps,Spintria Wallet is a wallet for managing your assets.
wallets,26,Xeno Network,xeno-network,quiet,0,,,https://t.me/xenonetworkio,https://t.me/xenonetwork_bot,,,,,,,,,13486,,dyor.io gramnews-apps,
wallets,27,Tonflix Wallet,tonflix-wallet,quiet,0,,,,https://t.me/tonflixwallet_bot,,,,,,,,,12656,,dyor.io gramnews-apps,
wallets,28,water bot,water-bot,quiet,0,,,https://t.me/water_ton,https://t.me/water_ton_bot,,,,,,,,,11285,,dyor.io gramnews-apps,
wallets,29,NOTAI,notai,quiet,0,,,https://t.me/CryptoRivieraNews,https://t.me/notai_app_bot,https://x.com/CryptoRivieraAI,https://cryptoriviera-2xng.onrender.com/,,,,,,,11178,,dyor.io gramnews-apps,
wallets,30,Blue,blue,quiet,0,,,,https://t.me/bluefarming_bot,,,,,,,,,10390,,dyor.io gramnews-apps,
wallets,31,TryTON Wallet,tryton-wallet,quiet,0,,,,https://t.me/trytonwalletbot,,,,,,,,,10269,,dyor.io gramnews-apps,
wallets,32,BOOL BOT,bool-bot,quiet,0,,,,https://t.me/boolfamily_bot,,,,,,,,,10168,,dyor.io gramnews-apps,
wallets,33,Pixel Wallet,pixel-wallet,quiet,0,,,,https://t.me/pixel_wallet_bot,https://x.com/hellopixelverse,,,,,,,,10090,TVL $8K,2024-06-ton-degen defillama dyor.io gramnews-apps,
wallets,34,Pluto Top,pluto-top,quiet,0,,,,https://t.me/plutotopupbot,,,,,,,,,10071,,dyor.io gramnews-apps,
wallets,35,Walbi,walbi,quiet,0,,,,https://t.me/walbi_ala_bot,https://x.com/whalescorp,,,,,,,,10059,,dyor.io gramnews-apps,
wallets,36,Wave Wallet,wave-wallet,quiet,0,,,https://t.me/wave_announcements,https://t.me/waveonsuibot,https://x.com/WaveOnSui,,,,,,,,10033,,dyor.io gramnews-apps,
wallets,37,Sky Rocket,sky-rocket,quiet,0,,,https://t.me/skyrocket2024,https://t.me/skyrockettopbot,https://x.com/kriptomir2024,https://kriptomir.io/,,,,,,,10011,,dyor.io gramnews-apps,
wallets,38,CodexField Wallet,codexfield-wallet,quiet,0,,,,https://t.me/codexfieldbot,,,,,,,,,10007,,dyor.io gramnews-apps,
wallets,39,xJetSwap,xjetswap,quiet,0,,,https://t.me/xjetnews,https://t.me/xjetswapbot,,,,,,,,,5220,,dyor.io gramnews-apps,
wallets,40,Telenova,telenova,quiet,0,,,,https://t.me/telenova_app_bot,,,,,,,,,2890,,dyor.io gramnews-apps,
wallets,41,MoneyTab,moneytab,quiet,0,,,,https://t.me/moneytabbot,,,,,,,,,1399,,dyor.io gramnews-apps,
wallets,42,Ammer Wallet,ammer-wallet-2,quiet,0,,,,https://t.me/ammer_wallet_bot,,,,,,,,,664,,dyor.io gramnews-apps,
wallets,43,Bpay,bpay,quiet,0,,,https://t.me/bpay_official_channel,https://t.me/bpay_coin_bot,,,,,,,,,659,,dyor.io gramnews-apps,
wallets,44,GHOST,ghost,quiet,0,,,,https://t.me/ghost_web3_bot,,,,,,,,,581,,dyor.io gramnews-apps,
wallets,45,BeraSig Wallet,berasig-wallet,quiet,0,,,,https://t.me/berasigwallet_bot,,,,,,,,,493,,dyor.io gramnews-apps,
wallets,46,DPXWallet,dpxwallet,quiet,0,,,,https://t.me/dpxwalletbot,,,,,,,,,142,,dyor.io gramnews-apps,
wallets,47,Ammer Wallet,ammer-wallet,quiet,0,,,,,,https://ammer.app,,,,,,,,,gramnews-apps ton.app,
wallets,48,Bivreost Wallet,bivreost-wallet,quiet,0,,,https://t.me/bivreost,https://t.me/bivreost_bot,https://x.com/Tools_MiniApps,,,,,,,,,,dyor.io gramnews-apps,
wallets,49,Coin Wallet,coin-wallet,quiet,0,,,,https://t.me/attackdetectorbot,https://x.com/CoinAppWallet,https://coin.space/,https://github.com/CoinSpace/CoinSpace,,2026-09-29,,,,,,dyor.io gramnews-apps ton.app,
wallets,50,Cropty Wallet,cropty-wallet,quiet,0,,,https://t.me/croptywallet,https://t.me/CroptyBot,https://x.com/cropty_app,https://www.cropty.io,,,,,,,,,dyor.io gramnews-apps ton.app,Cropty Wallet — multi-chain wallet with free transfers between users
wallets,51,Crypto 👛 Wallet,crypto-wallet,quiet,0,,,https://t.me/wallet_crypto_io,https://t.me/cryptouser_bot,,https://w-crypto.io,,,,,,,,,gramnews-apps ton.app,
wallets,52,Defexa,defexa,quiet,0,,,https://t.me/defexa,https://t.me/walletiumbot,https://x.com/DefexaCrypto,https://defexa.io,,,,,,,,,dyor.io gramnews-apps ton.app,
wallets,53,DeWallet,dewallet,quiet,0,,,https://t.me/delab,https://t.me/delabtonbot,https://x.com/PurrFund,https://chrome.google.com/webstore/detail/dewallet/pnccjgokhbnggghddhahcnaopgeipafg,,,,,,,,,gramnews-apps ton.app,DeWallet — a wallet for managing cryptocurrencies and NFTs
wallets,54,DOGENANCE,dogenance,quiet,0,,,https://t.me/clarnium,https://t.me/ClarniumGame_bot,https://x.com/clarnium_io,,,,,,,,,,gramnews-apps ton.app,
wallets,55,HN wallet,hn-wallet,quiet,0,,,https://t.me/HN_Wallet_bot,,,,,,,,,,,,gramnews-apps ton.app,
wallets,56,KaiOS Wallet,kaios-wallet,quiet,0,,,https://t.me/vinayakkalra,,,,https://github.com/kaifoundry/ton-kaios-wallet,,2023-09-26,,,,,,ton-society-ecosystem-map,
wallets,57,MathWallet,mathwallet,quiet,0,,,https://t.me/mathwalletnews,https://t.me/TonPadXbot,https://x.com/MathWallet,https://mathwallet.org/,https://github.com/mathwallet,,2026-04-23,,,,,,2025-07-ton dyor.io gramnews-apps ton.app,
wallets,58,Matrix Wallet,matrix-wallet,quiet,0,,,,https://t.me/MatrixWalletBot,https://x.com/rangersprotocol,https://,https://github.com/rangersprotocolcode,,2025-07-28,,,,,,dyor.io gramnews-apps ton.app,
wallets,59,Mixin Messenger,mixin-messenger,quiet,0,,,https://t.me/bulksender,,https://x.com/TokenBulksender,https://mixin.one/messenger,,,,,,,,,gramnews-apps ton-society-ecosystem-map ton.app,
wallets,60,MixinBot,mixinbot,quiet,0,,,https://t.me/gemztrade,https://t.me/GemzTradeBot,https://x.com/GemzTrade,,,,,,,,,,gramnews-apps ton.app,
wallets,61,Moai Smart wallet for Ethereum L2s,moai-smart-wallet-for-ethereum-l2s,quiet,0,,,https://t.me/moaicash,https://t.me/moaicash_bot,,,,,,,,,,,dyor.io gramnews-apps,
wallets,62,notonbot,notonbot,quiet,0,,,,https://t.me/notonoffice_bot,https://x.com/noton_tap,,,,,,,,,,dyor.io gramnews-apps,
wallets,63,ONTO Wallet,onto-wallet,quiet,0,,,https://t.me/ONTOWallet,,https://x.com/ONTOWallet,https://onto.app/,https://github.com/ontio/ontology,,2026-09-02,,,,,,gramnews-apps ton.app,
wallets,64,OpenMask,openmask,quiet,0,,,https://t.me/CryptoMind_TON_BOT,,,https://chrome.google.com/webstore/detail/openmask/penjlddjkjgpnkllboccdgccekpkcbin?utm_source=openmask,,,,,,,,,2025-07-ton 2026-05-messari gramnews-apps ton.app,
wallets,65,OpenMask,openmask-2,quiet,0,,,https://t.me/openproduct,https://t.me/memejump_bot,https://x.com/openmask_wallet,https://github.com/openproduct/openmask-extension,https://github.com/fluidicon.png,,,,,,,,dyor.io gramnews-apps ton-society-ecosystem-map,
wallets,66,OpenShield,openshield,quiet,0,,,https://t.me/ShieldFoundation,https://t.me/OpenShieldBot,,,,,,,,,,,dyor.io gramnews-apps ton.app,
wallets,67,Paybis Wallet,paybis-wallet,quiet,0,,,,https://t.me/paybis_crypto_exchange_bot,https://x.com/paybis,https://paybis.com/?utm_source=TonApp&utm_medium=Wallets_lisitng&utm_campaign=website,,,,,,,,,dyor.io gramnews-apps ton.app,Paybis Wallet — cryptocurrency wallet
wallets,68,Rustex,rustex,quiet,0,,,https://t.me/tondnsweb3,https://t.me/rustexappbot,,,,,,,,,,,dyor.io gramnews-apps,
wallets,69,Scaleton,scaleton,quiet,0,,,,,,https://explorer.scaleton.io/connect,,,,,,,,,2023-10-tonpost gramnews-apps ton.app,
wallets,70,Sender,sender,quiet,0,,,,https://t.me/HuntexBot,https://x.com/huntex_bot,https://chrome.google.com/webstore/detail/sender-wallet/epapihdplajcdnnkdeiahlgigofloibg?utm_source=chrome-ntp-icon,,,,,,,,,2023-10-tonpost 2025-07-ton gramnews-apps ton.app,
wallets,71,TON Punks Bot,tonpunksbot,quiet,0,,,https://t.me/punkton,https://t.me/tonpunksbot,,https://tonpunks.org,,,,,,,,,2023-10-tonpost gramnews-apps,TON Punks Bot is a bot for managing $PUNK and $TON tokens on the TON blockchain.
wallets,72,TonDevWallet,tondevwallet,quiet,0,,,,https://t.me/kitongame_bot,https://x.com/KiTon_Gaming,https://github.com/TonDevWallet/TonDevWallet,https://github.com/TonDevWallet/TonDevWallet,,2026-06-13,,,,,,awesome-ton dyor.io gramnews-apps ton.app,
wallets,73,Tonflow Wallet,tonflow-wallet,quiet,0,,,https://t.me/tonflow_community,,https://x.com/itonflow,https://tonflow.app,https://github.com/tonflow,,2025-03-20,,,,,,gramnews-apps ton.app,
wallets,74,Tonkey,tonkey,quiet,0,,,https://t.me/tonkeyapp,,https://x.com/TonkeyApp,,https://github.com/tonkey-app,,2024-11-05,,,,,,2025-07-ton ton-society-ecosystem-map,
wallets,75,Tonspack,tonspack,quiet,0,,,https://t.me/tonspays,https://t.me/tonspack_bot,https://x.com/tonspack,https://tonspack.com/,https://github.com/tonspay,,2025-06-23,,,,,,gramnews-apps ton.app,
wallets,76,Top Wallets,top-wallets,quiet,0,,,https://t.me/top_wallets,,,,https://github.com/AlexGor-dev/Top-Wallets,,2023-06-08,,,,,,ton-society-ecosystem-map,
wallets,77,vaniton,vaniton,quiet,0,,,https://t.me/beast_crypto_news,https://t.me/BeastWalletBot,,https://github.com/AntonMeep/vaniton,https://github.com/fluidicon.png,,,,,,,,awesome-ton gramnews-apps ton.app,
wallets,78,Wallet Explorer,wallet-explorer,quiet,0,,,https://t.me/TonsOfFriends_Ann,https://t.me/toftechbot,https://x.com/TonsOfFriends,,,,,,,,,,gramnews-apps ton-society-ecosystem-map ton.app,
wallets,79,xJetSwapBot,xjetswapbot,quiet,0,,,https://t.me/Basic_reality_bot,https://t.me/basic_reality_chat,,,,,,,,,,,2023-10-tonpost gramnews-apps ton-society-ecosystem-map ton.app,
wallets,80,XTON crypto wallet,xton-crypto-wallet,quiet,0,,,https://t.me/tonoracle_app,https://t.me/tonoracle_bot,,https://xtonwallet.com/,,,,,,,,,gramnews-apps ton.app,
wallets,81,XTON Wallet,xton-wallet,quiet,0,,,https://t.me/xtonwallet,,,,https://github.com/xtonwallet/web-extension,,2023-11-18,,,,,,2024-06-ton-degen ton-society-ecosystem-map,
wallets,82,Fintopio,fintopio,closed,0,,,https://t.me/fintopionews,https://t.me/fintopio,https://x.com/fintopio,https://fintopio.com/,,,,,,,,,2025-07-ton dyor.io gramnews-apps ton.app,
wallets,83,GetTON,getton,closed,0,,,https://t.me/gettonapp_bot,,,https://getton.app,,,,,,,,,2025-ton-cis-hub gramnews-apps ton.app,
dex,1,STON.fi,ston-fi,active,1,1,telegram,https://t.me/stonfidex,,https://x.com/ston_fi,https://ston.fi,https://github.com/ston-fi,2026-09-30,2026-09-30,424646,424646,84,,,2023-10-tonpost 2024-06-dwf-ventures 2024-06-ton-degen 2025-07-ton 2026-05-messari defillama dyor.io gramnews-apps gramnews-feed gramnews-q3-2026 ton-society-ecosystem-map ton.app,"STON.fi — swap tokens across TON, EVM, and TRON in one interface"
dex,2,STON.fi Bot,stonfi-bot,active,1,1,telegram+mau,https://t.me/stonfidex,,https://x.com/ston_fi,https://app.ston.fi,https://github.com/ston-fi,2026-09-30,2026-09-30,424646,424646,84,26723,,gramnews-apps gramnews-q3-2026,
dex,3,DeDust,dedust-io,active,1,1,x,https://t.me/dedust_en,,https://x.com/dedust_io,https://dedust.io,https://github.com/dedust-io,,2026-05-07,12600,,,,,2023-10-tonpost 2024-06-dwf-ventures 2024-06-ton-degen 2025-07-ton 2026-05-messari defillama dyor.io gramnews-apps gramnews-q3-2026 ton-society-ecosystem-map ton.app,Decentralized exchange on TON
dex,4,swap.coffee,swap-coffee,active,1,1,telegram,https://t.me/swap_coffee,,https://x.com/swap_coffee_ton,https://swap.coffee/dex,,2026-08-12,,4210,4210,1,,,2025-07-ton defillama dyor.io gramnews-apps gramnews-q3-2026 ton.app,
dex,5,TONCO,tonco,active,1,1,telegram,https://t.me/tonco_io,,https://x.com/tonco_io,https://tonco.io,https://github.com/cryptoalgebra/tonco-demo,2026-09-17,2026-08-03,2425,2425,5,,,2023-10-tonpost 2025-07-ton 2025-ton-cis-hub 2026-05-messari defillama dyor.io gramnews-apps gramnews-q3-2026 ton-society-ecosystem-map ton.app,TONCO — a decentralized exchange on TON with concentrated liquidity
dex,6,Torch Finance,torch,active,1,1,editor,,https://t.me/torch_finance_bot,,https://torch.finance,https://github.com/torch-core,,2026-06-30,,,,,,2025-07-ton 2026-05-messari defillama dyor.io gramnews-apps gramnews-q3-2026 ton-society-ecosystem-map,
dex,7,Megaton Finance,megaton,active,1,1,editor,,,,https://megaton.fi,https://github.com/megaton-fi,,2023-03-03,,,,,,2023-10-tonpost 2024-06-dwf-ventures 2024-06-ton-degen 2026-05-messari defillama dyor.io gramnews-apps gramnews-q3-2026 ton-society-ecosystem-map ton.app,
dex,8,CoffinMeme,coffinmeme-jqsnmp,active,0,,market,https://t.me/coffin_en,https://t.me/memecoffin_bot,,https://coffin.meme,,,,,,,113356,TVL $23K,defillama dyor.io gramnews-apps,"CoffinMeme is a mini app for fighting ""shitcoins"" on TON."
dex,9,TON Hedge,ton-hedge,active,0,,market,https://t.me/ton_hedge,https://t.me/ton_hedge_bot,https://x.com/tonhedge,,,,,,,,10801,TVL $25K,2025-07-ton 2025-07-ton-cis-hub-q2 2025-ton-cis-hub defillama dyor.io gramnews-apps ton-society-ecosystem-map ton.app,
dex,10,Simple swap,simple-swap,active,0,,telegram,https://t.me/just_a_simple_coin,https://t.me/SwapSCBot,https://x.com/SimpleCoin_Move,https://simple-coin.xyz/,,2026-07-07,,251,251,1,,,dyor.io gramnews-apps,
dex,11,Rebor,rebor,active,0,,telegram,https://t.me/ReborCoin,https://t.me/ReborCoinBot,https://x.com/Reborcoin,https://rebor.xyz,,2026-07-10,,6,6,1,282072,,gramnews-apps ton.app,Rebor is a bot for trading tokens on a decentralized exchange.
dex,12,Bidask,bidask,active,0,,market,https://t.me/bidask,https://t.me/bidask_protocol_bot,https://x.com/BidaskProtocol,https://bidask.finance/,,,,,,,,TVL $97K,2025-07-ton 2025-07-ton-cis-hub-q2 2025-ton-cis-hub 2026-05-messari defillama dyor.io gramnews-apps ton.app,Bidask – a decentralized exchange on TON for token trading and liquidity provision
dex,13,Tegro Finance,tegro-finance,active,0,,market,,,https://x.com/TegroDEX,,,,,,,,,TVL $13K,defillama,TegroFinance - A next evolution DeFi exchange on The Open Network (TON).
dex,14,Rainbow.ag,rainbow-ag,quiet,0,,,https://t.me/rainbow_swap,https://t.me/rainbow_swap_bot,https://x.com/rainbow_swap,https://rainbow.ag/,https://github.com/0xblackbot/rainbow-swap,,2026-09-17,,,,138685,,2025-07-ton dyor.io gramnews-apps ton-society-ecosystem-map ton.app,Rainbow.ag - a swap aggregator on TON using GRAM.
dex,15,Titan,titan,quiet,0,,,https://t.me/TitanTrading,https://t.me/TitanTradeBot,https://x.com/titanaggregator,https://titan.tg/,https://github.com/titan-tg,,2025-01-16,,,,30137,,2025-07-ton defillama dyor.io gramnews-apps ton.app,Titan is a decentralized exchange for token swaps on the TON network.
dex,16,Unibot V2,unibot-v2,quiet,0,,,,https://t.me/unibotsniper_bot,,,,,,,,,16298,,dyor.io gramnews-apps,
dex,17,SnapX,snapx,quiet,0,,,https://t.me/SnapX_official,https://t.me/snapx_prod_bot,https://x.com/snapx_co,https://snapx.co/en,https://github.com/snapx-co,,,,,,14388,,dyor.io gramnews-apps ton.app,
dex,18,ChainCrops,chaincrops,quiet,0,,,,https://t.me/chaincrops_bot,,https://traffic.adsgram.ai/campaigns,,,,,,,11803,,dyor.io gramnews-apps,
dex,19,Graph,graph,quiet,0,,,,https://t.me/graph_dex_bot,https://x.com/gramsbet,https://terminal.graphdex.io/sol/pulse,,,,,,,11511,,dyor.io gramnews-apps,Graph — a trading terminal for digital assets on Solana
dex,20,Gain Bot,gain-bot,quiet,0,,,,https://t.me/the_gain_bot,https://x.com/uniton_official,,,,,,,,10739,,dyor.io gramnews-apps,
dex,21,Bitrall,bitrall,quiet,0,,,,https://t.me/bitrall_bot,,,,,,,,,10258,,dyor.io gramnews-apps,
dex,22,Alton Trader,alton-trader,quiet,0,,,,https://t.me/altontraderbot,https://x.com/TradeAlton,,,,,,,,10125,,dyor.io gramnews-apps,
dex,23,Alpha Dex,alpha-dex,quiet,0,,,https://t.me/hotonnear,https://t.me/alpha_web3_bot,https://x.com/hotdao_,,,,,,,,10112,,dyor.io gramnews-apps,
dex,24,Electra App,electra-app,quiet,0,,,https://t.me/electra_channel,https://t.me/electraappbot,https://x.com/ElectraTrade,https://electra.trade,,,,,,,10052,TVL $9K,defillama dyor.io gramnews-apps,
dex,25,Vanilla Finance,vanilla-finance,quiet,0,,,,https://t.me/vanilla_finance_bot,,,,,,,,,10042,,dyor.io gramnews-apps,
dex,26,Joker Swap,joker-swap,quiet,0,,,,https://t.me/jokerswapbot,https://x.com/joker__swap,,,,,,,,10014,,dyor.io gramnews-apps,
dex,27,VitooCoin,vitoocoin,quiet,0,,,,https://t.me/vitoocoinbot,,,,,,,,,4341,,dyor.io gramnews-apps,
dex,28,Kibble Exchange,kibble-exchange,quiet,0,,,https://t.me/KibbleAnnouncement,https://t.me/KibbleExchangeBot,https://x.com/KibbleExchange,https://app.kibble.exchange/,https://github.com/KibbleExchange/kibble-mini-app,,,,,,3354,,dyor.io gramnews-apps ton.app,
dex,29,DEX BOOSTER GOLD,dex-booster-gold,quiet,0,,,,https://t.me/dex_booster_bot,,,,,,,,,1964,,dyor.io gramnews-apps,
dex,30,ION Finance,ion-finance,quiet,0,,,https://t.me/IONFINANCE_OFFICIAL,https://t.me/ion_finance_bot,https://x.com/Ion_Finance,https://ionfi.xyz/,https://github.com/ion-finance,,2025-07-09,,,,708,,2024-06-dwf-ventures 2024-06-ton-degen dyor.io gramnews-apps ton-society-ecosystem-map ton.app,
dex,31,xAurum BTC DCA,xaurum-btc-dca,quiet,0,,,,https://t.me/xaurumbot,,,,,,,,,243,,dyor.io gramnews-apps,
dex,32,MyTonSwap,mytonswap,quiet,0,,,https://t.me/MyTonSwap,https://t.me/MyTonSwap_bot,https://x.com/MyTonSwap,https://mytonswap.com,,,,,,,239,,2025-07-ton dyor.io gramnews-apps ton.app,
dex,33,Exchangel,exchangel,quiet,0,,,,https://t.me/exchangel_bot,https://x.com/onmetahq,,,,,,,,87,,dyor.io gramnews-apps,
dex,34,Capital DEX,capital-dex,quiet,0,,,https://t.me/TONPlanets,https://t.me/TONPlanetsBot,https://x.com/curio_invest,https://capitaldex.exchange,https://github.com/CurioTeam,,2026-07-20,,,,,,dyor.io gramnews-apps,
dex,35,Crouton Finance,crouton-finance,quiet,0,,,,,https://x.com/croutonfi,,,,,,,,,,defillama,"Crouton is a decentralized exchange (DEX) and automated market maker (AMM) on TON, designed for the efficient trading of stablecoins and pegged assets."
dex,36,Crypton Buy Bot,crypton-buy-bot,quiet,0,,,,https://t.me/CryptonBuyBot,https://x.com/thetonhub,https://crypton.tools,,,,,,,,,dyor.io gramnews-apps ton.app,Crypton Buy Bot — tool for buying tokens on the TON blockchain
dex,37,Crypton Super Bot,crypton-super-bot,quiet,0,,,,https://t.me/CryptonSuperbot,,https://crypton.tools,,,,,,,,,gramnews-apps ton.app,Crypton Super Bot — trading bot for the TON blockchain
dex,38,CryptoRiviera,cryptoriviera,quiet,0,,,https://t.me/CryptoRivieraNews,https://t.me/Crypto_Riviera_bot,https://x.com/CryptoRivieraAI,https://cryptoriviera-2xng.onrender.com/,,,,,,,,,2025-ton-cis-hub dyor.io gramnews-apps,
dex,39,DeFi Canvas,defi-canvas,quiet,0,,,,https://t.me/deficanvasbot,,,,,,,,,,,2025-07-ton-cis-hub-q2 2025-ton-cis-hub,
dex,40,Dodo,dodo,quiet,0,,,,,,https://app.dodoex.io/?from=ton&to=USDC,https://github.com/DODOEX,,2026-09-28,,,,,,2023-10-tonpost gramnews-apps ton-society-ecosystem-map ton.app,
dex,41,dYdX,dydx,quiet,0,,,,https://t.me/radar_tg_bot,https://x.com/dydx,https://dYdX.trade,,,,,,,,,dyor.io gramnews-apps ton.app,
dex,42,EXTON,exton,quiet,0,,,https://t.me/exton_orders,https://t.me/EXTON_SWAP_BOT,https://x.com/depinsim,,,,,,,,,,dyor.io gramnews-apps ton.app,
dex,43,LoneToken CABOT,lonetoken-cabot,quiet,0,,,,https://t.me/lonetokencabot,https://x.com/TokenLone,,,,,,,,,,dyor.io gramnews-apps,
dex,44,MARS DEX,mars-dex,quiet,0,,,https://t.me/TONPlanets,https://t.me/TONPlanetsBot,https://x.com/TonPlanets,https://mars.tonplanets.com/en/dex/?from=TON&to=EQAL6e1UNPFksn8198qOD6KICnplw6f9cMIFuQW3xV9ld3Ro,,,,,,,,,2025-07-ton dyor.io gramnews-apps ton.app,MARS DEX — marketplace for trading resources on Mars
dex,45,Memeboost,memeboost,quiet,0,,,https://t.me/MemeBoost_app,https://t.me/meme_boost_bot,https://x.com/MemeBoostBot,,,,,,,,,,dyor.io gramnews-apps,
dex,46,Moon.cx,moon-cx,quiet,0,,,https://t.me/mooncx_ru,,,https://moon.cx/,,,,,,,,,2025-07-ton dyor.io gramnews-apps,
dex,47,Nomiswap,nomiswap,quiet,0,,,https://t.me/Lucky_Draw_Master,https://t.me/LuckyDrawMasterBot,https://x.com/mogifts312,https://nomiswap.io/swap?outputCurrency=0x76A797A59Ba2C17726896976B7B3747BfD1d220f,https://github.com/nominex,,2023-04-21,,,,,,2023-10-tonpost gramnews-apps ton-society-ecosystem-map ton.app,
dex,48,PancakeSwap,pancakeswap,quiet,0,,,,https://t.me/xrocket,,https://pancakeswap.finance/swap?outputcurrency=0x76a797a59ba2c17726896976b7b3747bfd1d220f,https://github.com/pancakeswap,,2026-10-01,,,,,,2023-10-tonpost gramnews-apps ton-society-ecosystem-map ton.app,
dex,49,PAPA CARLO BOT,papa-carlo-bot,quiet,0,,,https://t.me/papacarlotoken,https://t.me/papacarlobot_bot,https://x.com/PCtoken,https://papacarlo.tech,,,,,,,,,dyor.io gramnews-apps,
dex,50,Polkaswap DEX,polkaswap-dex,quiet,0,,,https://t.me/polkaswap,https://t.me/polkaswap_io_bot,https://x.com/polkaswap,https://polkaswap.io,https://github.com/sora-xor/polkaswap-exchange-web,,2026-10-01,,,,,,dyor.io gramnews-apps ton.app,
dex,51,Prebit.io,prebit-io,quiet,0,,,https://t.me/prebit,https://t.me/PrebitAuthBot,https://x.com/prebit_io,https://www.prebit.io,,,,,,,,,gramnews-apps ton.app,Prebit.io — a decentralized exchange for trading Bitcoin with leverage up to 1001×
dex,52,Snorter Bot,snorter-bot,quiet,0,,,,,,https://bs_6847cd65.medexa.care,,,,,,,,,gramnews-apps ton.app,
dex,53,Swap App,swap-app,quiet,0,,,https://t.me/swapapp_news,https://t.me/swapairbot,https://x.com/SwapAppTon,,,,,,,,,,dyor.io gramnews-apps,
dex,54,SwapSwop,swapswop,quiet,0,,,,,,https://swapswop.io/,,,,,,,,,gramnews-apps ton.app,
dex,55,The Gate,the-gate,quiet,0,,,,https://t.me/thegates_bot,https://x.com/TheGate562007,,,,,,,,,,2024-05-coin98-games dyor.io gramnews-apps,
dex,56,Trade TOKEN,trade-token,quiet,0,,,https://t.me/gumcoin,https://t.me/gumcoinBot,,https://gumcoin.org/,,,,,,,,,dyor.io gramnews-apps,
dex,57,Trading Bot,trading-bot,quiet,0,,,https://t.me/MyTonSwap,https://t.me/MyTonSwap_Trading_bot,https://x.com/MyTonSwap,https://mytonswap.com,,,,,,,,,dyor.io gramnews-apps ton.app,
dex,58,Uniswap,uniswap,quiet,0,,,https://t.me/ime_en,https://t.me/iMe_lime_bot,https://x.com/iMePlatform,https://app.uniswap.org/#/swap?outputcurrency=0x582d872a1b094fc48f5de31d3b73f2d9be47def1,,,,,,,,,2023-10-tonpost gramnews-apps ton.app,
dex,59,UpFin Trading Bot,upfin-trading-bot,quiet,0,,,https://t.me/upfin_bot,https://t.me/UpFinChannel,https://x.com/UpFinTrade,https://bit.ly/4lKLauS,,,,,,,,,gramnews-apps ton.app,
dex,60,UTYABSWAP,utyabswap,quiet,0,,,,https://t.me/utyabswapbot,,,,,,,,,,,2024-06-ton-degen,
dex,61,What Swap,what-swap,quiet,0,,,https://t.me/bigbangbusiness,https://t.me/what_swap_bot,https://x.com/bigbangdear,https://what-swap.vercel.app/,https://github.com/bigbanghere/what-swap,,2025-12-18,,,,,,dyor.io gramnews-apps ton.app,
dex,62,XBOT,xbot,quiet,0,,,,https://t.me/chainspyrobot,https://x.com/twinbyxbot,,,,,,,,,,dyor.io gramnews-apps,
dex,63,xDelta,xdelta,quiet,0,,,https://t.me/xdelta_bot,https://t.me/xdelta_finance,https://x.com/xdelta_finance,https://xdelta.fi/?utm_source=tonapp,,,,,,,,,gramnews-apps ton.app,
dex,64,TOB Bot,tob-bot,closed,0,,,https://t.me/tobtradingbot,https://t.me/tob_ton_trading_bot,https://x.com/TobbotTon,https://tobbot.io/,,,,,,,,,2024-06-ton-degen dyor.io gramnews-apps ton.app,
dex,65,TonTradingBot,tontradingbot,closed,0,,,https://t.me/tontradingbot_annoucement,https://t.me/tontrade,https://x.com/TonTradingBot,https://tontradingbot.com/,,,,,,,,,2024-06-ton-degen dyor.io gramnews-apps ton.app,
payments,1,Wallet Pay,wallet-pay,active,1,1,editor,,,,,,,,,,,,,2025-07-ton gramnews-q3-2026,
payments,2,@Tribute,tribute-2uz67w,active,1,1,telegram+mau,https://t.me/tributenewsen,https://t.me/tribute,,https://tribute.tg/,,2026-09-30,,1810033,141679,53,1810033,,2025-07-ton dyor.io gramnews-apps gramnews-q3-2026 ton-society-ecosystem-map,"A service for Telegram creators to monetize content through subscriptions, donations, and selling goods."
payments,3,Cryptomus,cryptomus,active,1,0,editor,,,https://x.com/cryptomus,https://cryptomus.com/,,,,,,,,,2025-07-ton gramnews-apps gramnews-q3-2026 ton.app,
payments,4,NOWPayments,nowpayments,active,1,0,editor,,,https://x.com/NOWPayments_io,https://nowpayments.io/,,,,,,,,,2025-07-ton gramnews-apps gramnews-q3-2026 ton.app,
payments,5,0xProcessing,0xprocessing,active,1,0,telegram,https://t.me/oxprocessing,,https://x.com/0Xprocessing,https://0xprocessing.com,,2026-09-29,,31253,31253,26,,,gramnews-apps gramnews-q3-2026 ton.app,
payments,6,Heleket,heleket,active,1,0,telegram,https://t.me/heleket,,,https://heleket.com,,2026-09-10,,5672,5672,5,,,gramnews-apps gramnews-q3-2026,"A payment gateway for accepting crypto, TON included, on a website or in a Telegram bot, with no customer sign-up."
payments,7,Antarctic Wallet,antarctic-wallet,active,1,1,mau+editor,,https://t.me/antarctic_wallet_bot,,,,,,154418,,,154418,,gramnews-q3-2026,
payments,8,Altyn Wallet,altyn-wallet,active,1,1,mau+editor,,https://t.me/altyn_wallet_bot,,,,,,83949,,,83949,,gramnews-q3-2026,
payments,9,@Hoton,hoton,active,1,1,editor,,https://t.me/hoton,,,,,,,,,,,gramnews-q3-2026,
payments,10,TON Pay,ton-pay,active,1,1,editor,https://t.me/tonpay_official,https://t.me/tonpay,https://x.com/TonPlanets,https://ton.org/en/pay,,,,,,,,,2026-05-messari dyor.io gramnews-apps gramnews-q3-2026 ton.app,
payments,11,xStocks,xstocks,active,1,0,editor,,,,https://xstocks.fi,,,,,,,,,2026-05-messari gramnews-q3-2026,
payments,12,Kolo Bot,kolo-bot,active,0,,telegram+mau,https://t.me/KoloAnn,https://t.me/kolo,https://x.com/KoloHub,https://kolo.bot/,,2026-09-07,,52130,52130,6,10081,,dyor.io gramnews-apps ton.app,
payments,13,HelperStars & Premium,helperstars-robot,active,0,,mau,,https://t.me/helperstars_robot,,,,,,16909,,,16909,,gramnews-apps,
payments,14,BFinance,bfinance,active,0,,telegram,https://t.me/bfinancepay,https://t.me/bfinancebot,https://x.com/bfinancepay,https://bfinance.space,,2026-09-17,,3320,3320,2,16410,,dyor.io gramnews-apps ton.app,
payments,15,CryptoChill,cryptochill,quiet,0,,,https://t.me/CryptoChillGateway,https://t.me/kingdomsurvivorgamebot,https://x.com/cryptochill,https://cryptochill.com,,,,,,,,,dyor.io gramnews-apps ton.app,
payments,16,DeCoupons,decoupons,quiet,0,,,https://t.me/delab,https://t.me/delabtonbot,,,,,,,,,,,gramnews-apps ton.app,
payments,17,DeDonate,dedonate,quiet,0,,,,https://t.me/delabtonbot,,,https://github.com/delab-team,,2025-12-09,,,,,,dyor.io gramnews-apps ton.app,
payments,18,Donate,donate,quiet,0,,,,https://t.me/donate,,,,,,,,,,,2023-10-tonpost,
payments,19,iVendPay,ivendpay,quiet,0,,,https://t.me/ivendpay,,https://x.com/ivendpay,,,,,,,,,,ton-society-ecosystem-map,
payments,20,LaFTon Bot,lafton-bot,quiet,0,,,https://t.me/LaFTonBot,https://t.me/LaFTon,https://x.com/laftonnews,,,,,,,,,,gramnews-apps ton.app,
payments,21,Moneton,moneton,quiet,0,,,https://t.me/moneton_bot,,,,,,,,,,,,ton-society-ecosystem-map,
payments,22,MugglePay,mugglepay,quiet,0,,,https://t.me/mugglechatbot,,https://x.com/paymuggle,,https://github.com/mugglepay,,2026-03-16,,,,,,ton-society-ecosystem-map,
payments,23,PassimPay,passimpay,quiet,0,,,https://t.me/PassimPayAPP_Bot,https://t.me/Passim_Pay,https://x.com/passimpay,https://passimpay.io/,https://github.com/Passimpay,,2026-09-29,,,,,,gramnews-apps ton.app,PassimPay – payment gateway for business
payments,24,PayCrypto.Global,paycrypto-global,quiet,0,,,,,https://x.com/paycryptoglobal,https://paycrypto.global,,,,,,,,,gramnews-apps ton.app,
payments,25,Payhook,payhook,quiet,0,,,https://t.me/BehLand_Official,https://t.me/BehLand_gp,https://x.com/BehLandOfficial,https://payhook.org,https://github.com/beh-land,,2026-09-09,,,,,,gramnews-apps ton.app,
payments,26,Play Wallet,play-wallet,quiet,0,,,https://t.me/playwallet_news,https://t.me/chatgalatone_bot,https://x.com/playwalletbot,https://www.playwallet.bot,,,,,,,,,2025-07-ton-cis-hub-q2 2025-ton-cis-hub dyor.io gramnews-apps ton.app,
payments,27,QuTON Cash (QTC),quton-cash-qtc,quiet,0,,,https://t.me/qutoncashchannel,https://t.me/simple_tap_bot,,https://qutoncash.org/,https://github.com/qutoncash,,2024-04-16,,,,,,dyor.io gramnews-apps ton.app,
payments,28,Seconds Market,seconds-market,quiet,0,,,https://t.me/Seconds_market_bot,https://t.me/Seconds_market,https://x.com/Seconds_Market,https://secondsmarket.store,,,,,,,,,gramnews-apps ton.app,A service for buying and selling Telegram Stars
payments,29,Swipelux,swipelux,quiet,0,,,https://t.me/alwaysmoney_sup,https://t.me/alwaysmoneyorg,https://x.com/AlwaysMoneyOrg,https://swipelux.com/?utm_source=tonapp&utm_medium=referral&utm_campaign=inbound,,,,,,,,,gramnews-apps ton.app,
payments,30,TON Fonates,ton-fonates,quiet,0,,,https://t.me/fonates,https://t.me/fonatesbot,https://x.com/ton_mochimonkey,https://fonates.com,https://github.com/orgs/Fonates,,,,,,,,dyor.io gramnews-apps ton.app,
payments,31,Tonation,tonation,quiet,0,,,https://t.me/tonationme,,https://x.com/tonationme,https://tonation.me/,,,,,,,,,gramnews-apps ton-society-ecosystem-map ton.app,
payments,32,TonoGram,tonogram,quiet,0,,,https://t.me/scam_detect_ru,https://t.me/scam_detectg_bot,,,,,,,,,,,gramnews-apps ton-society-ecosystem-map ton.app,
payments,33,Tonspay,tonspay,quiet,0,,,https://t.me/tonspays,https://t.me/tonspay_bot,https://x.com/tonsprotocols,https://www.tonspay.top/,https://github.com/tonspay,,2025-06-23,,,,,,dyor.io gramnews-apps ton.app,
payments,34,USDPay,usdpay,quiet,0,,,,,,https://usdpay.me/networks/ton,,,,,,,,,gramnews-apps ton.app,
payments,35,Wallet Bot,wallet-bot,quiet,0,,,https://t.me/apiton,https://t.me/apitonBot,,,,,,,,,,,gramnews-apps ton.app,
payments,36,Solo,solo,closed,0,,,https://t.me/solobank,https://t.me/solobankbot,https://x.com/The_StarAI,https://www.solo.bot,,,,,,,,,2025-07-ton-cis-hub-q2 2025-ton-cis-hub dyor.io gramnews-apps ton.app,
onramp,1,MoonPay,moonpay,active,1,0,gramnews,,,https://x.com/moonpay,https://www.moonpay.com,,,,,,,,,2025-07-ton gramnews-apps gramnews-q3-2026 ton.app,
onramp,2,Changelly,changelly,active,1,0,telegram,https://t.me/changelly,,https://x.com/excoino,https://apps.apple.com/us/app/crypto-exchange-buy-bitcoin/id1435140380,https://github.com/changelly,,2026-09-30,65195,65195,97,,,2025-07-ton gramnews-apps gramnews-q3-2026 ton-society-ecosystem-map ton.app,
onramp,3,ChangeNOW,changenow,active,1,0,gramnews,,,https://x.com/ChangeNOW,https://changenow.io,https://github.com/ChangeNow-io,,2021-09-06,,,,,,2025-07-ton 2026-05-messari gramnews-apps gramnews-q3-2026 ton-society-ecosystem-map ton.app,
onramp,4,Alchemy Pay,alchemy-pay,active,1,0,editor,,,,https://alchemypay.org,,,,,,,,,2025-07-ton gramnews-apps gramnews-q3-2026 ton-society-ecosystem-map ton.app,
onramp,5,Transak,transak,active,1,0,editor,,,,https://transak.com,,,,,,,,,gramnews-apps gramnews-q3-2026 ton.app,
onramp,6,Itez,itez,active,1,0,telegram,https://t.me/itezofficial,,https://x.com/Itezofficial,https://itez.com/,,2026-09-29,,2119,2119,110,,,2025-07-ton gramnews-apps gramnews-q3-2026 ton.app,
onramp,7,MultiKassa Bot,multikassa-bot,active,1,1,telegram,https://t.me/multikassa_channel,,https://x.com/multikassa,https://multikassa.com/,,2026-09-21,,64,64,1,,,gramnews-apps gramnews-q3-2026 ton.app,MultiKassa bot lets you exchange cash rubles for cryptocurrency
onramp,8,Mercuryo,mercuryo,active,1,0,editor,,,,https://mercuryo.io,,,,,,,,,2023-10-tonpost 2025-07-ton 2026-05-messari gramnews-apps gramnews-feed gramnews-q3-2026 ton.app,
onramp,9,Avanchange,avanchange,quiet,0,,,,https://t.me/avanchange_bot,,,,,,,,,,,2025-07-ton,
onramp,10,HoudiniSwap,houdiniswap,quiet,0,,,,https://t.me/houdiniswap_bot,,,,,,,,,,,2026-05-messari,
onramp,11,Transack,transack,quiet,0,,,https://t.me/transakfinance,,https://x.com/transak,,https://github.com/Transak,,2026-08-26,,,,,,ton-society-ecosystem-map,
infra,1,Telegram,telegram,active,1,1,telegram+editor,https://t.me/telegram,,,https://telegram.org,,2026-08-26,,14690000,14690000,11,,,2023-10-tonpost 2024-06-ton-degen 2025-07-ton 2025-07-ton-cis-hub-q2 2025-ton-cis-hub 2026-05-messari gramnews-q3-2026,
infra,2,Fragment,fragment-7kzxik,active,1,1,editor+gramnews,,,,https://fragment.com,,,,,,,,,2023-10-tonpost 2025-07-ton 2026-05-messari dyor.io gramnews-apps gramnews-feed gramnews-q3-2026,
infra,3,TON Core,toncore,active,1,1,telegram,https://t.me/toncore,,,https://ton.org,,2026-09-23,,44750,44750,12,,,2025-07-ton gramnews-q3-2026,
infra,4,Acton,acton,active,1,1,telegram+editor+gramnews,https://t.me/theopentooling,,,https://ton-blockchain.github.io/acton/,https://github.com/ton-blockchain/acton,,2026-09-30,4217,4217,5,,,gramnews-apps gramnews-q3-2026,"A unified command-line toolchain for TON smart contracts in Tolk — project setup, tests, debugging, deployment and verification."
infra,5,Tolk,tolk,active,1,1,editor,https://t.me/tolk_lang,,,https://docs.ton.org/v3/documentation/smart-contracts/tolk/overview,,,,,,,,,2026-05-messari gramnews-q3-2026,
infra,6,Pyth,pyth,active,1,0,editor,,,,https://www.pyth.network,,,,,,,,,2025-07-ton 2026-05-messari gramnews-q3-2026,
infra,7,RedStone,redstone-o,active,1,0,editor,,,,https://www.redstone.finance,https://github.com/redstone-finance,,2026-10-01,,,,,,2025-07-ton 2026-05-messari gramnews-apps gramnews-q3-2026 ton-society-ecosystem-map,"A modular oracle delivering data for DeFi to EVM and non-EVM chains, TON included."
infra,8,TON Multisig,ton-multisig,active,1,1,site,,,,https://multisig.ton.org,,,,,,,,,gramnews-q3-2026,
infra,9,TON Developers,ton-developers,active,1,1,gramnews,https://t.me/tondevs_tg,,,,,,,,,,,,gramnews-q3-2026,
infra,10,FunC,func,active,1,1,editor,,,,https://docs.ton.org/v3/documentation/smart-contracts/func/overview,,,,,,,,,gramnews-q3-2026,
infra,11,Tact,tact,active,1,1,editor,,,,https://tact-lang.org,,,,,,,,,awesome-ton gramnews-q3-2026,
infra,12,Blueprint,blueprint,active,1,1,editor,,,,https://github.com/ton-org/blueprint,,,,,,,,,2023-10-tonpost awesome-ton gramnews-q3-2026,
infra,13,Toncenter,toncenter,active,1,1,telegram,https://t.me/toncenter_news,,,https://toncenter.com,https://github.com/toncenter/ton-http-api,2026-09-17,2026-07-27,15845,15845,4,,,2025-07-ton awesome-ton gramnews-q3-2026 ton-society-ecosystem-map,
infra,14,TonAPI,ton-console,active,1,1,telegram,https://t.me/tonconsole_com,https://t.me/Grokholders_bot,https://x.com/Grokton,https://tonconsole.com,https://github.com/tonkeeper,2026-09-09,2026-10-01,6892,6892,5,,,2023-10-tonpost 2025-07-ton awesome-ton gramnews-apps gramnews-q3-2026 ton-society-ecosystem-map ton.app,
infra,15,TON Connect,ton-connect,active,1,1,gramnews,,,,https://github.com/ton-connect,,,,,,,,,2023-10-tonpost 2025-07-ton 2026-05-messari awesome-ton gramnews-q3-2026,
infra,16,Wallet Connect,walletconnect,active,1,0,gramnews,,,,https://walletconnect.network,,,,,,,,,gramnews-q3-2026,
infra,17,TON DNS,ton-dns,active,1,1,editor,,,,https://dns.ton.org,https://github.com/ton-blockchain,,2026-10-01,,,,,,2023-10-tonpost 2024-06-ton-degen 2025-07-ton dyor.io gramnews-apps gramnews-feed gramnews-q3-2026 ton-society-ecosystem-map,
infra,18,TON Storage,ton-storage,active,1,1,editor,,,,https://docs.ton.org/v3/guidelines/web3/ton-storage/storage-daemon,,,,,,,,,2025-07-ton 2026-05-messari gramnews-q3-2026,
infra,19,MyTonCtrl,mytonctrl,active,1,1,editor,,,,https://github.com/ton-blockchain/mytonctrl,,,,,,,,,2023-10-tonpost 2025-07-ton gramnews-q3-2026,
infra,20,TON Verifier,ton-verifier,active,1,1,gramnews,,,https://x.com/LevelQFinance,https://verifier.ton.org,https://github.com/ton-blockchain/verifier,,2026-09-15,,,,,,2023-10-tonpost 2025-07-ton gramnews-apps gramnews-feed gramnews-q3-2026 ton-society-ecosystem-map ton.app,
infra,21,Cocoon,cocoon,active,1,1,site+gramnews,https://t.me/cocoon,,,https://cocoon.doge.tg,,,,,,,,,2026-05-messari gramnews-apps gramnews-q3-2026,"A decentralized network for confidential AI inference — GPU owners are paid in TON for processing requests, and Telegram is named as its first major customer."
infra,22,DTON GraphQL,dton-graphql,active,0,,github,https://t.me/tvorogme,,,,https://github.com/disintar,,2026-09-28,,,,,,awesome-ton ton-society-ecosystem-map,
infra,23,NOWNodes,nownodes,active,0,,github,https://t.me/nownodes,,https://x.com/NowNodes,,https://github.com/NOWNodes,,2026-09-30,,,,,,ton-society-ecosystem-map,
infra,24,TON Access,ton-access,active,0,,github,https://t.me/orbsnetwork,,https://x.com/orbs_network,,https://github.com/orbs-network,,2026-10-01,,,,,,ton-society-ecosystem-map,
infra,25,BotFather,botfather,quiet,0,,,,https://t.me/botfather,,,,,,,,,,,2026-05-messari,
infra,26,GetBlock,getblock,quiet,0,,,https://t.me/getblockio_eng,,https://x.com/getblockio,,,,,,,,,,2025-07-ton ton-society-ecosystem-map,
infra,27,TON Console (TonAPI),ton-console-tonapi,quiet,0,,,https://t.me/tonrostislav,,,,https://github.com/tonkeeper/tonapi,,2023-06-01,,,,,,ton-society-ecosystem-map,
infra,28,TON Foundation,ton-foundation,quiet,0,,,https://t.me/tonfoundation,,,,,,,,,,,,2026-05-messari,
infra,29,TON Search Engine,ton-search-engine,quiet,0,,,https://t.me/runner_ton,,https://x.com/TonxStudio,,,,,,,,,,ton-society-ecosystem-map,
infra,30,TON Torrents,ton-torrents,quiet,0,,,https://t.me/tonrh,,,,https://github.com/xssnick/TON-Torrent,,2025-09-01,,,,,,ton-society-ecosystem-map,
devtools,1,TonTon Games,tonton-games,active,0,,telegram,https://t.me/tikitons,,,,,2026-08-31,,24732,24732,21,,,2025-07-ton,
devtools,2,Durev Bot,durev-bot,active,0,,telegram,https://t.me/poveldurev,https://t.me/durevrobot,https://x.com/poveldurev,https://dedust.io/swap/TON/DUREV,,2026-08-14,,16160,16160,4,,,dyor.io gramnews-apps ton-society-ecosystem-map,
devtools,3,FolioTrade,foliotrade,active,0,,telegram,https://t.me/foliostack,https://t.me/FolioTradeBot,,https://trade.foliostack.net,,2026-08-15,,57,57,4,,,dyor.io gramnews-apps,Automated crypto trading bot
devtools,4,Chainbase Network,chainbase-network,active,0,,github,,https://t.me/the_rocket_bot,https://x.com/ChainbaseHQ,https://chainbase.com,https://github.com/chainbase-labs,,2026-09-16,,,,,,dyor.io gramnews-apps ton.app,
devtools,5,IntelliJ Idea plugin,intellij-idea-plugin,active,0,,github,https://t.me/actiqapp,https://t.me/actiquest_bot,https://x.com/actiqapp,https://plugins.jetbrains.com/plugin/23382-ton,https://github.com/actiquest-dev,,2026-08-27,,,,,,2023-10-tonpost gramnews-apps ton.app,
devtools,6,Minter,minter,active,0,,gramnews,https://t.me/moonpacket_bot,https://t.me/moonpacketchat,https://x.com/mooniniofficial,https://minter.ton.org,,,,,,,,,gramnews-apps gramnews-feed ton.app,
devtools,7,nessshon/tonutils,nessshon-tonutils,active,0,,github,,,,,https://github.com/nessshon/tonutils,,2026-09-02,,,,,,awesome-ton,High-level SDK and toolkit.
devtools,8,Orbs,orbs,active,0,,github,,,https://x.com/orbs_network,https://www.orbs.com,https://github.com/orbs-network,,2026-10-01,,,,,,2024-06-dwf-ventures 2025-07-ton gramnews-apps ton.app,
devtools,9,Softstack,softstack,active,0,,github,,,https://x.com/softstackHQ,https://softstack.io,https://github.com/softstack,,2026-09-29,,,,,,gramnews-apps ton.app,
devtools,10,tact.vim,tact-vim,active,0,,github,,,,,https://github.com/tact-lang/tact.vim,,2026-07-08,,,,,,awesome-ton,Vim 8+ plugin.
devtools,11,TON Testnet Faucet,ton-testnet-faucet,active,0,,github,,,https://x.com/TonxStudio,https://ton.run/#/faucet,https://github.com/awesome-doge,,2026-10-01,,,,,,dyor.io gramnews-apps ton.app,
devtools,12,tonlib-rs,tonlib-rs,active,0,,github,,,,,https://github.com/ston-fi/tonlib-rs,,2026-08-12,,,,,,awesome-ton,Rust SDK for TON.
devtools,13,tonutils/tonconnect,tonutils-tonconnect,active,0,,github,,,,,https://github.com/nessshon/tonutils,,2026-09-02,,,,,,awesome-ton,Python SDK for TON Connect.
devtools,14,xssnick/tonutils-go,xssnick-tonutils-go,active,0,,github,,,,,https://github.com/xssnick/tonutils-go,,2026-10-01,,,,,,awesome-ton,Comprehensive Go SDK.
devtools,15,yungwine/pytoniq,yungwine-pytoniq,active,0,,github,,,,,https://github.com/yungwine/pytoniq,,2026-10-01,,,,,,awesome-ton,SDK with LiteClient and TLB.
devtools,16,Grid TON,grid-ton,quiet,0,,,,https://t.me/gridton_bot,,,,,,,,,14326,,dyor.io gramnews-apps,
devtools,17,TONChemy,tonchemy,quiet,0,,,,https://t.me/tonchemybot,,,,,,,,,10756,,dyor.io gramnews-apps,
devtools,18,TapUp,tapup,quiet,0,,,,https://t.me/tapup_bot,https://x.com/tapup_tg,,,,,,,,10738,,dyor.io gramnews-apps,
devtools,19,DECODE UR SEED,decode-ur-seed,quiet,0,,,,https://t.me/decodeseedbot,,,,,,,,,10529,,dyor.io gramnews-apps,
devtools,20,Shuttle,shuttle,quiet,0,,,https://t.me/Shuttle_ads,https://t.me/shuttle_ton_bot,,,,,,,,,10071,,dyor.io gramnews-apps,
devtools,21,TonBubble,tonbubble,quiet,0,,,,https://t.me/tonbubblebot,,,,,,,,,8894,,dyor.io gramnews-apps,
devtools,22,The Wall Street,the-wall-street,quiet,0,,,https://t.me/the_wallstreet_news,https://t.me/the_wallstreet_bot,,,,,,,,,5192,,dyor.io gramnews-apps,
devtools,23,Tonano,tonano,quiet,0,,,https://t.me/tonanoOfficial,https://t.me/tonanobot,https://x.com/Ton_scription,https://tonano.io/,,,,,,,1093,,dyor.io gramnews-apps ton-society-ecosystem-map,
devtools,24,To The Moon,to-the-moon,quiet,0,,,https://t.me/utyablack,https://t.me/moon_land_bot,https://x.com/moonplay_games,https://moonplay.io,,,,,,,947,,dyor.io gramnews-apps,
devtools,25,8XR,8xr,quiet,0,,,https://t.me/gam8s,,https://x.com/8xr_engine,,,,,,,,,,2023-10-tonpost ton-society-ecosystem-map,
devtools,26,@tonconnect/sdk,tonconnect-sdk,quiet,0,,,,,,https://www.npmjs.com/package/@tonconnect/sdk,,,,,,,,,awesome-ton,JavaScript SDK for TON Connect 2.0.
devtools,27,Adradar,adradar,quiet,0,,,https://t.me/adradar_xyz,,https://x.com/adradar_xyz,https://adradar.xyz,,,,,,,,,gramnews-apps ton.app,
devtools,28,Anonymous Numbers Market Analytics,anonymous-numbers-market-analytics,quiet,0,,,,,,,https://github.com/qpwedev/anonymous-numbers-market-analytics,,2023-11-02,,,,,,awesome-ton,Fragment market statistics.
devtools,29,Apps Father,apps-father,quiet,0,,,https://t.me/apps_father_bot,https://t.me/apps_father,https://x.com/AppsFather,https://apps-father.com/,,,,,,,,,gramnews-apps ton.app,Apps Father — AI tool to build Telegram Mini Apps without code
devtools,30,Blockchain Network Visualizer,blockchain-network-visualizer,quiet,0,,,,,,,https://github.com/qpwedev/blockchain-network-visualizer,,2023-05-23,,,,,,awesome-ton,Network visualization tool.
devtools,31,C#/tonconnect,c-tonconnect,quiet,0,,,,,,,https://github.com/continuation-team/TonSdk.NET,,2025-08-19,,,,,,awesome-ton,C# SDK for TON Connect.
devtools,32,Chainstack,chainstack,quiet,0,,,,,,https://chainstack.com/build-better-with-ton/,,,,,,,,,awesome-ton,Managed RPC nodes with geo balancing.
devtools,33,Chainstack TON Faucet,chainstack-ton-faucet,quiet,0,,,,,,https://faucet.chainstack.com/ton-testnet-faucet,,,,,,,,,awesome-ton,Daily TON testnet refills.
devtools,34,custon,custon,quiet,0,,,,,,,https://github.com/TON-NFT/custon,,2023-11-03,,,,,,awesome-ton,Custom wallet address generator in JavaScript.
devtools,35,darttonconnect,darttonconnect,quiet,0,,,,,,,https://github.com/romanovichim/dartTonconnect,,2023-11-14,,,,,,awesome-ton,Dart SDK for mobile apps.
devtools,36,DeLab,delab,quiet,0,,,,https://t.me/delabbot,https://x.com/delabteam,https://delabteam.com,https://github.com/delab-team,,2025-12-09,,,,,,2025-07-ton dyor.io gramnews-apps,
devtools,37,delab-team/connect,delab-team-connect,quiet,0,,,,,,,https://github.com/delab-team/connect,,2023-06-13,,,,,,awesome-ton,Multi-protocol SDK with unified interface.
devtools,38,Development Wallet,development-wallet,quiet,0,,,https://t.me/TractionEye,https://t.me/TractionEyebot,https://x.com/TractionEye,https://test.tonhub.com/dl,https://github.com/TractionEye,,2026-04-10,,,,,,gramnews-apps ton-society-ecosystem-map ton.app,
devtools,39,Directual no-code,directual-no-code,quiet,0,,,,https://t.me/Directual_bot,https://x.com/directual,https://readme.directual.com/plugins/using-plugins/blockchain-web3/ton-the-open-network,,,,,,,,,dyor.io gramnews-apps ton.app,
devtools,40,foton,foton,quiet,0,,,,,,,https://github.com/VanishMax/foton,,2025-08-24,,,,,,awesome-ton,Comprehensive toolkit for TON dApps.
devtools,41,go/tonconnect,go-tonconnect,quiet,0,,,,,,,https://github.com/cameo-engineering/tonconnect,,2024-07-16,,,,,,awesome-ton,GO SDK for TON Connect.
devtools,42,IntelliJ IDEs Plugin,intellij-ides-plugin,quiet,0,,,,,,https://plugins.jetbrains.com/plugin/23382-ton,,,,,,,,,awesome-ton,TON development for JetBrains IDEs.
devtools,43,Jetton Arbitrage,jetton-arbitrage,quiet,0,,,https://t.me/TGShopNews,https://t.me/TGShopsBuilderBot,,,,,,,,,,,gramnews-apps ton.app,
devtools,44,Language Server (LSP Server),language-server-lsp-server,quiet,0,,,,,,,https://github.com/tact-lang/tact-language-server,,2026-06-26,,,,,,awesome-ton,"Supports Sublime Text, (Neo)Vim, Helix, and other editors with LSP support."
devtools,45,LFG AI Market,lfg-ai-market,quiet,0,,,https://t.me/lfg_ai_bot,https://t.me/ruhunt,,https://lfg-ton-marketplace.vercel.app,,,,,,,,,gramnews-apps ton.app,
devtools,46,Misti Static Analyzer,misti-static-analyzer,quiet,0,,,https://t.me/tonsec_chat,,,,https://github.com/nowarp/misti,,2026-02-25,,,,,,ton-society-ecosystem-map,
devtools,47,Multisender,multisender,quiet,0,,,https://t.me/MultiSender,https://t.me/MultisenderTONBot,https://x.com/multi_sender,https://multisender.app/,,,,,,,,,2025-07-ton dyor.io gramnews-apps ton-society-ecosystem-map ton.app,Multisender sends tokens and NFTs to multiple recipients in just three clicks
devtools,48,Nimbus API,nimbus-api,quiet,0,,,,https://t.me/cryptomillionaireapp_bot,,https://getnimbus.io,,,,,,,,,dyor.io gramnews-apps ton.app,
devtools,49,node-tonlib,node-tonlib,quiet,0,,,,,,,https://github.com/labraburn/node-tonlib,,,,,,,,awesome-ton,Node.js C++ addon for TON.
devtools,50,Oneclicksender,oneclicksender,quiet,0,,,https://t.me/OneClickSender,https://t.me/Earnigram_Fantasy_Bot,https://x.com/Oneclicksender,https://ton.oneclicksender.com/,,,,,,,,,dyor.io gramnews-apps ton.app,
devtools,51,orbs-network/ton-access,orbs-network-ton-access,quiet,0,,,,,,,https://github.com/orbs-network/ton-access,,2023-09-05,,,,,,awesome-ton,Decentralized RPC access.
devtools,52,Port3,port3,quiet,0,,,,,,https://twitter.com/Port3Network,,,,,,,,,gramnews-apps ton.app,
devtools,53,pytonconnect,pytonconnect,quiet,0,,,,,,https://pypi.org/project/pytonconnect/,,,,,,,,,awesome-ton,Alternative Python SDK.
devtools,54,Rift,rift,quiet,0,,,https://t.me/tonbankcard,https://t.me/TONBridge_robot,https://x.com/tonbankcard,https://rift.skyring.io,https://github.com/sky-ring,,2025-09-11,,,,,,awesome-ton gramnews-apps ton.app,
devtools,55,SpyTON BuyBot,spyton-buybot,quiet,0,,,https://t.me/Tonspybuybot,,https://x.com/hubspyton,,,,,,,,,,gramnews-apps ton.app,
devtools,56,sTONks  / Buy Bot,stonks-buy-bot,quiet,0,,,https://t.me/sTONksTrendingBot,https://t.me/stonks_sniper_bot,https://x.com/tonstonks,https://stonksbots.com/,,,,,,,,,dyor.io gramnews-apps ton.app,sTONks / Buy Bot — multichain trading bot
devtools,57,Sublime Text Plugin,sublime-text-plugin,quiet,0,,,,,,,https://github.com/savva425/func_plugin_sublimetext3,,2023-01-26,,,,,,awesome-ton,FunC support for Sublime.
devtools,58,SwiftyTON,swiftyton,quiet,0,,,,,,,https://github.com/labraburn/SwiftyTON,,,,,,,,awesome-ton,Swift SDK with async/await support.
devtools,59,Testnet Faucet,testnet-faucet,quiet,0,,,,https://t.me/paybis_crypto_exchange_bot,https://x.com/paybis,,,,,,,,,,awesome-ton gramnews-apps ton.app,
devtools,60,titon.network,titon-network,quiet,0,,,https://t.me/titonnet,,https://x.com/titonnet,https://titon.network,https://github.com/titon-network,,,,,,,,gramnews-apps ton.app,
devtools,61,TMA Dev,tma-dev,quiet,0,,,https://t.me/twa_dev,,,,https://github.com/twa-dev,,2025-02-05,,,,,,ton-society-ecosystem-map,
devtools,62,TON & TG Dev Tools,ton-tg-dev-tools,quiet,0,,,https://t.me/MJK_Dev_BOT,,,https://mehrdadjeyrani.ir,https://github.com/MGamerica,,2026-06-01,,,,,,dyor.io gramnews-apps ton.app,
devtools,63,TON Bulksender,ton-bulksender,quiet,0,,,https://t.me/bulksender,https://t.me/TagoAppBot,https://x.com/TokenBulksender,https://ton.bulksender.app,,,,,,,,,awesome-ton dyor.io gramnews-apps ton.app,
devtools,64,TON Domain Info bot,ton-domain-info-bot,quiet,0,,,https://t.me/coincraddle_en,https://t.me/coincraddle_change_bot,https://x.com/coincraddle,,,,,,,,,,gramnews-apps ton.app,
devtools,65,TON INU BuyBot,ton-inu-buybot,quiet,0,,,,https://t.me/TonBuyTechBot,https://x.com/toninutools,https://toninu.tech/,,,,,,,,,dyor.io gramnews-apps ton.app,TON INU BuyBot — a bot for buying the TINU token on the TON network
devtools,66,TON INU Locker,ton-inu-locker,quiet,0,,,https://t.me/toninutools,,https://x.com/toninutools,https://app.toninu.tech/locker,,,,,,,,,gramnews-apps ton-society-ecosystem-map ton.app,
devtools,67,Ton Inu Scanner,ton-inu-scanner,quiet,0,,,https://t.me/toncastnews,https://t.me/TonChainScannerBot,https://x.com/toninutools,https://toninu.tech/,,,,,,,,,dyor.io gramnews-apps ton.app,TON blockchain scanner for token analysis
devtools,68,Ton Meme Bot,ton-meme-bot,quiet,0,,,,https://t.me/memefun_tradingbot,https://x.com/ton_meme_trader,https://linktr.ee/ton_meme,,,,,,,,,dyor.io gramnews-apps ton.app,A bot for trading memecoins on TON
devtools,69,TON NoCode SDK,ton-nocode-sdk,quiet,0,,,https://t.me/safemoonTon,https://t.me/safeTONdotFun,https://x.com/SafetonPad,https://novabloq.com/plugin/ton-connect-nocode-sdk-1679505489636x562684572799117440,,,,,,,,,gramnews-apps ton.app,
devtools,70,Ton Tracker,ton-tracker-2,quiet,0,,,,https://t.me/tonscanerbot,https://x.com/TonTon_Intract,,,,,,,,,,dyor.io gramnews-apps ton.app,
devtools,71,TON Web IDE,ton-web-ide,quiet,0,,,https://t.me/ton_web_ide,,,,https://github.com/tact-lang/web-ide,,2026-06-23,,,,,,awesome-ton ton-society-ecosystem-map,
devtools,72,ton-blockchain/tonlib-go,ton-blockchain-tonlib-go,quiet,0,,,,,,,https://github.com/ton-blockchain/tonlib-go,,2021-07-06,,,,,,awesome-ton,Official Golang TonLib wrapper.
devtools,73,ton-community/twa-template,ton-community-twa-template,quiet,0,,,,,,,https://github.com/ton-community/twa-template,,2023-10-20,,,,,,awesome-ton,TWA template with TON integration.
devtools,74,ton-core/ton,ton-core-ton,quiet,0,,,,,,,https://github.com/ton-core/ton,,2024-07-16,,,,,,awesome-ton,Cross-platform client by ton-core.
devtools,75,ton-k8s,ton-k8s,quiet,0,,,,,,,https://github.com/disintar/ton-k8s,,2024-01-19,,,,,,awesome-ton,Self-hosted TON network with Kubernetes and Docker.
devtools,76,ton-kotlin,ton-kotlin,quiet,0,,,,,,,https://github.com/andreypfau/ton-kotlin,,2025-11-11,,,,,,awesome-ton,Kotlin SDK for JVM applications.
devtools,77,TON.SKI Access,ton-ski-access,quiet,0,,,https://t.me/tonski_eng,https://t.me/mintodinos_staking_bot,,https://ton.ski/access/,,,,,,,,,2025-07-ton gramnews-apps ton-society-ecosystem-map ton.app,
devtools,78,Tonana,tonana,quiet,0,,,https://t.me/nums888,https://t.me/nums888bot,https://x.com/tonanadao,https://github.com/tonanadao,https://github.com/fluidicon.png,,,,,,,,2023-10-tonpost gramnews-apps ton-society-ecosystem-map ton.app,
devtools,79,tonfactory/tonsdk,tonfactory-tonsdk,quiet,0,,,,,,,https://github.com/tonfactory/tonsdk,,2024-10-06,,,,,,awesome-ton,Cells and contract wrappers.
devtools,80,TonSdk.NET,tonsdk-net,quiet,0,,,,,,,https://github.com/continuation-team/TonSdk.NET,,2025-08-19,,,,,,awesome-ton,"C# (.NET, Unity) SDK."
devtools,81,Tonutils Proxy,tonutils-proxy,quiet,0,,,,,,,https://github.com/xssnick/Tonutils-Proxy,,2025-11-02,,,,,,awesome-ton,User-friendly TON Proxy implementation.
devtools,82,tonutils-dart,tonutils-dart,quiet,0,,,,,,,https://github.com/novusnota/tonutils-dart,,2024-09-12,,,,,,awesome-ton,Dart/Flutter SDK for mobile apps.
devtools,83,TONX,tonx,quiet,0,,,https://t.me/tonxstudio,,,,,,,,,,,,2025-07-ton,
devtools,84,TONX API,tonx-api,quiet,0,,,https://t.me/tonxapi,,https://x.com/TONXAPI,https://tonxapi.com/,https://github.com/tonxapi/sample,,2025-01-21,,,,,,awesome-ton gramnews-apps ton-society-ecosystem-map ton.app,
devtools,85,TONX Testnet Faucet,tonx-testnet-faucet,quiet,0,,,,,,https://faucet.tonxapi.com/,,,,,,,,,awesome-ton,Web-based faucet service.
devtools,86,TONX.JS,tonx-js,quiet,0,,,,,,,https://github.com/frigatebird-studio/TONX.js,,2025-01-16,,,,,,awesome-ton,JavaScript SDK for TONX API.
devtools,87,twa-dev/boilerplate,twa-dev-boilerplate,quiet,0,,,,,,,https://github.com/twa-dev/Boilerplate,,2023-09-18,,,,,,awesome-ton,Starter boilerplate for TWAs.
devtools,88,twa-dev/Mark42,twa-dev-mark42,quiet,0,,,,,,,https://github.com/twa-dev/Mark42,,2024-10-04,,,,,,awesome-ton,UI library optimized for TWAs.
devtools,89,twa-dev/sdk,twa-dev-sdk,quiet,0,,,,,,,https://github.com/twa-dev/sdk,,2025-02-05,,,,,,awesome-ton,SDK package for TWA development.
devtools,90,TxTracer,txtracer,quiet,0,,,,,,https://txtracer.ton.org,,,,,,,,,awesome-ton,Tool to emulate and trace any transaction from TON blockchain.
devtools,91,unity/tonconnect,unity-tonconnect,quiet,0,,,,,,,https://github.com/continuation-team/unity-ton-connect,,2024-07-01,,,,,,awesome-ton,Unity SDK for TON Connect.
devtools,92,Vanity TON,vanity-ton,quiet,0,,,,https://t.me/earnigram_group,https://x.com/earnigram,https://vanity.earnigram.com,,,,,,,,,dyor.io gramnews-apps ton.app,
devtools,93,VS Code Plugin,vs-code-plugin,quiet,0,,,,,,https://marketplace.visualstudio.com/items?itemName=tonwhales.func-vscode,,,,,,,,,awesome-ton,FunC syntax highlighting and tools.
devtools,94,Xircus,xircus,quiet,0,,,,https://t.me/xircus_bot,,,,,,,,,,,2024-06-ton-degen,
devtools,95,Xtontracker,xtontracker,quiet,0,,,https://t.me/xtontracker,,,,,,,,,,,,ton-society-ecosystem-map,
devtools,96,yungwine/TonTools,yungwine-tontools,quiet,0,,,,,,,https://github.com/yungwine/TonTools,,2024-07-24,,,,,,awesome-ton,High-level library for HTTP/ADNL.
devtools,97,WebDeployer,webdeployer,closed,0,,,,,,https://ratingers.pythonanywhere.com/deployer/,,,,,,,,,2023-10-tonpost gramnews-apps ton.app,
analytics,1,Lagus research,lagus-research,active,1,1,telegram,https://t.me/lagus_research,,,,,2026-09-30,,8036,8036,7,,,gramnews-q3-2026,
analytics,2,Dune,dune,active,1,0,editor,,,,https://dune.com,,,,,,,,,2025-07-ton gramnews-q3-2026,
analytics,3,CoinGecko,coingecko,active,1,0,editor,,,,https://www.coingecko.com,,,,,,,,,gramnews-q3-2026,
analytics,4,CoinMarketCap,coinmarketcap,active,1,0,editor,,,,https://coinmarketcap.com,,,,,,,,,gramnews-q3-2026,
analytics,5,DefiLlama,defillama,active,1,0,editor,,,https://x.com/DefiLlama,https://defillama.com/chain/ton,,,,,,,,,2023-10-tonpost dyor.io gramnews-apps gramnews-feed gramnews-q3-2026 ton.app,
analytics,6,DEX Screener,dexscreener,active,1,0,editor,,,,https://dexscreener.com/ton,,,,,,,,,2025-07-ton gramnews-q3-2026,
analytics,7,Gecko Terminal,geckoterminal,active,1,0,editor,,,,https://www.geckoterminal.com/ton/pools,,,,,,,,,2025-07-ton gramnews-q3-2026 ton-society-ecosystem-map,
analytics,8,anton.tools,anton-tools,active,1,1,site,,,,https://anton.tools,https://github.com/tonindexer,,2025-07-01,,,,,,2023-10-tonpost 2025-07-ton awesome-ton gramnews-q3-2026 ton-society-ecosystem-map,
analytics,9,see.tg,see-tg,active,1,1,editor,,,,https://see.tg,,,,,,,,,gramnews-q3-2026,
analytics,10,TGStat,tgstat,active,1,0,editor,,,,https://tgstat.com,,,,,,,,,gramnews-q3-2026,
analytics,11,CryptoWhale,cryptowhale,active,0,,telegram+mau,https://t.me/whalebotalerts,https://t.me/cryptowhalebot,https://x.com/icebergy,,,2026-09-30,,1524018,1524018,1600,12798,,dyor.io gramnews-apps,
analytics,12,CoinCodex,coincodex,active,0,,telegram,https://t.me/toncoin,,https://x.com/ton_blockchain,https://coincodex.com/crypto/toncoin/,https://github.com/newton-blockchain,2026-07-21,2025-02-13,676000,676000,2,,,gramnews-apps ton.app,
analytics,13,SCANNER MESSAGE,scanner-message,active,0,,telegram,https://t.me/arbitragescanner_eng,https://t.me/m8tel_bot,https://x.com/arbitragescan,https://arbitragescanner.io,,2026-09-29,,89889,89889,31,,,dyor.io gramnews-apps ton.app,
analytics,14,Octies,octies,active,0,,mau,,https://t.me/octies_bot,https://x.com/Octies_GameFI,,,,,59343,,,59343,,dyor.io gramnews-apps,Octies is a Telegram game for earning OCTIES tokens and participating in competitions.
analytics,15,IrisApp,irisapp,active,0,,telegram,https://t.me/iris_ecosystem,https://t.me/iristoken_bot,https://x.com/Iris_token,https://iristoken.io/,,2026-09-27,,46734,46734,119,,,gramnews-apps ton.app,IrisApp — AI-powered crypto market analytics app
analytics,16,Ave.ai,ave-ai,active,0,,mau,https://t.me/aveai_english,https://t.me/AveSniperBot,https://x.com/aveai_info,https://ave.ai/,,,,39722,,,39722,,dyor.io gramnews-apps ton.app,Telegram trading bot for tokens.
analytics,17,CoinStats,coinstats,active,0,,telegram,https://t.me/coinstats_news,https://t.me/pollovotebot,https://x.com/coinstats,https://coinstats.app/,,2026-09-15,,7030,7030,2,,,gramnews-apps ton.app,
analytics,18,Cryptovka,cryptovka,active,0,,telegram,https://t.me/cryptovka_feed,https://t.me/cryptovkadatabot,https://x.com/Cryptovka,https://cryptovka.ru,,2026-09-30,,5265,5265,1600,357,,dyor.io gramnews-apps,
analytics,19,BeWhale,bewhale,active,0,,telegram,https://t.me/bewhaleapp,https://t.me/be_whale_bot,https://x.com/BeWhaleApp,https://bewhale.app,,2026-09-24,,815,815,6,56178,,dyor.io gramnews-apps,
analytics,20,FinTax,fintax,active,0,,telegram,https://t.me/FinTax2023,https://t.me/fintax_bot,https://x.com/FinTax_Official,https://fintax.tech,,2026-09-22,,536,536,16,,,dyor.io gramnews-apps,
analytics,21,Numbers 888,numbers-888,active,0,,telegram,https://t.me/nums888,https://t.me/nums888bot,,https://nums888.io,,2026-09-24,,401,401,2,,,dyor.io gramnews-apps ton.app,
analytics,22,TONDb,tondb,active,0,,telegram,https://t.me/tondbapp,https://t.me/tondbbot,https://x.com/tondbapp,https://tondb.app,,2026-09-09,,48,48,1,,,dyor.io gramnews-apps ton.app,
analytics,23,Changerella,changerella,active,0,,telegram,https://t.me/changerella,https://t.me/changerella_bot,https://x.com/Changerella_com,https://changerella.com/,,2026-07-14,,41,41,1,239,,dyor.io gramnews-apps ton.app,Changerella — cryptocurrency swap monitor with live rates and user reviews
analytics,24,RuGramCoin Bot,rugramcoin-bot,active,0,,telegram,https://t.me/rugramcoin,https://t.me/rugramcoin_bot,,,,2026-09-03,,2,2,1,,,gramnews-apps ton.app,
analytics,25,Fear or Greed App,fear-or-greed-app,quiet,0,,,,https://t.me/fearorgreed_bot,,,,,,,,,26185,,dyor.io gramnews-apps,App for influencing the Fear or Greed index and earning $FOG.
analytics,26,TypoCurator,typocurator,quiet,0,,,https://t.me/TypoCurator,https://t.me/typocurator_bot,https://x.com/TypoX_AI,,,,,,,,24535,,dyor.io gramnews-apps,
analytics,27,Portfel,portfel,quiet,0,,,https://t.me/ton_portfel,https://t.me/ton_portfel_bot,https://x.com/Nikicompany,https://portfel.me,https://github.com/portfel-ton,,,,,,20666,,dyor.io gramnews-apps ton-society-ecosystem-map ton.app,
analytics,28,TON Tools Bot,ton-tools-bot,quiet,0,,,,https://t.me/sbabet_tools_bot,https://x.com/SnoopyBabe_meme,https://snoopybabe.com/bot_ton,,,,,,,16306,,dyor.io gramnews-apps ton.app,TON Tools Bot — price change monitoring for TON
analytics,29,Tanpin,tanpin,quiet,0,,,https://t.me/tanpin_ru,https://t.me/tanpinplaybot,https://x.com/tanpin_en,,,,,,,,12653,,dyor.io gramnews-apps,
analytics,30,Crypton research,crypton-research,quiet,0,,,https://t.me/crypton_support,https://t.me/crypton_research_bot,https://x.com/CryptonCalendar,https://crypton.xyz/ru/,,,,,,,12652,,dyor.io gramnews-apps,Crypton research: tools and calendar of crypto events
analytics,31,RectCoinBot,rectcoinbot,quiet,0,,,,https://t.me/rectcoinbot,,,,,,,,,11782,,dyor.io gramnews-apps,
analytics,32,Time Price,time-price,quiet,0,,,,https://t.me/timeprice_stat_bot,,,,,,,,,11676,,dyor.io gramnews-apps,
analytics,33,TractionEye,tractioneye,quiet,0,,,https://t.me/TractionEye,https://t.me/TractionEyebot,https://x.com/TractionEye,https://tractioneye.xyz,https://github.com/TractionEye,,2026-04-10,,,,11505,,2025-07-ton-cis-hub-q2 2025-ton-cis-hub dyor.io gramnews-apps ton.app,TractionEye — social trading on TON with trader pools
analytics,34,SunKong Bot,sunkong-bot,quiet,0,,,,https://t.me/sunkongmyth_bot,https://x.com/zjor,https://zjor.github.io/cv/,https://github.com/zjor/hello-tact,,2023-10-30,,,,11125,,dyor.io gramnews-apps,
analytics,35,Hare,hare,quiet,0,,,,https://t.me/hare_ton_bot,https://x.com/SHEDEVERstudio,,,,,,,,10844,,dyor.io gramnews-apps,
analytics,36,TonScout,tonscout-1,quiet,0,,,,https://t.me/tonscout_bot,,,,,,,,,10586,,dyor.io gramnews-apps,
analytics,37,MyPaal,mypaal,quiet,0,,,https://t.me/paal_ai,https://t.me/mypaalbot,https://x.com/EarthNetworkio,,,,,,,,10182,,dyor.io gramnews-apps,
analytics,38,altooshkabot,altooshkabot,quiet,0,,,https://t.me/altooshka_ton,https://t.me/altooshka_bot,https://x.com/altooshka_ton,https://dedust.io/swap/TON/EQDs4_MWmRySmPbsW6MyZ8Dy-k-Bi0vZNNSVt6LE2LC_ddUP,,,,,,,10093,,dyor.io gramnews-apps,A bot for caring for a virtual girl and earning the memecoin $ALT
analytics,39,T-Plane,t-plane,quiet,0,,,,https://t.me/tplane_bot,,,,,,,,,10082,,dyor.io gramnews-apps,
analytics,40,Vana Data Hero,vana-data-hero,quiet,0,,,,https://t.me/vanadataherobot,,,,,,,,,10022,,dyor.io gramnews-apps,
analytics,41,iCryptoAI,icryptoai,quiet,0,,,https://t.me/icryptoai,https://t.me/icryptoaibot,,,,,,,,,9932,,dyor.io gramnews-apps,
analytics,42,Blockchain Whispers Bot,blockchain-whispers-bot,quiet,0,,,,https://t.me/blockchainwhispers_bot,,,,,,,,,6522,,dyor.io gramnews-apps,
analytics,43,Radar,radar,quiet,0,,,,https://t.me/radar_tg_bot,,,,,,,,,2503,,dyor.io gramnews-apps,
analytics,44,TON Wallet Tracker,ton-wallet-tracker,quiet,0,,,,https://t.me/tontracker_bot,,,,,,,,,2314,,dyor.io gramnews-apps,
analytics,45,Mizar Trading Bot,mizar-trading-bot,quiet,0,,,,https://t.me/mizartradingbot,https://x.com/Mizar_com,https://mizar.com,,,,,,,2166,,dyor.io gramnews-apps,
analytics,46,TbearBot,tbearbot,quiet,0,,,,https://t.me/tbeargame_bot,https://x.com/TBEAR_Ton,,,,,,,,1083,,dyor.io gramnews-apps,
analytics,47,Nimbus,nimbus,quiet,0,,,,https://t.me/GetNimbusBot,https://x.com/get_nimbus,https://getnimbus.io,,,,,,,1066,,dyor.io gramnews-apps ton.app,
analytics,48,TON Notify Bot,ton-notify-bot-2,quiet,0,,,,https://t.me/tonnotifybot,,,,,,,,,737,,dyor.io gramnews-apps,
analytics,49,Whale Detect,whale-detect,quiet,0,,,https://t.me/TopTgDima,https://t.me/whaledetectbot,,,,,,,,,676,,dyor.io gramnews-apps,
analytics,50,NewsBullet,newsbullet,quiet,0,,,,https://t.me/newsbulletbot,,,,,,,,,318,,dyor.io gramnews-apps,
analytics,51,WhaleBrain Bot,whalebrain-bot,quiet,0,,,,https://t.me/whalebrain_bot,,,,,,,,,302,,dyor.io gramnews-apps,
analytics,52,The TON Top,the-ton-top,quiet,0,,,,https://t.me/thetontopbot,,,,,,,,,155,,dyor.io gramnews-apps,
analytics,53,Alert Price TON,alert-price-ton,quiet,0,,,https://t.me/TokenInfinity,https://t.me/AlertPriceTonBot,https://x.com/multi_sender,,,,,,,,,,dyor.io gramnews-apps ton.app,
analytics,54,apiTON,apiton,quiet,0,,,https://t.me/apiton,https://t.me/apitonBot,,https://apiton.org/,https://github.com/apiton-org,,2025-05-10,,,,,,2025-07-ton dyor.io gramnews-apps ton-society-ecosystem-map ton.app,
analytics,55,Block Watch,block-watch,quiet,0,,,https://t.me/BLWDev_bot,https://t.me/BWDevapp,https://x.com/blockwatchdev,https://blockwatch.tech,,,,,,,,,gramnews-apps ton.app,Block Watch — transaction analysis tool for wallets
analytics,56,Cielo Free Bot 1,cielo-free-bot-1,quiet,0,,,,https://t.me/evmtrackerbot,https://x.com/Utya_game,,,,,,,,,,dyor.io gramnews-apps,
analytics,57,CoinCrackerBot,coincrackerbot,quiet,0,,,,,,,,,,,,,,,2023-10-tonpost gramnews-apps ton.app,
analytics,58,CoinRobot,coinrobot,quiet,0,,,https://t.me/polkaswap,https://t.me/polkaswap_io_bot,https://x.com/polkaswap,,https://github.com/sora-xor/polkaswap-exchange-web,,2026-10-01,,,,,,gramnews-apps ton.app,
analytics,59,CryptoRiskyGameCalls,cryptoriskygamecalls,quiet,0,,,,https://t.me/vukly_bot,https://x.com/CrgCalls,,,,,,,,,,dyor.io gramnews-apps,
analytics,60,DashPool,dashpool,quiet,0,,,,https://t.me/dashpoolbot,https://x.com/dashpoolapp,,,,,,,,,,dyor.io gramnews-apps,
analytics,61,dTON Forum,dton-forum,quiet,0,,,https://t.me/dtonforum,,,,,,,,,,,,ton-society-ecosystem-map,
analytics,62,FaktON,fakton,quiet,0,,,https://t.me/Fak_ton,https://t.me/fakton_bot,,,,,,,,,,,dyor.io gramnews-apps,
analytics,63,Fragment Analyzer,fragment-analyzer,quiet,0,,,https://t.me/fragmentanalytics,https://t.me/fragmentanalyzer_bot,,,,,,,,,,,dyor.io gramnews-apps ton.app,
analytics,64,Full Metal Jetton,full-metal-jetton,quiet,0,,,,https://t.me/tontitanbot,https://x.com/thetontitan,,,,,,,,,,dyor.io gramnews-apps,
analytics,65,Giftindex,giftindex,quiet,0,,,,https://t.me/giftindexbot,,,,,,,,,,,2025-07-ton-cis-hub-q2 2025-ton-cis-hub,
analytics,66,Giftstat.com,giftstat-com,quiet,0,,,,https://t.me/giftstatcom_bot,,,,,,,,,,,2025-07-ton,
analytics,67,indicaton,indicaton,quiet,0,,,,,,https://indicaton.io/?utm_source=ton_app,,,,,,,,,2023-10-tonpost 2025-07-ton gramnews-apps ton-society-ecosystem-map ton.app,
analytics,68,Jetton Whale Swaps,jetton-whale-swaps,quiet,0,,,https://t.me/MoonWeb3,https://t.me/NFTRobot,,,,,,,,,,,gramnews-apps ton.app,
analytics,69,Jettons Price Alerts,jettons-price-alerts,quiet,0,,,https://t.me/StarzMarketNews,https://t.me/StarzMarketBot,,,,,,,,,,,gramnews-apps ton.app,
analytics,70,Journalinvest,journalinvest,quiet,0,,,https://t.me/tagged,https://t.me/tags,,,,,,,,,,,gramnews-apps ton.app,
analytics,71,Kattana,kattana,quiet,0,,,https://t.me/kattana_trade,,https://x.com/kattanatrade,,https://github.com/kattana-io,,2025-11-24,,,,,,ton-society-ecosystem-map,
analytics,72,Live Price TonCoin,live-price-toncoin,quiet,0,,,https://t.me/fanton,https://t.me/FanTonGameBot,https://x.com/FantasyFanton,https://fan-ton.com/,,,,,,,,,dyor.io gramnews-apps,
analytics,73,Mooli,mooli,quiet,0,,,https://t.me/Okexir,,,https://ton.mooli.app/,,,,,,,,,2023-10-tonpost gramnews-apps ton.app,
analytics,74,POLYTEND DIGEST,polytend-digest,quiet,0,,,,https://t.me/slotapp_bot,https://x.com/slotgame_ton,,,,,,,,,,dyor.io gramnews-apps,
analytics,75,RaggaMorffa,raggamorffa,quiet,0,,,https://t.me/raggamorffanews,https://t.me/pollovotebot,https://x.com/raggamorffa,https://raggamorffa.net/,,,,,,,,,dyor.io gramnews-apps,
analytics,76,ShillGuard,shillguard,quiet,0,,,https://t.me/ShillGuardOfficialAnnouncements,https://t.me/ShillGuardAppBot,https://x.com/ShillGuard,https://shillguard.com/,,,,,,,,,dyor.io gramnews-apps ton.app,
analytics,77,TBC - Client,tbc-client,quiet,0,,,https://t.me/tonbankcard,https://t.me/marketcaprobot,https://x.com/tonbankcard,https://marketcap.tonbankcard.com,,,,,,,,,gramnews-apps ton.app,TONBANKCARD - Ecosystem for cryptocurrencies.
analytics,78,TBC TVL TON,tbc-tvl-ton,quiet,0,,,https://t.me/tonbankcard,https://t.me/tonbankcard_bot,https://x.com/tonbankcard,https://tonbankcard.com/tvlton.htm,,,,,,,,,dyor.io gramnews-apps ton.app,TBC TVL TON — analytics tool for tracking total value locked in DeFi on the TON network
analytics,79,TOKEN INSIDE,token-inside,quiet,0,,,https://t.me/solobank,https://t.me/solobankbot,,,,,,,,,,,gramnews-apps ton.app,
analytics,80,TON burnt,ton-burnt,quiet,0,,,https://t.me/twyx_bot,,,,,,,,,,,,gramnews-apps ton.app,
analytics,81,TON INU Tracker,ton-inu-tracker,quiet,0,,,https://t.me/toninu_trackerbot,,https://x.com/toninutools,https://toninu.tech/,,,,,,,,,dyor.io gramnews-apps ton.app,TON INU Tracker — analytics for the TINU token on the TON network
analytics,82,Ton Mafia Plays,ton-mafia-plays,quiet,0,,,,https://t.me/tapup_bot,https://x.com/TonMafiaPlays,,,,,,,,,,dyor.io gramnews-apps,
analytics,83,TON Notify Bot,ton-notify-bot,quiet,0,,,,,https://x.com/CoinAppWallet,,https://github.com/CoinSpace/CoinSpace,,2026-09-29,,,,,,awesome-ton gramnews-apps ton.app,
analytics,84,TON Price Converter,ton-price-converter,quiet,0,,,,,,https://coinrecast.com/,,,,,,,,,gramnews-apps ton.app,
analytics,85,Ton Research,ton-research,quiet,0,,,https://t.me/FlutterBees,https://t.me/tondatabot,https://x.com/FlutterBees_X,https://www.flutterbees.app,https://github.com/flutter-bees,,2026-05-22,,,,,,dyor.io gramnews-apps ton-society-ecosystem-map,
analytics,86,TON TRENDING BOT,ton-trending-bot,quiet,0,,,https://t.me/tontrending_LIVE_TON,https://t.me/InsectTonBuyBot,https://x.com/insectsvip,https://insects.vip/,,,,,,,,,gramnews-apps ton.app,
analytics,87,Toncoin Converter,toncoin-converter,quiet,0,,,,https://t.me/paybis_crypto_exchange_bot,https://x.com/paybis,,,,,,,,,,gramnews-apps ton.app,
analytics,88,TonDomenBot,tondomenbot,quiet,0,,,https://t.me/durovs_protocol_news,https://t.me/durovs_protocol_bot,,,,,,,,,,,gramnews-apps ton.app,
analytics,89,Tonk Analyser,tonk-analyser,quiet,0,,,https://t.me/tonkanalyser_bot,,https://x.com/tonkinubot,,https://github.com/TonkInu,,2024-03-27,,,,,,ton-society-ecosystem-map,
analytics,90,Tonkol,tonkol,quiet,0,,,https://t.me/tonkolpro,https://t.me/tonkoltrades,https://x.com/Toncoinkol,https://tonkol.pro/,,,,,,,,,dyor.io gramnews-apps ton.app,
analytics,91,Tonmarketcap,tonmarketcap,quiet,0,,,https://t.me/ton_market_cap_bot,https://t.me/tonmarketcap_channel,,https://tonmarketcap.ru,,,,,,,,,gramnews-apps ton.app,
analytics,92,Tonometer,tonometer,quiet,0,,,https://t.me/delab,https://t.me/delabtonbot,,,,,,,,,,,gramnews-apps ton.app,
analytics,93,TonSonar,tonsonar,quiet,0,,,https://t.me/tonsonar_bot,,,https://ozamotailov.github.io/alphaping/,https://github.com/ozamotailov/alphaping,,2026-07-02,,,,,,gramnews-apps ton.app,TonSonar Telegram bot: smart-money alerts and new TON jetton listings
analytics,94,TOTKIT,totkit,quiet,0,,,https://t.me/totkitnews,https://t.me/totkitbot,https://x.com/bradcommunity,https://totkit.org/,https://github.com/BradDev01,,2023-01-26,,,,,,2023-10-tonpost dyor.io gramnews-apps ton.app,
analytics,95,Tracker TON,tracker-ton,quiet,0,,,https://t.me/TokenInfinity,https://t.me/TrackerTonBot,,,,,,,,,,,dyor.io gramnews-apps ton.app,
analytics,96,Wallet Analysis,wallet-analysis,quiet,0,,,https://t.me/Arbitragescanner_official,https://t.me/wallet_arbitragescanner_bot,https://x.com/ArbitrageScan,https://arbitragescanner.io/,,,,,,,,,dyor.io gramnews-apps ton.app,Arbitrage bot and analytics for cryptocurrencies.
analytics,97,Wallets Live,wallets-live,quiet,0,,,https://t.me/arbitragescanner_eng,https://t.me/wallets_live_bot,https://x.com/ArbitrageScan,https://arbitragescanner.io/,,,,,,,,,dyor.io gramnews-apps ton.app,Cryptocurrency arbitrage opportunity analytics
analytics,98,Watcher,watcher,quiet,0,,,https://t.me/watcher_news,https://t.me/watcher_robot,,,,,,,,,,,dyor.io gramnews-apps ton.app,
analytics,99,x1000,x1000,quiet,0,,,https://t.me/x1000,https://t.me/x1000_en,https://x.com/x1000_finance,https://x1000.finance,,,,,,,,,dyor.io gramnews-apps ton.app,
analytics,100,xGift,xgift,quiet,0,,,https://t.me/xgift,,,,,,,,,,,,2025-ton-cis-hub,
analytics,101,Yieldo,yieldo,quiet,0,,,https://t.me/YieldoBot,,,https://yieldo.me/,,,,,,,,,gramnews-apps ton.app,
analytics,102,Реклама NFT в Telegram,reklama-nft-v-telegram,quiet,0,,,,https://t.me/frontnftbot,https://x.com/smmpanelru,,https://github.com/Libgram,,,,,,,,dyor.io gramnews-apps,
analytics,103,Тонус,tonus,quiet,0,,,https://t.me/brainscoin,https://t.me/brainscoin_bot,,,,,,,,,,,dyor.io gramnews-apps,
analytics,104,TonRadar,tonradar-1,closed,0,,,https://t.me/TonRadarAdmin,https://t.me/tonradarappbot,https://x.com/tonradarapp,https://tonradar.app,https://github.com/tonradar,,2023-12-03,,,,2649,,2023-10-tonpost 2025-07-ton dyor.io gramnews-apps ton-society-ecosystem-map,
explorers,1,Tonscan.org,tonscan,active,1,1,telegram+gramnews,https://t.me/catchain,,,https://tonscan.org,,,,8318,8318,7,,,2023-10-tonpost 2025-07-ton gramnews-apps gramnews-feed gramnews-q3-2026 ton-society-ecosystem-map ton.app,
explorers,2,Tonviewer,tonviewer,active,1,1,gramnews,,,https://x.com/bestramp_io,https://tonviewer.com,,,,,,,,,2023-10-tonpost 2025-07-ton dyor.io gramnews-apps gramnews-feed gramnews-q3-2026 ton.app,
explorers,3,Tonscan.com,tonscan-com,active,1,1,editor,,,https://x.com/bastion,https://tonscan.com,,,,,,,,,dyor.io gramnews-apps gramnews-feed gramnews-q3-2026 ton.app,
explorers,4,Actonscan,actonscan,active,1,1,gramnews,,,,https://actonscan.com,,,,,,,,,gramnews-apps gramnews-feed gramnews-q3-2026,"An open-source TON explorer by TON Core — accounts, transactions, blocks, tokens and collectibles."
explorers,5,TON NFT Explorer,ton-nft-explorer,active,1,1,telegram,https://t.me/this_is_ton,,,https://explorer.tonnft.tools,,,,6493,6493,5,,,gramnews-apps gramnews-q3-2026 ton-society-ecosystem-map ton.app,
explorers,6,TonScan.info,tonscan-info,active,1,1,site,,,,https://tonscan.info,,,,,,,,,gramnews-q3-2026,
explorers,7,3xpl,3xpl,quiet,0,,,https://t.me/titonnet,,https://x.com/3xplcom,https://3xpl.com/ton,https://github.com/3xplcom,,2026-07-19,,,,,,2025-07-ton gramnews-apps ton.app,
explorers,8,Dton,dton,quiet,0,,,https://t.me/StalinFoundation,https://t.me/AtomicStarBot,,https://dton.io,https://github.com/StalinFoundation,,2024-04-21,,,,,,2023-10-tonpost 2025-07-ton gramnews-apps ton-society-ecosystem-map ton.app,
explorers,9,M3TA,m3ta,quiet,0,,,https://t.me/m3ta_analytics,,https://x.com/M3TA_Analytics,,,,,,,,,,ton-society-ecosystem-map,
explorers,10,OKX Explorer,okx-explorer,quiet,0,,,https://t.me/OKXOfficial_English,,https://x.com/okxexplorer,https://www.okx.com/web3/explorer,,,,,,,,,dyor.io gramnews-apps ton-society-ecosystem-map ton.app,
explorers,11,Tenere Explorer,tenere-explorer,quiet,0,,,https://t.me/teneretoken,,,,,,,,,,,,ton-society-ecosystem-map,
explorers,12,TON Atlas,tonatlasbot,quiet,0,,,,https://t.me/tonatlasbot,,https://8xr.io,,,,,,,,,gramnews-apps,
explorers,13,Whales Explorer,whales-explorer,quiet,0,,,https://t.me/tonflow_community,,,https://tonwhales.com/explorer,https://github.com/tonwhales,,2026-08-13,,,,,,2023-10-tonpost gramnews-apps ton.app,
audit,1,Hacken,hacken,active,1,0,telegram,https://t.me/hackenai,,https://x.com/hackenclub,https://hacken.io/,https://github.com/hknio,2026-09-16,2026-06-30,48527,48527,40,,,2025-07-ton gramnews-apps gramnews-q3-2026 ton-society-ecosystem-map ton.app,Hacken — blockchain security and compliance audit and consulting firm
audit,2,CertiK,certik,active,1,0,editor,https://t.me/certikcommunity,,https://x.com/CertiK,https://www.certik.com,https://github.com/CertiKProject,,2026-09-19,,,,,,2023-10-tonpost 2025-07-ton gramnews-apps gramnews-q3-2026 ton-society-ecosystem-map ton.app,
audit,3,SlowMist,slowmist,active,1,0,editor,,,https://x.com/SlowMist_Team,https://www.slowmist.com,https://github.com/slowmist,,2026-09-30,,,,,,2023-10-tonpost 2025-07-ton gramnews-apps gramnews-q3-2026 ton.app,
audit,4,Trail of Bits,trail-of-bits,active,1,0,editor,,,,https://www.trailofbits.com,,,,,,,,,2023-10-tonpost 2025-07-ton gramnews-q3-2026,
audit,5,Quantstamp,quantstamp,active,1,0,editor,,,,https://quantstamp.com,,,,,,,,,2023-10-tonpost gramnews-q3-2026,
audit,6,HackenProof,hackenproof,active,1,0,telegram,https://t.me/hackenproof,,https://x.com/HackenProof,https://hackenproof.com/,https://github.com/hackenproof,,2026-09-02,6788,6788,15,,,2025-07-ton gramnews-apps gramnews-q3-2026 ton-society-ecosystem-map ton.app,
audit,7,Chainalysis,chainalysis,active,1,0,telegram,https://t.me/chainalysisinc,,,,https://github.com/chainalysis,2026-09-29,,8809,8809,17,,,2025-07-ton gramnews-q3-2026 ton-society-ecosystem-map,
audit,8,Tonguard,tonguard,active,1,1,telegram,https://t.me/tonguardaml,,,https://tonguard.org/,,2026-09-25,,420,420,1,,,2025-07-ton 2025-07-ton-cis-hub-q2 2025-ton-cis-hub dyor.io gramnews-apps gramnews-q3-2026 ton-society-ecosystem-map ton.app,
audit,9,TrustaTONApp_bot,trustatonapp-bot,active,0,,telegram,https://t.me/trustalabsann,https://t.me/trustatonapp_bot,https://x.com/TrustaLabs,https://trustalabs.ai,https://github.com/mir-one/fingerprints,2026-09-29,2026-09-07,16751,16751,18,112385,,dyor.io gramnews-apps,AI service for on-chain identity and reputation.
audit,10,Nowarp,nowarp,active,0,,telegram,https://t.me/nowarp_io,,https://x.com/nowarp_io,https://nowarp.io,https://github.com/nowarp,2026-07-13,2026-06-29,61,61,1,,,gramnews-apps ton.app,
audit,11,Beosin Security,beosin-security,quiet,0,,,https://t.me/beosin,,https://x.com/Beosin_com,https://beosin.com,,,,,,,,,gramnews-apps ton.app,
audit,12,BitOK,bitok,quiet,0,,,https://t.me/bitok_support,,https://x.com/Bitok_org,,https://github.com/telegram-bots/BitOk,,2018-12-31,,,,,,2025-07-ton ton-society-ecosystem-map,
audit,13,ChainAware.ai,chainaware-ai,quiet,0,,,https://t.me/ChainAware_Bot,,https://x.com/ChainAware,https://ChainAware.ai,https://github.com/ChainAware/behavioral-prediction-mcp,,2026-08-11,,,,,,dyor.io gramnews-apps ton.app,
audit,14,Config44,config44,quiet,0,,,,,,https://config44.com,https://github.com/config44,,2026-09-11,,,,,,gramnews-apps ton.app,
audit,15,Cryptonite Scanner,cryptonite-scanner,quiet,0,,,https://t.me/cryptonportal,https://t.me/CryptoniteScannerBot,https://x.com/thetonhub,https://crypton.tools,,,,,,,,,dyor.io gramnews-apps ton-society-ecosystem-map ton.app,TON blockchain token scanner for detecting scam projects
audit,16,Decurity,decurity,quiet,0,,,https://t.me/defimon_alerts,https://t.me/volarianheist_bot,https://x.com/DecurityHQ,https://www.decurity.io/,https://github.com/Decurity,,2026-08-16,,,,,,dyor.io gramnews-apps ton.app,
audit,17,Esprito Protocol,esprito-protocol,quiet,0,,,https://t.me/espritoxyz,https://t.me/espritobot,https://x.com/espritoxyz,https://esprito.com/,https://github.com/espritoxyz,,2026-08-30,,,,,,dyor.io gramnews-apps ton.app,
audit,18,Fuck Scammers,fuck-scammers,quiet,0,,,https://t.me/fuck_scammers_onTon,https://t.me/fuck_scams_bot,https://x.com/Fuck_scams_ton,,,,,,,,,,gramnews-apps ton.app,
audit,19,Hexens,hexens,quiet,0,,,,,https://x.com/hexensio,https://hexens.io,,,,,,,,,2025-07-ton gramnews-apps ton.app,
audit,20,JettonTonGuard,jettontonguard,quiet,0,,,https://t.me/JettonTonGuard_Bot,https://t.me/JettonTonGuard,,https://app.scriptsnap.site/,,,,,,,,,dyor.io gramnews-apps ton.app,"TON token analytics: contract, liquidity, holders"
audit,21,PositiveWeb3,positiveweb3,quiet,0,,,https://t.me/positiveweb3,,https://x.com/PositiveWeb3,,https://github.com/PositiveSecurity,,2026-07-20,,,,,,2025-07-ton ton-society-ecosystem-map,
audit,22,QuillAudits,quillaudits,quiet,0,,,https://t.me/quillaudits_official,,https://x.com/quillaudits_ai,https://quillaudits.com/,https://github.com/Quillhash/QuillAudit_Reports,,2026-10-01,,,,,,2025-07-ton gramnews-apps ton-society-ecosystem-map ton.app,
audit,23,re:doubt,re-doubt,quiet,0,,,https://t.me/uShopWeb,https://t.me/uShopWebBot,,https://www.redoubt.online/,https://github.com/re-doubt,,2025-07-22,,,,,,2023-10-tonpost gramnews-apps ton-society-ecosystem-map ton.app,
audit,24,ScaleBit,scalebit,quiet,0,,,https://t.me/BitsLabHQ,,https://x.com/scalebit_,https://www.scalebit.xyz,,,,,,,,,2025-07-ton gramnews-apps ton.app,
audit,25,Scam-detect,scam-detect,quiet,0,,,https://t.me/scam_detect_ru,https://t.me/scam_detectg_bot,,,,,,,,,,,dyor.io gramnews-apps ton.app,
audit,26,Scorechain,scorechain,quiet,0,,,https://t.me/scorechainbot,,https://x.com/scorechain,,,,,,,,,,2025-07-ton ton-society-ecosystem-map,
audit,27,Solidity auditor,solidity-auditor,quiet,0,,,https://t.me/LegalKornet,,https://x.com/legalkornet,https://www.legal-kornet.com,https://github.com/Silent47boryara/AuditBadge,,2025-11-06,,,,,,gramnews-apps ton.app,
audit,28,Spide,spide,quiet,0,,,https://t.me/spide,https://t.me/spide_robot,https://x.com/spidesecurity,https://spide.org,https://github.com/spidesecurity,,,,,,,,gramnews-apps ton.app,
audit,29,TokenGuide,tokenguide,quiet,0,,,https://t.me/tokenguidesecurity,https://t.me/tokenguide_bot,https://x.com/tokenguideio,https://tokenguide.io,,,,,,,,,dyor.io gramnews-apps ton.app,
audit,30,Verify,verify,quiet,0,,,https://t.me/verify_ton_ru,https://t.me/verify_eng,https://x.com/tribeton,,,,,,,,,,dyor.io gramnews-apps ton.app,
audit,31,Vidma,vidma,quiet,0,,,https://t.me/vidmasecurity,,https://x.com/Vidma_security,https://www.vidma.io,https://github.com/vidma-security,,2023-06-07,,,,,,gramnews-apps ton.app,
audit,32,Web3defender,web3defender,quiet,0,,,https://t.me/web3defender_bot,https://t.me/web3defender_alerts,,https://web3defender.tech,,,,,,,,,gramnews-apps ton.app,Web3defender — wallet and link fraud detection
bridges,1,Symbiosis,symbiosis,active,1,0,telegram,https://t.me/symbiosis_announcements,,https://x.com/symbiosis_fi,https://app.symbiosis.finance/,https://github.com/symbiosis-finance,2026-09-21,2026-10-01,8258,8258,19,,,2025-07-ton 2026-05-messari defillama dyor.io gramnews-apps gramnews-q3-2026 ton.app,
bridges,2,LayerZero,layerzero,active,1,0,editor,,,,https://layerzero.network,,,,,,,,,2025-07-ton 2026-05-messari gramnews-q3-2026,
bridges,3,Stargate,stargate,active,1,0,editor,,,,https://stargate.finance,,,,,,,,,2025-07-ton gramnews-q3-2026,
bridges,4,Rubic,rubic,active,1,0,telegram,https://t.me/cryptorubic,,https://x.com/cryptorubic,https://app.rubic.exchange,,2026-09-25,,10724,10724,25,,,dyor.io gramnews-apps gramnews-q3-2026 ton.app,
bridges,5,TAC,tac,active,1,1,gramnews,https://t.me/tacbuild,,,,,,,,,,,,2025-07-ton gramnews-q3-2026,
bridges,6,NEAR Intents,near-intents,active,1,0,editor,,,,https://near-intents.org,,,,,,,,,defillama gramnews-q3-2026,
bridges,7,TonTake Bridge,tontake-bridge,active,0,,telegram,https://t.me/TonTake,,https://x.com/tontakegame,,,2026-09-30,,110156,110156,152,,,gramnews-apps ton-society-ecosystem-map ton.app,
bridges,8,Orbit Bridge,orbit-bridge,active,0,,telegram+gramnews,https://t.me/OrbitChainChannel,https://t.me/bion_announcements,https://x.com/Orbit_Chain,https://bridge.orbitchain.io/,https://github.com/orbit-chain,2026-09-02,2026-08-11,3354,3354,7,,TVL $20K,2025-07-ton defillama dyor.io gramnews-apps gramnews-feed ton-society-ecosystem-map ton.app,
bridges,9,SoDEX Bridge,sodex-bridge,active,0,,market,,,https://x.com/sodex_official,https://ssi.sosovalue.com,,,,,,,,TVL $12K,defillama,SoDEX is a high-performance order book decentralized exchange (DEX) built on ValueChain.
bridges,10,TAC Cross Chain Layer,tac-cross-chain-layer,active,0,,market,,,https://x.com/tacbuild,https://tac.build,,,,,,,,TVL $1.7M,defillama,"TAC Cross Chain Layer is a messaging and custody layer connecting TON and TAC EVM, locking native TON assets and minting wrapped tokens for use in TAC miniapps"
bridges,11,TON ↔ BSC,ton-bsc,active,0,,gramnews,https://t.me/contest,https://t.me/cryptouser_bot,,https://bridge.ton.org,https://github.com/ton-blockchain,,2026-10-01,,,,,,gramnews-apps gramnews-feed ton.app,
bridges,12,AnyTap,anytap,quiet,0,,,,https://t.me/anytap_bot,https://x.com/anytap_dapps,,,,,,,,23919,,dyor.io gramnews-apps,
bridges,13,TON Bridge,ton-bridge,quiet,0,,,https://t.me/tonbankcard,https://t.me/TONBridge_robot,https://x.com/tonbankcard,https://bridge.tonbankcard.com,https://github.com/xlabtg,,2026-09-28,,,,123,,2025-07-ton-cis-hub-q2 2025-ton-cis-hub dyor.io gramnews-apps ton-society-ecosystem-map ton.app,Bridge for transferring USDT and USDC from other chains to TON
bridges,14,Axai on Waves,axai-on-waves,quiet,0,,,,https://t.me/wavesaxaibot,https://x.com/wxnetwork,,,,,,,,,,dyor.io gramnews-apps,
bridges,15,island3,island3,quiet,0,,,https://t.me/dedust_en,https://t.me/dedustBot,https://x.com/rangersprotocol,https://bridge.rangersprotocol.com/,https://github.com/rangersprotocolcode,,2025-07-28,,,,,,dyor.io gramnews-apps,
bridges,16,Transit Swap,transit-swap,quiet,0,,,,https://t.me/degenerativespacebot,https://x.com/TransitFinance,https://swap.transit.finance/,,,,,,,,,2025-07-ton dyor.io gramnews-apps ton.app,
bridges,17,VIZ gateway,viz-gateway,quiet,0,,,https://t.me/viz_world,https://t.me/viz_cx,,https://gateway.viz.cx,https://github.com/viz-cx/viz-gateway,,2026-08-30,,,,,,gramnews-apps ton.app,VIZ gateway — bridge between GRAM and Solana chains for wVIZ
bridges,18,Layerswap,layerswap,closed,0,,,,https://t.me/lowkeybrokeybot,https://x.com/layerswap,https://layerswap.io,https://github.com/layerswap,,2026-10-01,,,,,,2025-07-ton 2026-05-messari dyor.io gramnews-apps ton.app,
bridges,19,XP.NETWORK,xp-network,closed,0,,,https://t.me/XP_NETWORK_Ann,https://t.me/siptg_bot,https://x.com/xpnetwork_,https://bridge.xp.network/,https://github.com/XP-NETWORK,,2025-02-07,,,,,,2025-07-ton dyor.io gramnews-apps ton-society-ecosystem-map ton.app,
staking,1,Hipo,hipo-staking,active,1,1,telegram,https://t.me/hipofinance,,https://x.com/hipofinance,https://app.hipo.finance/,https://github.com/HipoFinance,2026-09-21,2026-10-01,99140,99140,21,,,2024-06-dwf-ventures 2024-06-ton-degen 2025-07-ton 2026-05-messari defillama dyor.io gramnews-apps gramnews-feed gramnews-q3-2026 ton-society-ecosystem-map ton.app,Hipo Staking — GRAM staking on TON with hGRAM rewards
staking,2,Tonstakers,tonstakers-staking,active,1,1,telegram,https://t.me/thetonstakers,,https://x.com/tonstakers,https://app.tonstakers.com/,,2026-08-12,,87100,87100,5,,,2023-10-tonpost 2024-06-dwf-ventures 2024-06-ton-degen 2025-07-ton 2026-05-messari dyor.io gramnews-apps gramnews-q3-2026 ton-society-ecosystem-map ton.app,Tonstakers – liquid staking app for GRAM
staking,3,Stakee,stakee,active,1,1,telegram,https://t.me/stakeeru,,https://x.com/stable_metal,https://stakee.org,https://github.com/ton-blockchain,,2026-10-01,7620,7620,2,,,2024-06-dwf-ventures 2024-06-ton-degen 2025-07-ton 2026-05-messari defillama dyor.io gramnews-apps gramnews-q3-2026 ton-society-ecosystem-map ton.app,TON staking with up to 25% APY and instant withdrawals.
staking,4,KTON,kton-lst,active,1,1,telegram,https://t.me/kton_channel,,https://x.com/kton_io,https://kton.io/,https://github.com/KTON-IO/liquid-staking-contract,2026-09-28,2025-05-29,74,74,1,,,2025-07-ton awesome-ton defillama gramnews-apps gramnews-q3-2026 ton-society-ecosystem-map ton.app,KTON LST — staking TON with a liquid KTON token
staking,5,TON Validators,ton-validators,active,1,1,site,,,,,,,,,,,,,2023-10-tonpost 2025-07-ton dyor.io gramnews-apps gramnews-q3-2026 ton-society-ecosystem-map,
staking,6,UTONIC,utonic,active,1,1,editor,,,,https://utonic.org,,,,,,,,,2025-07-ton 2026-05-messari defillama gramnews-q3-2026,
staking,7,bemo,bemo,active,1,1,editor,,,,https://bemo.finance,,,,,,,,,2023-10-tonpost 2024-06-dwf-ventures 2024-06-ton-degen 2025-07-ton 2026-05-messari gramnews-q3-2026,
staking,8,Butterflys,butterflys,active,0,,gramnews,https://t.me/HipoFinance,https://t.me/realbutterflys_bot,https://x.com/Butterflyonton,https://app.hipo.finance/#/referrer=UQDo7L_NkX2FBF5WDKBvIA-lFXUvRMpou6Yc1076Q1j8FkcW/,https://github.com/HipoFinance,,2026-10-01,,,,13622,,dyor.io gramnews-apps gramnews-feed,
staking,9,bemo V1,bemo-v1,active,0,,market,,,https://x.com/bemo_fi,https://bemo.fi/,,,,,,,,TVL $2.1M,defillama,The liquid staking protocol on the TON blockchain.
staking,10,bemo V2,bemo-v2,active,0,,market,,,https://x.com/bemo_fi,https://bemo.fi/,,,,,,,,TVL $0.5M,defillama,The liquid staking protocol on the TON blockchain.
staking,11,Ethena tsUSDe,ethena-tsusde,active,0,,market,,,https://x.com/ethena,https://www.app.ethena.fi,,,,,,,,TVL $3.0M,defillama,tsUSDe is a special version of sUSDe deployed on TON
staking,12,SettleTON,settleton,active,0,,market,,,https://x.com/TonSettle,https://x.com/TonSettle,,,,,,,,TVL $83K,defillama,SettleTON is the First TON Liquidity Pool Index Fund that maximises yields by helping users invest in the most reliable TON Projects in just one click.
staking,13,TonPools,tonpools,active,0,,market,,,https://x.com/TonPools_Com,,,,,,,,,TVL $16K,defillama,TonPools is a dapp built on the TON Blockchain that offers prize-linked savings accounts. The platform allows users to stake their TON coins and participate in prize draws without risking their initia
staking,14,Tonstakers LSD,tonstakers-lsd,active,0,,market,,,https://x.com/tonstakers,https://tonstakers.com,,,,,,,,TVL $198.5M,defillama,The Open Network Liquid Staking protocol empowering TON DeFi ecosystem
staking,15,PAKETKA,paketka,quiet,0,,,,https://t.me/paketka2_bot,https://x.com/swap_coffee_ton,https://swap.coffee/dex?referral=user_UQDo7L_NkX2FBF5WDKBvIA-lFXUvRMpou6Yc1076Q1j8FkcW,,,,,,,30981,,dyor.io gramnews-apps,
staking,16,Shieldeum Node Rewards,shieldeum-node-rewards,quiet,0,,,https://t.me/predicton_news,https://t.me/shieldeumbot,https://x.com/Shieldeum,https://shieldeum.net,,,,,,,12958,,dyor.io gramnews-apps,
staking,17,tbook,tbook,quiet,0,,,,https://t.me/tbook_incentive_bot,https://x.com/cocopark_io,,,,,,,,12613,,2024-06-ton-degen 2025-07-ton dyor.io gramnews-apps,
staking,18,Bemo liquid staking,bemo-liquid-staking,quiet,0,,,https://t.me/bemofinance,https://t.me/bemo_finance_bot,https://x.com/bemo_fi,https://bemo.fi/,,,,,,,11729,,dyor.io gramnews-apps ton-society-ecosystem-map ton.app,Bemo — a liquid staking platform on the TON blockchain
staking,19,TonFarm,tonfarm,quiet,0,,,,https://t.me/tongame_farms_bot,https://x.com/tongameapp,,,,,,,,11050,,dyor.io gramnews-apps,
staking,20,SynQuest,synquest,quiet,0,,,,https://t.me/synquestbot,https://x.com/Fishwar_io,,,,,,,,10464,,dyor.io gramnews-apps,
staking,21,BounceTon Restaking,bounceton-restaking,quiet,0,,,,https://t.me/bounceton_bot,https://x.com/BouncTon,,,,,,,,10152,,dyor.io gramnews-apps,
staking,22,Buzz,buzz,quiet,0,,,,https://t.me/buzz_mine_bot,https://x.com/BuzzWeb3_,,,,,,,,10137,,dyor.io gramnews-apps,
staking,23,G9 Token,g9-token,quiet,0,,,,https://t.me/g9tokenbot,,,,,,,,,10121,,dyor.io gramnews-apps,
staking,24,YouHold,youhold,quiet,0,,,,https://t.me/youhold_bot,https://x.com/youhold_ton,,,,,,,,138,,dyor.io gramnews-apps,
staking,25,NotStakers,notstakers,quiet,0,,,https://t.me/notcoin,https://t.me/notstacker_bot,,,,,,,,,25,,dyor.io gramnews-apps,
staking,26,Bimcoin - TON DeFi Protocol.,bimcoin-ton-defi-protocol,quiet,0,,,https://t.me/Bimlight_Group,https://t.me/BimlightBot,https://x.com/Bim_Light,https://bimlight.org,,,,,,,,,dyor.io gramnews-apps,
staking,27,Fanzee,fanzee,quiet,0,,,https://t.me/viz_world,https://t.me/viz_cx,,https://app.fanz.ee/staking,https://github.com/viz-cx/viz-gateway,,2026-08-30,,,,,,2023-10-tonpost 2024-06-dwf-ventures gramnews-apps ton-society-ecosystem-map ton.app,
staking,28,Farmix,farmix,quiet,0,,,,,https://x.com/TonFarmix,,,,,,,,,,defillama,Leverage yield farming based on TON blockchain
staking,29,MINTODINOS Staking,mintodinos-staking,quiet,0,,,https://t.me/mintodinos,https://t.me/mintodinos_staking_bot,https://x.com/TonStars_,,,,,,,,,,dyor.io gramnews-apps ton.app,
staking,30,Palette Finance,palette-finance,quiet,0,,,,https://t.me/palettefinancebot,,,,,,,,,,,2025-07-ton-cis-hub-q2 2025-ton-cis-hub,
staking,31,TON Whales,ton-whales,quiet,0,,,https://t.me/whalessupportbot,,https://x.com/whalescorp,,https://github.com/tonwhales,,2026-08-13,,,,,,2023-10-tonpost 2024-06-ton-degen 2025-07-ton ton-society-ecosystem-map,
staking,32,TonStake.com,tonstake-com,quiet,0,,,,https://t.me/AveSniperBot,https://x.com/tonstakecom,https://tonstake.com/,https://github.com/awesome-doge,,2026-10-01,,,,,,2023-10-tonpost gramnews-apps ton-society-ecosystem-map ton.app,
staking,33,Tonverse,tonverse,quiet,0,,,,https://t.me/gohotbanana_bot,https://x.com/verse_ton,,,,,,,,,,dyor.io gramnews-apps,
staking,34,Tonyielding,tonyielding,quiet,0,,,https://t.me/tonyielding,https://t.me/tonyieldingbot,https://x.com/Tonyielding,https://www.tonyielding.com/,https://github.com/marakitio,,,,,,,,2025-07-ton defillama dyor.io gramnews-apps ton.app,
staking,35,UTN Staking,utn-staking,quiet,0,,,https://t.me/uniton_token,https://t.me/swapsterbot,https://x.com/uniton_official,https://app.unitontoken.com,,,,,,,,,dyor.io gramnews-apps ton.app,
staking,36,Whales Staking,whales-staking,quiet,0,,,https://t.me/stakeonwhales,,https://x.com/whalescorp,https://tonwhales.com/staking,https://github.com/tonwhales,,2026-08-13,,,,,,gramnews-apps ton.app,
staking,37,XBANKING,xbanking,quiet,0,,,https://t.me/xbanking,https://t.me/secondlive_bot,https://x.com/xbankingapp,https://xbanking.org,https://github.com/SecondLive,,2023-02-09,,,,,,dyor.io gramnews-apps,
staking,38,YieldFort Protocol,yieldfort-protocol,quiet,0,,,,https://t.me/ton_yieldfortbot,https://x.com/yieldfort,,,,,,,,,,dyor.io gramnews-apps,
staking,39,Parraton,parraton,closed,0,,,,https://t.me/parraton_bot,https://x.com/parraton_com,,,,,,,,186940,TVL $6K,2026-05-messari defillama dyor.io gramnews-apps,Yield Optimizer on TON 😎
staking,40,Beetroot Finance,beetroot-finance,closed,0,,,https://t.me/BeetrootFinance,https://t.me/BeetrootFiBot,https://x.com/beetroot_fi,https://beetroot.finance,https://github.com/Beetroot-fi,,2025-06-06,,,,11749,TVL $1K,2025-07-ton-cis-hub-q2 2025-ton-cis-hub defillama dyor.io gramnews-apps ton.app,
lending,1,EVAA Protocol,evaa-protocol,active,1,1,gramnews,https://t.me/evaaprotocol,,https://x.com/evaaprotocol,,https://github.com/evaafi,,2026-08-30,,,,,,2023-10-tonpost 2024-06-dwf-ventures 2024-06-ton-degen 2025-07-ton 2026-05-messari defillama dyor.io gramnews-apps gramnews-q3-2026 ton.app,
lending,2,TONLender,tonlender,active,1,1,telegram+mau,https://t.me/tonlender_ru,,https://x.com/tonlender,https://tonlender.com,,2026-09-28,,16400,7262,23,16400,,gramnews-apps gramnews-q3-2026 ton.app,Borrow GRAM against NFT collateral on TON
lending,3,DAOLama,daolama,active,1,1,telegram,https://t.me/daolama,,https://x.com/daolama_ton,https://daolama.co?utm_source=tonapp&utm_medium=marketplace&utm_campaign=NFT_service,,2026-09-24,,11081,11081,5,,,2023-10-tonpost 2024-06-dwf-ventures 2024-06-ton-degen 2025-07-ton defillama dyor.io gramnews-apps gramnews-feed gramnews-q3-2026 ton-society-ecosystem-map ton.app,DAOLama is a lending service for NFT collateral that is closing soon.
lending,4,GTC (Gift To Credit),gtc,active,1,1,telegram+editor,https://t.me/gifttocredit_new_age,,,,,2026-08-20,,9267,9267,26,,,gramnews-q3-2026,
lending,5,Fiva,fiva,active,1,1,telegram,https://t.me/fiva_protocol,,https://x.com/FivaProtocol,https://thefiva.com,,2026-07-21,,1580,1580,1,,,2025-07-ton defillama dyor.io gramnews-apps gramnews-feed gramnews-q3-2026,
lending,6,Octalend,octalend,active,1,1,telegram,https://t.me/octalend,,https://x.com/octalend,https://octalend.xyz,,2026-09-24,,542,542,4,,,dyor.io gramnews-apps gramnews-q3-2026,Octalend — NFT and gift-backed lending on TON
lending,7,Aqua Protocol (CDP),aqua-protocol-cdp,active,1,1,telegram,https://t.me/aquaprotocolxyzchannel,,https://x.com/aquaprotocolxyz,https://aquaprotocol.xyz/?utm_source=tonapp&utm_medium=ecosystem&utm_campaign=aqua,,,,487,487,1,,,dyor.io gramnews-apps gramnews-q3-2026 ton.app,
lending,8,Delea Finance,delea-finance,active,1,1,telegram,https://t.me/delea_finance,,https://x.com/DeleaFinance,https://delea.finance/,,2026-09-09,,1,1,1,,,2026-05-messari defillama gramnews-apps gramnews-q3-2026 ton.app,
lending,9,Affluent,affluent-tvl,active,1,1,editor,https://t.me/Affluent,https://t.me/affluentappbot,https://x.com/affluentorg,https://affluent.org,,,,,,,,,2025-07-ton 2026-05-messari defillama dyor.io gramnews-apps gramnews-q3-2026 ton.app,Affluent is a Telegram mini app for staking
lending,10,Telegram USD,telegram-usd,active,0,,market,,,https://x.com/TorchTon,https://torch.finance,,,,,,,,TVL $0.4M,defillama,"Telegram USD is a blue-chip-backed stablecoin on the TON blockchain, designed for cross-chain yield and seamless payments. It’s easy to mint, secure, and optimized for DeFi on Telegram."
lending,11,AXUS Protocol,axus-protocol,quiet,0,,,https://t.me/axusprotocol,https://t.me/AXUSProtocol_bot,https://x.com/axusprotocol,https://axus-protocol.web.app,https://github.com/axusprotocol/axusprotocol,,2025-05-25,,,,,,gramnews-apps ton.app,
lending,12,Telegram USD (tgusd),telegram-usd-tgusd,quiet,0,,,,https://t.me/torch_ton,https://x.com/TorchTon,https://torch.finance,https://github.com/torch-core,,2026-06-30,,,,,,dyor.io gramnews-apps ton.app,Telegram USD (tgusd) — yield-generating stablecoin on TON.
lending,13,Tonpound,tonpound,quiet,0,,,,https://t.me/tonpoundbot,,,,,,,,,,,2024-06-dwf-ventures,
lending,14,TonStable,tonstable,quiet,0,,,https://t.me/TonStableOfficial,https://t.me/TonStableBot,https://x.com/TonStable,https://tonstable.xyz/,,,,,,,,TVL $2K,defillama dyor.io gramnews-apps ton.app,
perps,1,Storm Trade,storm-trade,active,1,1,telegram,https://t.me/storm_trade_news,,https://x.com/storm_trade_ton,https://storm.tg/,,2026-09-28,,45420,45420,11,,,2023-10-tonpost 2024-06-dwf-ventures 2024-06-ton-degen 2025-07-ton 2025-07-ton-cis-hub-q2 2025-ton-cis-hub 2026-05-messari defillama dyor.io gramnews-apps gramnews-q3-2026 ton-society-ecosystem-map ton.app,Storm Trade — leveraged DEX in Telegram for trading on TON
perps,2,Tradoor,tradoor,active,1,1,telegram,https://t.me/tradoor_io,,https://x.com/tradoor_io,https://tradoor.io,https://github.com/TonTradoor,2026-09-30,2025-09-16,19162,19162,29,,,2024-06-ton-degen 2025-07-ton 2026-05-messari defillama dyor.io gramnews-apps gramnews-q3-2026 ton-society-ecosystem-map ton.app,Tradoor is a decentralized exchange for trading options and perpetual futures on TON.
perps,3,WenLong,wenlong,active,1,1,telegram,https://t.me/wenlongnews,,,,,2026-09-20,,6123,6123,16,,,gramnews-q3-2026,
perps,4,Hyperliquid,hyperliquid,active,1,0,editor,,,,https://hyperliquid.xyz,,,,,,,,,gramnews-q3-2026,
perps,5,Vooi App,vooi-app,active,1,0,telegram,https://t.me/vooi_app,,,,,2026-09-16,,23670,23670,7,,,2025-07-ton-cis-hub-q2 2025-ton-cis-hub dyor.io gramnews-apps gramnews-q3-2026,
perps,6,Aster,aster,active,1,0,editor,,,,https://www.asterdex.com,,,,,,,,,gramnews-q3-2026,
perps,7,Lighter,lighter,active,1,0,editor,,,,https://lighter.xyz,,,,,,,,,gramnews-q3-2026,
rwa,1,XAUt,tether-gold,active,1,0,telegram,https://t.me/tether,,,https://gold.tether.to,,2026-09-28,,76920,76920,18,,,2025-07-ton gramnews-q3-2026,
rwa,2,Stable Metal,stable-metal,active,1,1,telegram,https://t.me/stablemetal,,https://x.com/stable_metal,https://stablemetal.com,https://github.com/Stable-Metal/SLAG-Collection,2026-08-21,2024-07-14,2185,2185,12,,,dyor.io gramnews-apps gramnews-q3-2026 ton.app,
rwa,3,USDT,usdt,active,1,0,gramnews,,,,https://tether.to,,,,,,,,,gramnews-q3-2026,
rwa,4,Ethena USDe,ethena,active,1,0,editor,,,,https://ethena.fi,,,,,,,,,2025-07-ton gramnews-q3-2026,
rwa,5,Diamore,diamore,quiet,0,,,https://t.me/diamoremarket,https://t.me/diamorecryptobot,https://x.com/diamore_market,https://diamore.co,,,,,,,10754,,dyor.io gramnews-apps,
rwa,6,SOLARIAN TECH,solarian-tech,quiet,0,,,,https://t.me/solariantechbot,https://x.com/MOONTOKENMINING,,,,,,,,4303,,dyor.io gramnews-apps,
rwa,7,TokenizeTrade,tokenizetrade,quiet,0,,,https://t.me/tokenizetrade,https://t.me/tokenizetradebot,https://x.com/tokenizetrade,https://www.tokenize.trade,,,,,,,3061,,dyor.io gramnews-apps,
rwa,8,Aqua Protocol,aqua-protocol,quiet,0,,,https://t.me/aquaprotocolxyz,,https://x.com/aquaprotocolxyz,,,,,,,,,,2023-10-tonpost 2024-06-dwf-ventures 2024-06-ton-degen defillama ton-society-ecosystem-map,
rwa,9,Nexton,nexton,quiet,0,,,,,https://x.com/NextonNode,https://www.nexton.solutions,,,,,,,,,2024-06-ton-degen defillama,"NEXTON is a staking and arbitrage platform designed to maximize rewards in the TON ecosystem, targeting DeFi enthusiasts, investors seeking higher yields through automated strategies, and general Tele"
nasdaq,1,TON Strategy,ton-strategy,active,1,1,gramnews,,,,https://tonstrat.com,,,,,,,,,gramnews-q3-2026,
nasdaq,2,Alpha Compute,alpha-compute,active,1,1,gramnews,,,,https://alphacompute.com,,,,,,,,,gramnews-q3-2026,
catalogs,1,Gram News,gramnews,active,1,1,telegram+editor,https://t.me/gramnews,,,https://gramnews.org,,2026-09-30,,478589,478589,172,,,gramnews-q3-2026,
catalogs,2,TON App,ton-app-site,active,1,1,site,,,,,https://github.com/toncenter/ton-wallet,,2025-08-21,,,,,,2023-10-tonpost 2025-07-ton gramnews-apps gramnews-q3-2026 ton-society-ecosystem-map ton.app,
catalogs,3,DYOR.io,dyor,active,1,1,site,,,,,,,,,,,,,2025-07-ton gramnews-q3-2026 ton-society-ecosystem-map,
catalogs,4,ton.website,ton-website,active,1,1,site,,,,,,,,,,,,,gramnews-q3-2026,
catalogs,5,FindMini.app,findmini,active,1,1,site,https://t.me/findminiapp,,,,,,,,,,,,2025-07-ton gramnews-q3-2026,
catalogs,6,TON App Center,ton-app-center,quiet,0,,,https://t.me/tonappcenterbot,,,,,,,,,,,,ton-society-ecosystem-map,
catalogs,7,Trending Apps,trending-apps,quiet,0,,,https://t.me/trendingapps,,,,,,,,,,,,2023-10-tonpost,
vpn,1,TonMobile eSIM,mobile,active,1,1,telegram+mau,https://t.me/tonmobile_en,,https://x.com/tonmobile_esim,https://tonmobile.com,,2026-08-25,,42297,5930,1,42297,,2025-07-ton dyor.io gramnews-apps gramnews-q3-2026 ton.app,Mobile eSIM Purchaser
vpn,2,SnapSIM,snapsim,active,1,1,mau,https://t.me/snapsimbot,,,https://snapsim.online,,,,12653,,,12653,,dyor.io gramnews-apps gramnews-q3-2026 ton.app,
vpn,3,Durev VPN,durev-vpn,active,1,1,telegram+mau,https://t.me/durevvpn,,,https://durevpn.com/,,2026-09-23,,812400,812400,10,243853,,dyor.io gramnews-apps gramnews-q3-2026,Durev VPN is a VPN service for fast and reliable internet access.
vpn,4,Resistance Tools,resistance-tools,active,1,1,telegram,https://t.me/resistancetools,,,https://resistance.dog,,2026-09-20,,4843,4843,3,,,gramnews-apps gramnews-q3-2026,"An open-source privacy toolkit for TON, run through the @ResistanceToolsBot bot."
vpn,5,1323vpn,1323vpn,active,1,0,telegram,https://t.me/vpn1323,,https://x.com/TonTakeGame,,,2026-09-24,,283,283,1,,,dyor.io gramnews-apps gramnews-q3-2026,
vpn,6,Connecton VPN,connecton-vpn,active,1,1,telegram,https://t.me/connectonbot,,,,https://github.com/Connecton,2026-09-15,2025-08-09,26,26,1,,,2023-10-tonpost gramnews-q3-2026 ton-society-ecosystem-map,
vpn,7,Depinsim,depinsim,quiet,0,,,https://t.me/depinsim,https://t.me/DepinSimBot,https://x.com/depinsim,https://www.depinsim.com/,,,,,,,13150,,dyor.io gramnews-apps ton.app,
vpn,8,ConnectMeGuru eSIM,connectmeguru-esim,quiet,0,,,https://t.me/esim_connectmeguru_bot,,https://x.com/connectmeguru,https://www.connectmeguru.com,,,,,,,,,gramnews-apps ton.app,
vpn,9,fedafone,fedafone,quiet,0,,,https://t.me/Channel_90Rich,https://t.me/app_90rich_bot,https://x.com/rich90492056,,,,,,,,,,gramnews-apps ton.app,
vpn,10,Gram VPN,gram-vpn,quiet,0,,,https://t.me/GramVPN,https://t.me/GramVBot,,,,,,,,,,,gramnews-apps,A VPN inside Telegram — the @GramVBot bot opens blocked websites through a blocking-bypass system and cuts ads.
vpn,11,hitvpnbot,hitvpnbot,quiet,0,,,https://t.me/hitvpnbot,,,,,,,,,,,,ton-society-ecosystem-map,
vpn,12,NETZ.RUN VPN,netz-run-vpn,quiet,0,,,https://t.me/netzrun_bot,,,,,,,,,,,,ton-society-ecosystem-map,
vpn,13,Plume Proxy,plume-proxy,quiet,0,,,https://t.me/plumeproxy_bot,,,,,,,,,,,,ton-society-ecosystem-map,
vpn,14,PlusOne VPN,plusone-vpn,quiet,0,,,,https://t.me/plusonevpn_bot,,,,,,,,,,,2025-ton-cis-hub,
vpn,15,telegramconnect,telegramconnect,quiet,0,,,https://t.me/townwifi,https://t.me/townwifibot,https://x.com/ArbitrageScan,,,,,,,,,,dyor.io gramnews-apps,
vpn,16,Tony VPN,tony-vpn,quiet,0,,,,https://t.me/tony_vpn_bot,https://x.com/thenotcoin,,,,,,,,,,dyor.io gramnews-apps,
vpn,17,VPN4TON,vpn4ton,quiet,0,,,https://t.me/vpn4ton_bot,,,,,,,,,,,,ton-society-ecosystem-map,
vpn,18,zonerift VPN,zonerift-vpn,quiet,0,,,https://t.me/TildaApp,https://t.me/zoneriftvpn_bot,https://x.com/zoneriftvpn,https://zonerift.com,,,,,,,,,dyor.io gramnews-apps,
nftcaps,1,Anonymous Numbers,nft-numbers,active,1,1,market,,,,https://fragment.com/gifts,,,,,,,,$497M,2023-10-tonpost gramnews-q3-2026,
nftcaps,2,Plush Pepe,nft-plushpepe,active,1,1,market,,,,https://fragment.com/gifts,,,,,,,,$23M,2025-07-ton gramnews-q3-2026,
nftcaps,3,Telegram Usernames,nft-usernames,active,1,1,market,,,,https://fragment.com/gifts,,,,,,,,$5.7M,2025-07-ton gramnews-q3-2026,
nftcaps,4,Scared Cat,nft-scaredcat,active,1,1,market,,,,https://fragment.com/gifts,,,,,,,,$5.5M,gramnews-q3-2026,
nftcaps,5,Heart Locket,nft-heartlocket,active,1,1,market,,,,https://fragment.com/gifts,,,,,,,,$2.7M,2025-07-ton gramnews-q3-2026,
tokens,1,GROYP,token-groyper,active,1,1,telegram,https://t.me/groyp,,,,,2026-09-30,,,,109,,+213%,gramnews-q3-2026,
tokens,2,UTYA,token-utya,active,1,1,telegram,https://t.me/MagicVipClub,https://t.me/utyagamebot,https://x.com/Utya_game,,,,,,,1,,+102%,dyor.io gramnews-apps gramnews-q3-2026,
tokens,3,XROCK,token-xrocket,active,1,1,telegram,https://t.me/xrocketnews,https://t.me/xrocket,https://x.com/xRocket_tg,,,2026-09-25,,,,17,,+74%,gramnews-q3-2026,"Token of xRocket, the exchange and wallet inside Telegram."
tokens,4,CHERRY,token-hot-cherry,active,1,1,telegram,https://t.me/HotCherryTG,https://t.me/cherrygame_io_bot,,,,2026-08-24,,,,1,,+58%,dyor.io gramnews-apps gramnews-q3-2026,
tokens,5,BabyDoge,token-baby-doge-coin,active,1,1,telegram,https://t.me/babydogecoin,,,,,2026-09-23,,,,23,,+47%,2024-06-ton-degen 2025-07-ton defillama gramnews-q3-2026,
tokens,6,HPO,token-hipo-governance-token,active,1,1,telegram,https://t.me/HipoFinance,,,,,2026-09-21,,,,21,,+45%,gramnews-q3-2026,
tokens,7,NOT,token-notcoin,active,1,1,telegram,https://t.me/notcoin,,,,,,,,,43,,+33%,2025-07-ton gramnews-q3-2026,
tokens,8,DOGS,token-dogs,active,1,1,telegram,https://t.me/dogs_community,,,,,2026-09-18,,,,16,,+31%,2025-07-ton gramnews-q3-2026,
tokens,9,RECA,token-the-resistance-cat,active,1,1,telegram,,,,,,,,,,7,,+25%,gramnews-q3-2026,
tokens,10,STON,token-ston-fi,active,1,1,telegram,https://t.me/stonfidex,,https://x.com/ston_fi,https://ston.fi,,2026-09-30,,,,84,,+13%,gramnews-q3-2026,
tokens,11,Blum (BLUM),token-blum,active,0,,telegram,https://t.me/blumcrypto,,,,,2026-09-29,,5904900,5904900,33,,"mcap $564K, 217,333 holders",tonapi-whitelist,
tokens,12,TONNEL Network (TONNEL),token-tonnel-network,active,0,,telegram,https://t.me/tonnel_en,,,,,2026-09-27,,2839376,2839376,326,,"mcap $0K, 18,037 holders",tonapi-whitelist,
tokens,13,Catizen (CATI),token-catizen,active,0,,telegram,https://t.me/CatizenAnn,,,,,2026-09-23,,1423100,1423100,28,,"mcap $39.6M, 1,631,846 holders",tonapi-whitelist,
tokens,14,$DROPEE (DROPEE),token-dropee,active,0,,telegram,https://t.me/dropee_community,,,,,2026-09-28,,1088540,1088540,34,,"mcap $0K, 3,494 holders",tonapi-whitelist,
tokens,15,Capybobo (PYBOBO),token-capybobo,active,0,,telegram,https://t.me/CapyboboNews,,,,,2026-09-18,,1022320,1022320,15,,"mcap $23.6M, 12,277 holders",tonapi-whitelist,
tokens,16,Not Pixel (PX),token-not-pixel,active,0,,telegram,https://t.me/notpixel_channel,,,,,2026-09-29,,455260,455260,14,,"mcap $2.6M, 1,168,885 holders",tonapi-whitelist,
tokens,17,GEMSTON (GEMSTON),token-gemston,active,0,,telegram,https://t.me/stonfidex,,,,,2026-09-30,,424646,424646,84,,"mcap $0K, 16,239 holders",tonapi-whitelist,
tokens,18,GoMining (GOMINING),token-gomining,active,0,,telegram,https://t.me/gmt_token,,,,,2026-09-28,,401410,401410,62,,"mcap $7.3M, 2,365 holders",tonapi-whitelist,
tokens,19,TON Station (MRSOON),token-ton-station,active,0,,telegram,https://t.me/tonstationgames,,,,,2026-08-04,,345800,345800,5,,"mcap $93K, 100,744 holders",tonapi-whitelist,
tokens,20,Hipo Staked GRAM (HGRAM),token-hipo-staked-gram,active,0,,telegram,https://t.me/HipoFinance,,,,,2026-09-21,,99140,99140,21,,"mcap $10.7M, 23,192 holders",tonapi-whitelist,
tokens,21,Tether Gold (XAUt0),token-tether-gold,active,0,,telegram,https://t.me/tether,,,,,2026-09-28,,76920,76920,18,,"mcap $20.0M, 16,854 holders",2026-05-messari tonapi-whitelist,
tokens,22,DuckChain Token (DUCK),token-duckchain-token,active,0,,telegram,https://t.me/DuckChainAnn,,,,,2026-07-20,,70300,70300,5,,"mcap $148K, 248,140 holders",tonapi-whitelist,
tokens,23,DuckCoin (DUCK),token-duckcoin,active,0,,telegram,https://t.me/duckcoin,,,,,2026-07-27,,52350,52350,3,,"mcap $83K, 9,583 holders",tonapi-whitelist,
tokens,24,Storm Trade (STORM),token-storm-trade,active,0,,telegram,https://t.me/storm_trade_news,,,,,2026-09-28,,45420,45420,11,,"mcap $1.4M, 25,943 holders",tonapi-whitelist,
tokens,25,LAMBO ($LAMBO),token-lambo,active,0,,telegram,https://t.me/lambospeak,,,,,2026-09-25,,42343,42343,31,,"mcap $262K, 5,996 holders",tonapi-whitelist,
tokens,26,Not Meme (MEM),token-not-meme,active,0,,telegram,https://t.me/notmeme,,,,,2026-09-01,,27200,27200,1,,"mcap $0K, 32,445 holders",tonapi-whitelist,
tokens,27,SOEX (SOEX),token-soex,active,0,,telegram,https://t.me/ShelterOfExiles,,,,,2026-09-30,,24939,24939,49,,"mcap $1.8M, 616 holders",tonapi-whitelist,
tokens,28,JetTon Games (JETTON),token-jetton-games,active,0,,telegram,https://t.me/jetannouncements,,,,,2026-09-30,,17953,17953,75,,"mcap $838K, 96,148 holders",tonapi-whitelist,
tokens,29,Povel Durev (DUREV),token-povel-durev,active,0,,telegram,https://t.me/poveldurev,,,,,2026-08-14,,16160,16160,4,,"mcap $694K, 55,172 holders",2024-06-ton-degen tonapi-whitelist,
tokens,30,Hydra,hydra,active,0,,telegram,https://t.me/ton_hydra_community,,https://x.com/ton_hydra,,,2026-09-27,,15000,15000,13,,,2024-06-ton-degen ton-society-ecosystem-map,
tokens,31,Ton Fish,ton-fish,active,0,,telegram,https://t.me/tonfish_tg,,,,,2026-08-26,,9980,9980,5,,,2024-06-ton-degen,
tokens,32,TON FISH MEMECOIN (FISH),token-ton-fish-memecoin,active,0,,telegram,https://t.me/tonfish_tg,,,,,2026-08-26,,9980,9980,5,,"mcap $526K, 67,132 holders",tonapi-whitelist,
tokens,33,Arbuz,arbuz,active,0,,telegram,https://t.me/tonarbuz,,https://x.com/arbuz_ton,,,2026-08-31,,9919,9919,6,,,2024-06-ton-degen ton-society-ecosystem-map,
tokens,34,Holdcoin (HOLD),token-holdcoin,active,0,,telegram,https://t.me/Holdcoin_Channel,,,,,2026-09-02,,9430,9430,1,,"mcap $87K, 17,867 holders",tonapi-whitelist,
tokens,35,Gifts Strategy (GIFTSTR),token-gifts-strategy,active,0,,telegram,https://t.me/giftsfomo,,,,,2026-09-09,,2397,2397,4,,"mcap $31K, 2,150 holders",tonapi-whitelist,
tokens,36,JVault Token (JVT),token-jvault-token,active,0,,telegram,https://t.me/JVault,,,,,2026-08-10,,2286,2286,2,,"mcap $0K, 21,899 holders",tonapi-whitelist,
tokens,37,The Resistance Cat,the-resistance-cat,active,0,,telegram,https://t.me/resistancecatton,,https://x.com/ResistanceCat,,,2026-07-29,,1433,1433,7,,,ton-society-ecosystem-map,
tokens,38,Mittens (MITTENS),token-mittens,active,0,,telegram,https://t.me/Mittenston,,,,,2026-07-24,,658,658,1,,"mcap $292K, 4,054 holders",tonapi-whitelist,
tokens,39,Long Capital (LNG),token-long-capital,active,0,,telegram,https://t.me/longcapitalstrategy,,,,,2026-08-27,,578,578,4,,"mcap $184K, 225 holders",tonapi-whitelist,
tokens,40,INSECTS,insects,active,0,,telegram,https://t.me/insects_futures,,https://x.com/insectsvip,,,2026-09-07,,118,118,1,,,ton-society-ecosystem-map,
tokens,41,ANON (ANON),token-anon,active,0,,telegram,https://t.me/anon_club,,,,,2026-09-30,,39,39,1,,"mcap $0K, 32,665 holders",tonapi-whitelist,
tokens,42,COFFEE (COFE),token-coffee,active,0,,telegram,https://t.me/coffeesolmeme,,,,,2026-09-05,,24,24,1,,"mcap $140K, 2,569 holders",tonapi-whitelist,
tokens,43,LLAMA (LLAMA),token-llama,active,0,,telegram,https://t.me/daolama_en,,,,,2026-09-22,,9,9,1,,"mcap $0K, 3,660 holders",tonapi-whitelist,
tokens,44,1RUS DAO (1RUSD),token-1rus-dao,active,0,,telegram,https://t.me/bitcon2024,,,,,2026-09-22,,3,3,1,,"mcap $375K, 4,090 holders",tonapi-whitelist,
tokens,45,@BTC25,btc25,quiet,0,,,https://t.me/tonbtc25,,https://x.com/daoproxima,,,,,,,,,,ton-society-ecosystem-map,
tokens,46,Amocucinare (AMORE),token-amocucinare,quiet,0,,,https://t.me/amoreAIcrypto,,,,,,,,,,,"mcap $488K, 5,212 holders",tonapi-whitelist,
tokens,47,ARTDRA Coin (ARTDRA),token-artdra-coin,quiet,0,,,https://t.me/artdracoin,,,,,,,,,,,"mcap $4.5M, 1,213 holders",tonapi-whitelist,
tokens,48,bemo Staked TON (STTON),token-bemo-staked-ton,quiet,0,,,https://t.me/bemofinanceENG,,,,,,,,,,,"mcap $2.1M, 16,210 holders",tonapi-whitelist,
tokens,49,Bombie (BOMB),token-bombie,quiet,0,,,https://t.me/BombieNews,,,,,,,,,,,"mcap $112K, 57,868 holders",tonapi-whitelist,
tokens,50,Bridged USD Coin (TON Bridge) (JUSDC),token-bridged-usd-coin-ton-bridge,quiet,0,,,,,,,,,,,,,,"mcap $56K, 4,498 holders",tonapi-whitelist,
tokens,51,BUILD (BUILD),token-build,quiet,0,,,https://t.me/join_community,,,,,,,,,,,"mcap $397K, 19,241 holders",tonapi-whitelist,
tokens,52,CATS (CATS),token-cats,quiet,0,,,https://t.me/Cats_housewtf,,,,,,,,,,,"mcap $112K, 205,090 holders",tonapi-whitelist,
tokens,53,Cubigator (CUB),token-cubigator,quiet,0,,,https://t.me/cubigatorton,,,,,,,,,,,"mcap $57K, 3,188 holders",tonapi-whitelist,
tokens,54,DeDust (DUST),token-dedust,quiet,0,,,https://t.me/dedust_en,,,,,,,,,,,"mcap $0K, 24,790 holders",tonapi-whitelist,
tokens,55,DIAMOND HANDS (DIAMOND),token-diamond-hands,quiet,0,,,https://t.me/DiamondHandsonTON,,,,,,,,,,,"mcap $208K, 1,344 holders",tonapi-whitelist,
tokens,56,DOGWIFHOOD (WIF),token-dogwifhood,quiet,0,,,https://t.me/dogwifhood_TON,,,,,,,,,,,"mcap $61K, 13,986 holders",tonapi-whitelist,
tokens,57,Durovs Dog (PYONYA),token-durovs-dog,quiet,0,,,https://t.me/PYONYATON,,,,,,,,,,,"mcap $131K, 1,734 holders",tonapi-whitelist,
tokens,58,DYOR Coin (DYOR),token-dyor-coin,quiet,0,,,https://t.me/DYORchatEN,,,,,,,,,,,"mcap $180K, 7,738 holders",tonapi-whitelist,
tokens,59,EMOB TON,emob-ton,quiet,0,,,https://t.me/emobton,,https://x.com/emobton,,https://github.com/emobton,,2024-07-29,,,,,,ton-society-ecosystem-map,
tokens,60,Ethena tsUSDe (tsUSDe),token-ethena-tsusde,quiet,0,,,,,,,,,,,,,,"mcap $2.5M, 3,219 holders",tonapi-whitelist,
tokens,61,Ethena USDe (USDe),token-ethena-usde,quiet,0,,,,,,,,,,,,,,"mcap $185.7M, 5,080 holders",tonapi-whitelist,
tokens,62,EVAA Protocol (EVAA),token-evaa-protocol,quiet,0,,,https://t.me/evaaprotocol,,,,,,,,,,,"mcap $4.4M, 2,683 holders",tonapi-whitelist,
tokens,63,EvoSimGame (ESIM),token-evosimgame,quiet,0,,,https://t.me/evolife_channel,,,,,,,,,,,"mcap $1K, 2,350 holders",tonapi-whitelist,
tokens,64,Fish,fish,quiet,0,,,https://t.me/tonfish_en,,https://x.com/tonfish_tg,,,,,,,,,,ton-society-ecosystem-map,
tokens,65,FPI Bank (FPIBANK),token-fpi-bank,quiet,0,,,https://t.me/fpibank,,,,,,,,,,,"mcap $83K, 78,381 holders",tonapi-whitelist,
tokens,66,Gentleman (MAN),token-gentleman,quiet,0,,,https://t.me/gentlemanton,,,,,,,,,,,"mcap $87K, 1,759 holders",tonapi-whitelist,
tokens,67,GOATS (GOATS),token-goats,quiet,0,,,https://t.me/realgoats_channel,,,,,,,,,,,"mcap $347K, 120,815 holders",tonapi-whitelist,
tokens,68,GOVNO (GOVNO),token-govno,quiet,0,,,https://t.me/cryptover1eng,,,,,,,,,,,"mcap $135K, 4,405 holders",tonapi-whitelist,
tokens,69,Grm (GRM),token-grm,quiet,0,,,https://t.me/gramcoinorg,,,,,,,,,,,"mcap $1.7M, 90,868 holders",tonapi-whitelist,
tokens,70,Hamster Kombat (HMSTR),token-hamster-kombat,quiet,0,,,https://t.me/hamster_kombat,,,,,,,,,,,"mcap $11.0M, 1,344,213 holders",tonapi-whitelist,
tokens,71,Hedgehog in the Fog,hedgehog-in-the-fog,quiet,0,,,https://t.me/hedgehoginthefogen,,,,,,,,,,,,2024-06-ton-degen,
tokens,72,Hot Cherry,hot-cherry,quiet,0,,,https://t.me/hotcherry_ton,,https://x.com/hotcherry_ton,,,,,,,,,,ton-society-ecosystem-map,
tokens,73,Huebel Bolt,huebel-bolt,quiet,0,,,https://t.me/boltfoundation,,https://x.com/boltlabston,,,,,,,,,,ton-society-ecosystem-map,
tokens,74,John Doge,john-doge,quiet,0,,,https://t.me/johndogeton,,https://x.com/JohnDogeTON,,,,,,,,,,ton-society-ecosystem-map,
tokens,75,jUSDT (jUSDT),token-jusdt,quiet,0,,,,,,,,,,,,,,"mcap $466K, 20,659 holders",tonapi-whitelist,
tokens,76,Laika,laika,quiet,0,,,https://t.me/laikaofficialstation,,https://x.com/LaikaOnTon,,,,,,,,,,ton-society-ecosystem-map,
tokens,77,Make TON Great Again (MTONGA),token-make-ton-great-again,quiet,0,,,https://t.me/mtonga_meme,,,,,,,,,,,"mcap $470K, 6,987 holders",tonapi-whitelist,
tokens,78,meh (MEH),token-meh,quiet,0,,,https://t.me/mehtoken,,,,,,,,,,,"mcap $23K, 13,200 holders",tonapi-whitelist,
tokens,79,Memhash (MEMHASH),token-memhash,quiet,0,,,https://t.me/memhash,,,,,,,,,,,"mcap $0K, 16,399 holders",tonapi-whitelist,
tokens,80,MOEW (MOEW),token-moew,quiet,0,,,https://t.me/moewcommunty,,,,,,,,,,,"mcap $1.5M, 1,207 holders",tonapi-whitelist,
tokens,81,Morfey,morfey,quiet,0,,,https://t.me/morfeyofficial,,https://x.com/morfeytoken,,,,,,,,,,2024-06-ton-degen ton-society-ecosystem-map,
tokens,82,NikolAI (NIKO),token-nikolai,quiet,0,,,https://t.me/NikolAIToncoinChat,,,,,,,,,,,"mcap $575K, 7,521 holders",tonapi-whitelist,
tokens,83,Not Notcoin,not-notcoin,quiet,0,,,https://t.me/not_notcoin,,https://x.com/Not_Notcoin,,,,,,,,,,ton-society-ecosystem-map,
tokens,84,OwnershipCoin (OC),token-ownershipcoin,quiet,0,,,https://t.me/ownershipcoin,,,,,,,,,,,"mcap $0K, 14,794 holders",tonapi-whitelist,
tokens,85,Paper Plane (PLANE),token-paper-plane,quiet,0,,,https://t.me/paperplane_ton,,,,,,,,,,,"mcap $540K, 8,723 holders",tonapi-whitelist,
tokens,86,Peng,peng,quiet,0,,,https://t.me/pengtoncoin,,https://x.com/pengtoncoin,,,,,,,,,,ton-society-ecosystem-map,
tokens,87,PinGo (PINGO),token-pingo,quiet,0,,,https://t.me/PinGo_AI,,,,,,,,,,,"mcap $4.2M, 12,278 holders",tonapi-whitelist,
tokens,88,PirateCash (PIRATE),token-piratecash,quiet,0,,,https://t.me/PirateCash_ENG,,,,,,,,,,,"mcap $1.6M, 3,468 holders",tonapi-whitelist,
tokens,89,PunkCity (PUNK),token-punkcity,quiet,0,,,https://t.me/TONPunksENG,,,,,,,,,,,"mcap $273K, 57,793 holders",tonapi-whitelist,
tokens,90,Redo,redo,quiet,0,,,https://t.me/redotoken,,https://x.com/redotoken,,,,,,,,,,ton-society-ecosystem-map,
tokens,91,Resistance Dog (REDO),token-resistance-dog,quiet,0,,,https://t.me/redotoken,,,,,,,,,,,"mcap $5.8M, 27,265 holders",tonapi-whitelist,
tokens,92,Resistance Girl (REGI),token-resistance-girl,quiet,0,,,https://t.me/ResistanceGirlCoin,,,,,,,,,,,"mcap $48K, 5,677 holders",tonapi-whitelist,
tokens,93,Rosecoin (ROSE),token-rosecoin,quiet,0,,,https://t.me/Rosecointon,,,,,,,,,,,"mcap $83K, 1,275 holders",tonapi-whitelist,
tokens,94,SAD MEOW (SADMEOW),token-sad-meow,quiet,0,,,https://t.me/sadmeowcto_portal,,,,,,,,,,,"mcap $52K, 1,367 holders",tonapi-whitelist,
tokens,95,Shard.Zone,shard-zone,quiet,0,,,https://t.me/tonshardzone,,https://x.com/ShardMarket,,,,,,,,,,ton-society-ecosystem-map,
tokens,96,Shitcoin (SHIT),token-shitcoin,quiet,0,,,https://t.me/Shitcoinrun,,,,,,,,,,,"mcap $32K, 17,539 holders",2024-06-ton-degen tonapi-whitelist,
tokens,97,Spintria (SP),token-spintria,quiet,0,,,https://t.me/spintr,,,,,,,,,,,"mcap $207K, 3,300 holders",tonapi-whitelist,
tokens,98,sTONks (STONKS),token-stonks,quiet,0,,,https://t.me/stonksonton,,,,,,,,,,,"mcap $193K, 1,892 holders",tonapi-whitelist,
tokens,99,TAC (TAC),token-tac,quiet,0,,,https://t.me/TACbuild,,,,,,,,,,,"mcap $9.3M, 9,764 holders",tonapi-whitelist,
tokens,100,TapSwapToken (TAPS),token-tapswaptoken,quiet,0,,,https://t.me/tapswapai,,,,,,,,,,,"mcap $0K, 6,444 holders",tonapi-whitelist,
tokens,101,The Open League MEME,the-open-league-meme,quiet,0,,,https://t.me/tolmeme,,https://x.com/tolmeme,,,,,,,,,,ton-society-ecosystem-map,
tokens,102,The Resistance Girl,the-resistance-girl,quiet,0,,,https://t.me/resistancegirl,,https://x.com/regitoncoin,,,,,,,,,,2024-06-ton-degen ton-society-ecosystem-map,
tokens,103,TOGE,toge,quiet,0,,,https://t.me/togeofficial,,https://x.com/TOGE_TON,,,,,,,,,,ton-society-ecosystem-map,
tokens,104,Ton Cat (TCAT),token-ton-cat,quiet,0,,,https://t.me/TheRealTCAT,,,,,,,,,,,"mcap $110K, 6,681 holders",tonapi-whitelist,
tokens,105,TON Cats Jetton,ton-cats-jetton,quiet,0,,,https://t.me/toncats_tg,,https://x.com/toncats_tg,,,,,,,,,,ton-society-ecosystem-map,
tokens,106,Ton Inu (TINU),token-ton-inu,quiet,0,,,https://t.me/toninutools,,,,,,,,,,,"mcap $86K, 7,127 holders",tonapi-whitelist,
tokens,107,TON Raffles (RAFF),token-ton-raffles,quiet,0,,,https://t.me/tonraffles_en,,,,,,,,,,,"mcap $0K, 142,933 holders",tonapi-whitelist,
tokens,108,Tonio (TONIO),token-tonio,quiet,0,,,https://t.me/toniomeme,,,,,,,,,,,"mcap $39K, 2,477 holders",tonapi-whitelist,
tokens,109,Tonk,tonk,quiet,0,,,https://t.me/tonkinu_official,,https://x.com/tonkinubot,,,,,,,,,,2024-06-dwf-ventures ton-society-ecosystem-map,
tokens,110,Tony The Duck,tony-the-duck,quiet,0,,,https://t.me/tonytheduck,,https://x.com/theducktony,,,,,,,,,,2024-06-ton-degen ton-society-ecosystem-map,
tokens,111,Tower (TOWER),token-tower,quiet,0,,,https://t.me/TowerToken,,,,,,,,,,,"mcap $938K, 1,305 holders",tonapi-whitelist,
tokens,112,Vertus (VERT),token-vertus,quiet,0,,,https://t.me/the_vertus,,,,,,,,,,,"mcap $487K, 143,178 holders",tonapi-whitelist,
tokens,113,WOOF (WOOF),token-woof,quiet,0,,,https://t.me/lostdogscoeng,,,,,,,,,,,"mcap $0K, 108,932 holders",tonapi-whitelist,
tokens,114,X Empire (X),token-x-empire,quiet,0,,,https://t.me/empirex,,,,,,,,,,,"mcap $0K, 555,528 holders",tonapi-whitelist,
nftmarkets,1,Getgems,getgems-mtmajh,active,1,1,telegram,https://t.me/getgems,https://t.me/wallet_arbitragescanner_bot,https://x.com/getgemsdotio,https://getgems.io/,https://github.com/getgems-io,,2026-09-29,271610,271610,16,,,2023-10-tonpost 2024-06-dwf-ventures 2024-06-ton-degen 2025-07-ton 2025-07-ton-cis-hub-q2 2025-ton-cis-hub 2026-05-messari dyor.io gramnews-apps gramnews-q3-2026 ton-society-ecosystem-map ton.app,
nftmarkets,2,Tonnel,tonnel-relayer-bot,active,1,1,telegram+mau,https://t.me/tonnel_en,,https://x.com/tonnel_network,https://Tonnel.network,https://github.com/Tonnel-Network/core,,2024-02-22,2839376,2839376,326,125108,,2023-10-tonpost 2024-06-dwf-ventures 2024-06-ton-degen 2025-07-ton defillama dyor.io gramnews-apps gramnews-feed gramnews-q3-2026 ton-society-ecosystem-map ton.app,P2P TON lending service against Telegram gifts.
nftmarkets,3,@MRKT,mrkt,active,1,1,mau+gramnews,,https://t.me/mrkt,,,,,,381885,,,381885,,2025-07-ton 2026-05-messari gramnews-apps gramnews-q3-2026,"A Telegram marketplace for digital assets — gifts, stickers and more, with floor-price purchases and a shopping cart."
nftmarkets,4,Marketapp,marketapp,active,1,1,gramnews,,,,https://marketapp.ws,,,,,,,,,2024-06-ton-degen 2025-07-ton dyor.io gramnews-apps gramnews-q3-2026,
nftmarkets,5,@Portals,portals-market,active,1,1,telegram+mau,https://t.me/portals_community,https://t.me/portals,https://x.com/portalsmarket,,,2026-09-21,,1818200,1818200,23,297742,,2025-07-ton 2025-07-ton-cis-hub-q2 2025-ton-cis-hub 2026-05-messari dyor.io gramnews-apps gramnews-feed gramnews-q3-2026,Portals Market is a marketplace for trading gifts and items.
nftmarkets,6,Gift Satellite,gift-satellite,active,1,1,telegram+mau+editor,https://t.me/giftsatellite,https://t.me/gift_satellite_bot,,,,2026-09-29,,431378,431378,121,21330,,2025-ton-cis-hub gramnews-q3-2026,
nftmarkets,7,webdom,webdom,active,1,1,site,,,,https://webdom.market,,,,,,,,,2025-07-ton 2025-ton-cis-hub gramnews-q3-2026,
nftmarkets,8,Telegifts,telegifts,active,1,1,telegram,https://t.me/telegiftsapp,,,,,2026-09-10,,18532,18532,12,,,2025-ton-cis-hub gramnews-q3-2026,
nftmarkets,9,Pixel Market,pixel-market,active,1,1,telegram,https://t.me/pixelmarket_fam,,https://x.com/PixelMarketX,https://notpixel.org,,2026-09-29,,119849,119849,15,,,gramnews-apps gramnews-feed gramnews-q3-2026 ton.app,
nftmarkets,10,Laffka NFT,laffka-nft,active,1,1,telegram,https://t.me/laffkanft,,,,,2026-09-30,,25652,25652,17,,,gramnews-q3-2026,
nftmarkets,11,Get Gifts,get-gifts,active,1,1,editor,,,,https://telegram-gifts.ru,,,,,,,,,gramnews-q3-2026,
nftmarkets,12,Swift Gifts,swift-gifts,active,1,1,telegram,https://t.me/swiftgifts_news,,,,,2026-09-10,,30889,30889,16,,,2025-07-ton-cis-hub-q2 2025-ton-cis-hub gramnews-q3-2026,
nftmarkets,13,@Thermos,thermos,active,1,1,mau,https://t.me/thermos_news,https://t.me/thermos,,,,,,27186,,,27186,,2025-07-ton dyor.io gramnews-apps gramnews-q3-2026,
nftmarkets,14,BeSigned,besigned,active,1,1,telegram+editor,https://t.me/besigned,https://t.me/besignedbot,,,,2026-09-27,,26404,26404,43,,,gramnews-q3-2026,
nftmarkets,15,Palace Market,palacenftbot,active,1,1,telegram,https://t.me/palaceproject,,,,,2026-08-30,,3630,3630,2,,,2025-07-ton 2025-ton-cis-hub gramnews-apps gramnews-q3-2026,
nftmarkets,16,@Tags Bot,tags-bot,active,1,1,telegram,https://t.me/tagged,,,https://tagsbot.netlify.app,,2026-09-26,,3516,3516,3,,,gramnews-apps gramnews-q3-2026 ton.app,A bot for buying and selling NFT and non-NFT tags
nftmarkets,17,Gift Go,gift-go,active,0,,mau,https://t.me/gift_board,https://t.me/giftgobot,,,,,,292849,,,292849,,gramnews-apps,A Telegram mini app for selling gift stickers with an authentication error page on open.
nftmarkets,18,NOT Punks,not-punks,active,0,,telegram,https://t.me/notpunks_official,,,,,2026-09-25,,13708,13708,17,,,2024-06-ton-degen,
nftmarkets,19,StarAI,starai,active,0,,,https://t.me/StarAI_Channel,https://t.me/thestaraibot,https://x.com/The_StarAI,https://starai.pro/,,,,1179,,,1179,,dyor.io gramnews-apps,
nftmarkets,20,Aqua Genesis NFTs,aqua-genesis-nfts,active,0,,telegram,https://t.me/aquaprotocolxyzchannelen,https://t.me/rigelappbot,,https://x.com/aquaprotocolxyz,,2026-09-29,,1150,1150,1,,,dyor.io gramnews-apps,
nftmarkets,21,TRIBE marketplace,tribe-marketplace,active,0,,telegram,https://t.me/tribe_ton,https://t.me/Tribeton_bot,https://x.com/tribeton,https://tribeton.io,,2026-09-19,,13,13,1,80,,dyor.io gramnews-apps ton.app,
nftmarkets,22,DMT Holder Assistant,dmt-holder-assistant,quiet,0,,,,https://t.me/dmt_community_bot,,,,,,,,,14255,,dyor.io gramnews-apps,
nftmarkets,23,Cubes,cubes,quiet,0,,,,https://t.me/cubesonthewater_bot,https://x.com/TractionEye,,,,,,,,6723,,dyor.io gramnews-apps,
nftmarkets,24,TonPixel,tonpixel,quiet,0,,,,https://t.me/tonpixel2049_bot,https://x.com/TonPixelWorld,,,,,,,,5541,,dyor.io gramnews-apps,
nftmarkets,25,Shardify,shardify,quiet,0,,,https://t.me/shardify,https://t.me/shardify_bot,https://x.com/shardify_app,https://shardify.app,,,,,,,2562,,2024-06-dwf-ventures dyor.io gramnews-apps,
nftmarkets,26,Farty Beetle NFT Bot,farty-beetle-nft-bot,quiet,0,,,,https://t.me/fart_beetle_bot,https://x.com/PumpGameIO,,,,,,,,1474,,dyor.io gramnews-apps,
nftmarkets,27,DropGift,dropgift,quiet,0,,,https://t.me/tondartist,https://t.me/dropgiftbot,,,,,,,,,515,,dyor.io gramnews-apps ton.app,
nftmarkets,28,Toniqueapp,toniqueapp,quiet,0,,,,https://t.me/tonique_bot,,,,,,352,,,352,,dyor.io gramnews-apps,
nftmarkets,29,QRMint,qrmint,quiet,0,,,,https://t.me/qrmint_bot,https://x.com/whatsgamesio,https://qr-mint.net/en,https://github.com/qr-mint/terminal,,2026-04-08,,,,23,,2025-07-ton-cis-hub-q2 2025-ton-cis-hub dyor.io gramnews-apps,QRMint — a platform for creating and selling NFTs
nftmarkets,30,Chainsim,chainsim,quiet,0,,,https://t.me/getchainsim,https://t.me/chainsim_chat,https://x.com/getchainsim,https://app.chainsim.io,https://github.com/chainsim/sdk-node,,2025-09-14,,,,,,dyor.io gramnews-apps ton.app,
nftmarkets,31,Fragment @username,fragment-username,quiet,0,,,https://t.me/PieTrade,https://t.me/PieTradeBot,https://x.com/Pie_Exchange,,,,,,,,,,gramnews-apps ton.app,
nftmarkets,32,G-Bots,g-bots,quiet,0,,,,https://t.me/gbots_bot,,,,,,,,,,,2023-10-tonpost,
nftmarkets,33,GhettoNFT,ghettonft,quiet,0,,,https://t.me/ghetton,https://t.me/jumanjirobot,,,,,,,,,,,dyor.io gramnews-apps,
nftmarkets,34,GIFTLIFT,giftlift,quiet,0,,,,https://t.me/giftlift_bot,,,,,,,,,,,2025-ton-cis-hub,
nftmarkets,35,GoGift,gogift,quiet,0,,,https://t.me/GoGift_official_bot,https://t.me/GoGift_announcements,,,,,,,,,,,dyor.io gramnews-apps ton.app,"GoGift — a mini app for opening cases with NFT gifts, playing Crash and PvP battles."
nftmarkets,36,Harbor Market,harbor-market,quiet,0,,,,https://t.me/harbormarketbot,,,,,,,,,,,2025-07-ton 2025-07-ton-cis-hub-q2 2025-ton-cis-hub,
nftmarkets,37,Kito so cool,kito-so-cool,quiet,0,,,,https://t.me/nordom_gates_bot,https://x.com/kitosocool,,,,,,,,,,dyor.io gramnews-apps,
nftmarkets,38,LONFT Alerts,lonft-alerts,quiet,0,,,,https://t.me/lonftbot,https://x.com/lunaornot,,,,,,,,,,dyor.io gramnews-apps,
nftmarkets,39,Market Playmuse,market-playmuse,quiet,0,,,https://t.me/playmuse,https://t.me/Bee_CoinBot,https://x.com/playmuseton,https://market.playmuse.org/,,,,,,,,,dyor.io gramnews-apps ton-society-ecosystem-map ton.app,
nftmarkets,40,Memeland,memeland,quiet,0,,,,https://t.me/metaland_bot,https://x.com/memeland_tg,,,,,,,,,,dyor.io gramnews-apps,Memeland is a Web3 application for earning crypto with memes and NFTs.
nftmarkets,41,Meta Panthers,meta-panthers,quiet,0,,,https://t.me/metapanthers_ru,https://t.me/libermallbot,https://x.com/LibermallNFT,https://metapanthers.ru,https://github.com/LiberMall,,2026-09-20,,,,,,dyor.io gramnews-apps,
nftmarkets,42,Mutant Gifts,mutant-gifts,quiet,0,,,,https://t.me/mutantgiftsbot,,,,,,,,,,,2025-ton-cis-hub,
nftmarkets,43,NameCatcher,namecatcher,quiet,0,,,https://t.me/NameCatcherBot,,,,https://github.com/productmap/namecatcher-skills,,2026-07-16,,,,,,gramnews-apps ton.app,
nftmarkets,44,NFT Drop Calendar,nft-drop-calendar,quiet,0,,,https://t.me/tonpro_for_builders,https://t.me/jobs_web3_bot,,,,,,,,,,,gramnews-apps ton-society-ecosystem-map ton.app,
nftmarkets,45,NFT ONE,nft-one-2,quiet,0,,,,,https://x.com/nftoneio,https://nftone.io/,,,,,,,,,2023-10-tonpost dyor.io gramnews-apps,
nftmarkets,46,NFT Scanner,nft-scanner,quiet,0,,,https://t.me/Arbitragescanner_official,https://t.me/wallet_arbitragescanner_bot,https://x.com/ArbitrageScan,https://arbitragescanner.io/,,,,,,,,,2023-10-tonpost dyor.io gramnews-apps ton.app,NFT Scanner — blockchain analysis and arbitrage opportunities tool
nftmarkets,47,NFT TONificaror,nft-tonificaror,quiet,0,,,https://t.me/nfttonificator,https://t.me/rb_click_bot,,,,,,,,,,,dyor.io gramnews-apps ton-society-ecosystem-map ton.app,
nftmarkets,48,NFTWallet,nftwallet,quiet,0,,,https://t.me/fragmentanalytics,https://t.me/fragmentanalyzer_bot,,,,,,,,,,,gramnews-apps ton-society-ecosystem-map ton.app,
nftmarkets,49,Playmuse,playmuse,quiet,0,,,https://t.me/playmuse,,,,,,,,,,,,2023-10-tonpost 2025-07-ton-cis-hub-q2 2025-ton-cis-hub,
nftmarkets,50,POLYTEND (Auction),polytend-auction,quiet,0,,,https://t.me/anonymous_numbers_auction,https://t.me/skull_x_bones_bot,,,,,,,,,,,dyor.io gramnews-apps ton.app,
nftmarkets,51,POLYTEND (DOM),polytend-dom,quiet,0,,,https://t.me/anonymous_numbers_dom,https://t.me/airdropvwsbot,https://x.com/VirtualsWorlds,,https://github.com/MagicVipPeople,,2024-05-23,,,,,,dyor.io gramnews-apps ton.app,
nftmarkets,52,PUPS TON,pups-ton,quiet,0,,,,https://t.me/pupsdropbot,https://x.com/pups_TON,,,,,,,,,,dyor.io gramnews-apps,
nftmarkets,53,Resistance Dog,resistance-dog,quiet,0,,,,https://t.me/thegmcoinbot,https://x.com/redotoken,,,,,,,,,,2024-06-ton-degen dyor.io gramnews-apps,
nftmarkets,54,Rich Cats,rich-cats,quiet,0,,,,https://t.me/richcatsbot,,,,,,,,,,,2023-10-tonpost,
nftmarkets,55,Royaltycoin,royaltycoin,quiet,0,,,https://t.me/tokencreatorcoin,https://t.me/Royaltycoin_bot,,,,,,,,,,,dyor.io gramnews-apps,
nftmarkets,56,SimpleNFT,simplenft,quiet,0,,,,https://t.me/simplenftbot,,,,,,,,,,,2025-07-ton-cis-hub-q2 2025-ton-cis-hub,
nftmarkets,57,SpinMi,spinmi,quiet,0,,,https://t.me/spinmibot,https://t.me/spinminews,https://x.com/spinmibot,https://spinmi.xyz,,,,,,,,,gramnews-apps ton.app,Creating animated coin emojis in Telegram
nftmarkets,58,Succulents Dreams,succulents-dreams,quiet,0,,,,https://t.me/tonsucculents_bot,https://x.com/tonsucculents,,,,,,,,,,dyor.io gramnews-apps,
nftmarkets,59,The Anime,the-anime,quiet,0,,,,https://t.me/cubesonthewater_bot,https://x.com/H1997_x,,,,,,,,,,dyor.io gramnews-apps,
nftmarkets,60,TON Diamonds NFT Deployer,ton-diamonds-nft-deployer,quiet,0,,,https://t.me/tondiamondsbot,,https://x.com/TonDiamonds,,https://github.com/tondiamonds/ton-nft-deployer,,2023-10-11,,,,,,ton-society-ecosystem-map,
nftmarkets,61,Toncoinco,toncoinco,quiet,0,,,,https://t.me/gamesbilliardsbot,https://x.com/ToncoinCo,,,,,,,,,,dyor.io gramnews-apps,
nftmarkets,62,Tonika,tonika,quiet,0,,,,,,https://tonika.me,,,,,,,,,gramnews-apps ton.app,
nftmarkets,63,TONNY,tonny,quiet,0,,,,https://t.me/pixelxfarm_bot,https://x.com/PixelXFarm,,,,,,,,,,dyor.io gramnews-apps,
nftmarkets,64,UseTon,useton,quiet,0,,,https://t.me/useton,https://t.me/use_ton_market_bot,,,,,,,,,,,dyor.io gramnews-apps,
nftmarkets,65,xRare (Tonex),xrare-tonex,quiet,0,,,https://t.me/tonexappbot,,https://x.com/xrarenft,,,,,,,,,,ton-society-ecosystem-map,
nftmarkets,66,xRareio,xrareio,quiet,0,,,https://t.me/versus_announcements,https://t.me/tonexappbot,https://x.com/0xVersus,,,,,,,,,,dyor.io gramnews-apps,
nftmarkets,67,Disintar.io,disintar-io,closed,0,,,,,,https://disintar.io/,,,,,,,,,2023-10-tonpost awesome-ton dyor.io gramnews-apps ton-society-ecosystem-map ton.app,
nftmarkets,68,TON Gifts,ton-gifts,closed,0,,,https://t.me/joinretrocoin,https://t.me/giftstonbot,https://x.com/joinretrocoin,https://retrocoin.me,,,,,,,,,2024-06-ton-degen dyor.io gramnews-apps,
launchpads,1,TopBlast,topblast,active,1,1,telegram,https://t.me/topblastdotlol,,,,,2026-09-30,,58996,58996,1598,,,gramnews-q3-2026,
launchpads,2,Meridian,meridian,active,1,1,telegram,https://t.me/meridian_wtf,,,,,2026-08-04,,4248,4248,6,,,2023-10-tonpost gramnews-q3-2026 ton-society-ecosystem-map,
launchpads,3,@Blum,blum-memepad,active,1,1,mau,https://t.me/blumcrypto_memepad,https://t.me/blum,https://x.com/blumcrypto,,,,,265828,,,265828,,2024-06-ton-degen 2025-07-ton 2026-05-messari defillama dyor.io gramnews-apps gramnews-q3-2026 ton.app,Blum Memepad is a trading platform for launching and trading meme coins.
launchpads,4,BigPump,bigpump,active,1,1,telegram,https://t.me/bigpumphub,,,,,2026-09-16,,40480,40480,3,,,2025-07-ton defillama gramnews-q3-2026,
launchpads,5,Uranus,uranus,active,1,1,telegram,https://t.me/nonameuranus,,,,,2026-09-30,,25232,25232,1596,,,gramnews-q3-2026,
launchpads,6,JVault,jvault,active,1,1,telegram,https://t.me/jvault,,https://x.com/JVault_app,https://jvault.xyz,https://github.com/JVault-app,2026-08-10,2026-08-17,2286,2286,2,,,2024-06-ton-degen 2025-07-ton defillama dyor.io gramnews-apps gramnews-q3-2026 ton-society-ecosystem-map ton.app,"JVault is a protocol for staking, launchpad, and locker on TON."
launchpads,7,PumpMeme,pumpmeme,active,1,1,telegram,https://t.me/pumpmemenews,,https://x.com/PumpMemeClub,,,2026-09-26,,1547,1547,20,,,dyor.io gramnews-apps gramnews-q3-2026 ton.app,
launchpads,8,DuckChain,duckchain,active,0,,telegram+mau,https://t.me/duckchainann,https://t.me/duckchain_bot,https://x.com/duck_chain,https://bridge.duckchain.io,,2026-07-20,,70300,70300,5,24436,,2025-07-ton dyor.io gramnews-apps,DuckChain is a service for staking and bridging crypto assets.
launchpads,9,Clarnium Games,clarnium-games,active,0,,mau,https://t.me/clarnium,https://t.me/ClarniumGame_bot,https://x.com/clarnium_io,https://clarnium.io/,,,,10405,,,10405,,gramnews-apps ton.app,Clarnium Games — a platform for launching tokens and earning meme coins through quests and competitions.
launchpads,10,Wizzwoods,wizzwoods,active,0,,,,https://t.me/wizzwoodsbot,,https://wizzwoods.com/,,,,6233,,,6233,,dyor.io gramnews-apps,
launchpads,11,NitroChain,nitrochain,active,0,,telegram,https://t.me/NitrochainNews,https://t.me/nitrochainbot,https://x.com/Nitrochainapp,https://nitrochain.space/,,2026-08-04,,2980,2980,2,59,,dyor.io gramnews-apps,NitroChain — blockchain infrastructure for fast and low-cost transactions
launchpads,12,Tonstarter,tonstarter,active,0,,gramnews,https://t.me/tonpro_for_builders,https://t.me/ton_starter_bot,https://x.com/ton_starter,https://tonstarter.com,,,,,,,,,2023-10-tonpost 2024-06-dwf-ventures 2024-06-ton-degen dyor.io gramnews-apps gramnews-feed ton.app,Tonstarter — a launchpad for projects on TON
launchpads,13,PLAYS Hub,plays-hub,quiet,0,,,,https://t.me/playshubbot,https://x.com/PlaysHub,,,,,,,,24678,,dyor.io gramnews-apps,
launchpads,14,TON of Memes,ton-of-memes,quiet,0,,,https://t.me/TON_of_Memes_Channel,https://t.me/TonOfMemesBot,https://x.com/useTONMemes,,,,,,,,23998,,dyor.io gramnews-apps ton.app,
launchpads,15,Planeton,planeton,quiet,0,,,https://t.me/planeton_hub,https://t.me/theplanetonbot,https://x.com/theplaneton,https://0xiceberg.com/,,,,,,,14434,,dyor.io gramnews-apps,
launchpads,16,Polyton App,polyton-app,quiet,0,,,,https://t.me/polytonappbot,https://x.com/cohortX_ai,,,,,,,,13974,,2024-06-ton-degen 2025-07-ton-cis-hub-q2 2025-ton-cis-hub dyor.io gramnews-apps,
launchpads,17,FUNTON.AI,funton-ai,quiet,0,,,https://t.me/funton_ai,https://t.me/funton_ai_app_bot,https://x.com/funton_ai,,,,,,,,12184,,dyor.io gramnews-apps,
launchpads,18,Quest Labs,quest-labs,quiet,0,,,https://t.me/torch_ton,https://t.me/questlabsbot,https://x.com/TorchTon,https://torch.finance,https://github.com/torch-core,,2026-06-30,,,,12130,,dyor.io gramnews-apps,
launchpads,19,Crypto Magnet,crypto-magnet,quiet,0,,,,https://t.me/magnet_crypto_bot,,,,,,,,,11996,,dyor.io gramnews-apps,
launchpads,20,ApePadcom,apepadcom,quiet,0,,,,https://t.me/apepad_bot,,,,,,,,,11923,,dyor.io gramnews-apps,
launchpads,21,SecretTonProject QQQ,secrettonproject-qqq,quiet,0,,,,https://t.me/secretpadbot,,,,,,,,,11303,,dyor.io gramnews-apps,
launchpads,22,OpenTap by Openpad,opentap-by-openpad,quiet,0,,,,https://t.me/openpadbot,https://x.com/Openpad_io,,,,,,,,11019,,dyor.io gramnews-apps,
launchpads,23,2040World,2040world,quiet,0,,,,https://t.me/world2040_bot,https://x.com/2040World,https://cloudflare.com,,,,,,,10917,,dyor.io gramnews-apps,PvP game on a space station with avatars and combat
launchpads,24,RoOLZ,roolz,quiet,0,,,https://t.me/roolznft,https://t.me/roolzquest_bot,https://x.com/AtriumNft,https://Atrium.art,,,,,,,10779,,2024-06-ton-degen dyor.io gramnews-apps,RoOLZ — a Telegram roleplay game with NFTs and agentic gameplay
launchpads,25,Bankcoin,bankcoin,quiet,0,,,https://t.me/dogs_community,https://t.me/bankcoins_bot,https://x.com/realDogsHouse,,,,,,,,10738,,dyor.io gramnews-apps,
launchpads,26,Snap Fly Bot,snap-fly-bot,quiet,0,,,https://t.me/SnapFly_updates,https://t.me/snapfly_game_bot,https://x.com/SnapFly_xyz,,,,,,,,10689,,dyor.io gramnews-apps,
launchpads,27,PinGo,pingo,quiet,0,,,,https://t.me/pingo_minibot,https://x.com/PinGoAI,https://pingo.work,,,,,,,10637,,dyor.io gramnews-apps,
launchpads,28,LUMO,lumo,quiet,0,,,,https://t.me/cryptolumo_bot,https://x.com/gemseeton,,,,,,,,10504,,dyor.io gramnews-apps,
launchpads,29,BoostChain,boostchain,quiet,0,,,,https://t.me/boostchainbot,,,,,,,,,10461,,dyor.io gramnews-apps,
launchpads,30,TokenTable,tokentable,quiet,0,,,,https://t.me/tokentable_bot,,,,,,,,,10461,,2025-07-ton-cis-hub-q2 2025-ton-cis-hub dyor.io gramnews-apps,
launchpads,31,AGIcoin,agicoin,quiet,0,,,,https://t.me/agicoins_bot,https://x.com/agicointon,,,,,,,,10424,,dyor.io gramnews-apps,
launchpads,32,Parachute,parachute,quiet,0,,,https://t.me/parachuteannouncements,https://t.me/parachute_app_bot,https://x.com/Parachute_ton,https://www.parachute.finance/,,,,,,,10338,,2024-06-ton-degen gramnews-apps ton.app,
launchpads,33,TonCapy,toncapy,quiet,0,,,https://t.me/toncapy,https://t.me/toncapy_bot,https://x.com/Ton_Capy,https://toncapy.com,,,,,,,10305,,2023-10-tonpost dyor.io gramnews-apps,
launchpads,34,Oldy,oldy,quiet,0,,,https://t.me/oldy_community,https://t.me/tonoldy_bot,https://x.com/Oldy_Community,,,,,,,,10281,,dyor.io gramnews-apps,
launchpads,35,RATS,rats,quiet,0,,,,https://t.me/ratsgame_bot,,,,,,,,,10275,,dyor.io gramnews-apps,
launchpads,36,Firecoin,firecoin,quiet,0,,,,https://t.me/firecoin_app_bot,https://x.com/firecoin_app,,,,,,,,10255,,dyor.io gramnews-apps,
launchpads,37,Bitbot,bitbot,quiet,0,,,,https://t.me/hello_bitbot,https://x.com/TapJenix,,,,,,,,10244,,dyor.io gramnews-apps,
launchpads,38,Horizon Launch,horizon-launch,quiet,0,,,,https://t.me/horizonlaunch_bot,https://x.com/smoke_solana,,,,,,,,10193,,dyor.io gramnews-apps,
launchpads,39,RoketoCoin Lunar Program,roketocoin-lunar-program,quiet,0,,,,https://t.me/roketo_lunar_bot,https://x.com/QubixArena,,,,,,,,10166,,dyor.io gramnews-apps,
launchpads,40,Fastmint App,fastmint-app,quiet,0,,,https://t.me/Fastmint_Assist,https://t.me/fastmintapp_bot,https://x.com/fastmintorg,,,,,,,,10072,,dyor.io gramnews-apps,
launchpads,41,CoinGatePad,coingatepad,quiet,0,,,,https://t.me/coingatepadbot,https://x.com/CoinGatePad,https://coingatepad.com/cgp,,,,,,,10022,,dyor.io gramnews-apps,CoinGatePad — a platform for voting on and discovering new crypto projects
launchpads,42,XTON Launchpad,xton-launchpad,quiet,0,,,,https://t.me/xtonbetabot,https://x.com/NobbyGame,,,,,,,,8213,,dyor.io gramnews-apps,
launchpads,43,NotBabyCoinFAM,notbabycoinfam,quiet,0,,,https://t.me/tonyielding,https://t.me/notbabycoinfambot,https://x.com/Tonyielding,https://www.tonyielding.com/,https://github.com/marakitio,,,,,,5465,,dyor.io gramnews-apps,
launchpads,44,Shaker Coin,shaker-coin,quiet,0,,,,https://t.me/shaker_coin_bot,,,,,,,,,2145,,dyor.io gramnews-apps,
launchpads,45,Spica,spica,quiet,0,,,,https://t.me/spicafundingbot,https://x.com/spicafund,,,,,,,,1759,,dyor.io gramnews-apps,
launchpads,46,PizzaTon,pizzaton,quiet,0,,,https://t.me/PitzaTon,https://t.me/pizzatonbot,https://x.com/pitzaton,https://launch.pizzaton.me,https://github.com/pizzaton,,2024-11-24,,,,1397,,dyor.io gramnews-apps ton-society-ecosystem-map ton.app,
launchpads,47,Finch Coin,finch-coin,quiet,0,,,https://t.me/FinchCoin_org,https://t.me/FinchAirdropBot,https://x.com/FinchCoin_org,https://finchcoin.org,,,,,,,1349,,dyor.io gramnews-apps,Finch Coin – a Telegram mini app for claiming airdrop tokens.
launchpads,48,Flare X,flare-x,quiet,0,,,,https://t.me/flarexgamebot,,,,,,,,,825,,dyor.io gramnews-apps,
launchpads,49,TonUP Launchpad,tonup-launchpad,quiet,0,,,,https://t.me/tonup_launchpad_bot,,,,,,,,,778,,dyor.io gramnews-apps,
launchpads,50,MoneyMaker by RAYS,moneymaker-by-rays,quiet,0,,,https://t.me/raysx_global,https://t.me/xtap_rays_bot,https://x.com/Ray__sX,,,,,,,,371,,dyor.io gramnews-apps,
launchpads,51,Seeds of TON,seeds-of-ton,quiet,0,,,https://t.me/SeedsofTON,https://t.me/seeds_game_bot,https://x.com/SeedsofTon,,,,,,,,215,,dyor.io gramnews-apps,
launchpads,52,Rikcoin,rikcoin,quiet,0,,,https://t.me/r1kcoin,https://t.me/rikcoinbot,https://x.com/r1kcoin,,,,,,,,25,,dyor.io gramnews-apps,
launchpads,53,Buck,buck,quiet,0,,,,https://t.me/buck_meme_bot,https://x.com/ClaytonOnTon,,,,,,,,,,dyor.io gramnews-apps,
launchpads,54,Capitalist,capitalist,quiet,0,,,https://t.me/capitalist_web3,https://t.me/wisekeeperbot,https://x.com/capitalistweb3,,,,,,,,,,dyor.io gramnews-apps,
launchpads,55,EL TON,el-ton,quiet,0,,,,https://t.me/eltoncoin_bot,https://x.com/WeAreCatia,,,,,,,,,,dyor.io gramnews-apps,
launchpads,56,Hypecoin,hypecoin,quiet,0,,,,https://t.me/thetonmapbot,https://x.com/HypecoinFinance,,,,,,,,,,dyor.io gramnews-apps,
launchpads,57,Investment kingyru EN,investment-kingyru-en,quiet,0,,,https://t.me/JettonTonGuard,https://t.me/JettonTonGuard_Bot,https://x.com/kingyru,,,,,,,,,,dyor.io gramnews-apps,
launchpads,58,ListingUz,listinguz,quiet,0,,,https://t.me/ForestGreenOfficial,https://t.me/cryptowood_mini_app_bot,,,,,,,,,,,dyor.io gramnews-apps,
launchpads,59,Orexn,orexn,quiet,0,,,https://t.me/OrexnApp,https://t.me/Orexnbot,https://x.com/OrexnX,https://www.orexn.net/,,,,,,,,,gramnews-apps ton.app,
launchpads,60,Pandastic,pandastic,quiet,0,,,,https://t.me/pandastic_bot,https://x.com/pandastic_io,,,,,,,,,,dyor.io gramnews-apps,
launchpads,61,Preseller,preseller,quiet,0,,,https://t.me/tonpreseller_bot,,,,,,,,,,,,dyor.io gramnews-apps ton.app,
launchpads,62,Purr.Fund,purr-fund,quiet,0,,,https://t.me/purr_news,https://t.me/purr_fund_bot,https://x.com/PurrFund,https://www.purr.fund/,https://github.com/PurrFund/SC-Purr,,2024-05-15,,,,,,dyor.io gramnews-apps ton.app,
launchpads,63,Quick,quick,quiet,0,,,,https://t.me/quick_tg_bot,https://x.com/GSHAKE_app,,,,,,,,,,dyor.io gramnews-apps,
launchpads,64,TAND3M,tand3m,quiet,0,,,https://t.me/tand3m_channel,https://t.me/Tand3m_bot,https://x.com/TAND3M_Official,https://tand3m.io/,,,,,,,,,gramnews-apps ton.app,TAND3M – a platform for launching tokens and NFTs via LBP on the TON blockchain
launchpads,65,TON Gagarin World,ton-gagarin-world,quiet,0,,,https://t.me/ton_gagarin_world_chat,,https://x.com/GAGARIN_World,,,,,,,,,,ton-society-ecosystem-map,
launchpads,66,TON INU Launchpad,ton-inu-launchpad,quiet,0,,,https://t.me/toninutools,https://t.me/theontonbot,https://x.com/toninutools,https://app.toninu.tech/launchpad,,,,,,,,,dyor.io gramnews-apps ton.app,
launchpads,67,Ton Launchpad,ton-launchpad,quiet,0,,,https://t.me/TheTonlaunch_pad,https://t.me/tonlaunchpadofficial_bot,https://x.com/thetonlaunchpad,https://tonlaunchpad.com/,,,,,,,,,gramnews-apps ton.app,
launchpads,68,ton.fun,ton-fun,quiet,0,,,,https://t.me/tonfunbot,,,,,,,,,,,2026-05-messari,
launchpads,69,TONpad,tonpad,quiet,0,,,https://t.me/TONpad_news,https://t.me/Tonpad_launchbot,https://x.com/TON_launchpad,https://app.tonpad.space,https://github.com/tonpad,,2024-04-28,,,,,,2024-06-ton-degen dyor.io gramnews-apps ton.app,
launchpads,70,TonPump.app,tonpump-app,quiet,0,,,https://t.me/tonpump_community,,https://x.com/TonPump_app,,,,,,,,,TVL $2K,defillama ton-society-ecosystem-map,
launchpads,71,TONUP,tonup,quiet,0,,,,,,https://tonup.io/,,,,,,,,,2023-10-tonpost 2024-06-ton-degen gramnews-apps ton-society-ecosystem-map ton.app,
launchpads,72,W3BFLIX,w3bflix,quiet,0,,,,https://t.me/w3bflixbot,,,,,,,,,,,2024-06-ton-degen,
launchpads,73,Pumpers.tg,pumpers-tg,closed,0,,telegram,https://t.me/pumpers,,https://x.com/pumperstg,,,2026-09-30,,12177,12177,9,,,ton-society-ecosystem-map,
trading,1,@Trade,trade-bot,active,1,1,mau+editor,,https://t.me/trade,,,,,,336056,,,336056,,2025-07-ton gramnews-q3-2026,
trading,2,PocketFi,pocketfi,active,1,1,telegram+mau,https://t.me/pocketfi,,https://x.com/pocket_fi,https://pocketfi.org/,,2026-09-22,,236420,236420,10,34224,,2025-07-ton dyor.io gramnews-apps gramnews-q3-2026,Telegram-native memecoin trading app.
trading,3,Maestro,maestro,active,1,0,mau,,,,,,,,95086,,,95086,,gramnews-q3-2026,
trading,4,Upscale,upscale,active,1,1,telegram+mau,https://t.me/upscale_news_en,,https://x.com/upscaletrade,https://app.upscale.trade,,2026-09-30,,94670,94670,89,19015,,2025-07-ton-cis-hub-q2 2025-ton-cis-hub dyor.io gramnews-apps gramnews-q3-2026,Upscale – a prop‑trading service without KYC
trading,5,@GroypFi_bot,groypfi,active,1,1,telegram,https://t.me/groyp,https://t.me/groypfi_bot,https://x.com/groyp_on_ton,https://groypfi.io/,,2026-09-30,,90751,90751,109,,,defillama dyor.io gramnews-apps gramnews-q3-2026,
trading,6,@DTrade,dtrade,active,1,1,telegram,https://t.me/dtrade_news,https://t.me/dtrade,https://x.com/dtrade_tg,,,2026-09-04,,8610,8610,5,,,2025-ton-cis-hub dyor.io gramnews-apps gramnews-q3-2026,
trading,7,RedoTrade,redotrade,active,1,1,telegram,https://t.me/gramtrade,,,,,2026-09-02,,6413,6413,11,,,gramnews-q3-2026,
trading,8,@Swapi,lamboswapi,active,1,1,telegram,https://t.me/swapi_news,https://t.me/swapi,,,,2026-08-26,,71,71,1,,,gramnews-q3-2026,
trading,9,Pump.tg,pump-tg,active,0,,telegram,https://t.me/pumpme_tg,https://t.me/pumpn_bot,https://x.com/pumptg_n,https://pump.tg/,,2026-07-18,,2375,2375,7,,,gramnews-apps ton.app,TON token swap aggregator
social,1,@Mira,mira,active,1,1,mau+editor,,https://t.me/mira,,,,,,547775,,,547775,,gramnews-q3-2026,
social,2,TON Dating,ton-dating,active,1,1,telegram+mau,https://t.me/tondatingchannel,,https://x.com/real_whitedogs,https://ton.dating,,2026-08-20,,71634,18600,1,71634,,2025-07-ton dyor.io gramnews-apps gramnews-q3-2026 ton.app,TON Dating is a selective dating community with verified profiles.
social,3,@Major,major-1,active,1,1,mau,https://t.me/major,https://t.me/major,https://x.com/majoroftelegram,,,,,116868,,,116868,,2025-07-ton dyor.io gramnews-apps gramnews-q3-2026,"Major is a Telegram app with its own token, NFT market, games, and staking."
social,4,@IPredict,ipredict,active,1,1,mau+editor,,https://t.me/ipredict,,,,,,18002,,,18002,,gramnews-q3-2026,
social,5,cult of not,cultofnot,active,1,1,telegram,https://t.me/cultofnot,,,,,2026-09-30,,1177320,1177320,43,,,gramnews-q3-2026,
social,6,iMe app,ime-app,active,1,0,telegram+mau,https://t.me/ime_en,,https://x.com/iMePlatform,https://www.imem.app/,https://github.com/imemessenger,2026-09-30,2025-03-18,83002,83002,12,59399,,2025-07-ton dyor.io gramnews-apps gramnews-q3-2026 ton-society-ecosystem-map ton.app,iMe Wallet: a wallet for the LIME token and cryptocurrency management.
social,7,Tmail,tmail,active,1,1,telegram+mau,https://t.me/tmailofficial,,https://x.com/tmail_ton,https://tmail.ae/,,2026-09-27,,42479,42479,30,11230,,dyor.io gramnews-apps gramnews-q3-2026 ton.app,Tmail — a secure Web3‑Web2 email service on TON
social,8,Tonex,tonex,active,1,1,telegram,https://t.me/tonex_app,,,https://tonex.app,,,,18230,18230,36,,,2023-10-tonpost 2024-06-dwf-ventures gramnews-apps gramnews-q3-2026 ton-society-ecosystem-map ton.app,
social,9,IdentityHub,identityhub,active,1,1,editor,,,,https://identityhub.app,,,,,,,,,gramnews-q3-2026,
social,10,Grouche,grouche,active,1,1,telegram,https://t.me/grouche_coin,,https://x.com/grouchecoin,https://grouche.com,,2026-09-09,,3885,3885,6,,,gramnews-apps gramnews-q3-2026 ton.app,
social,11,КрипTONский кот,kriptonskii-kot,active,1,1,telegram,https://t.me/cryptoncat,,,,,,,185,185,4,,,dyor.io gramnews-apps gramnews-q3-2026,
social,12,Codeforces,codeforces,active,1,0,editor,,,,https://codeforces.com,,,,,,,,,gramnews-q3-2026,
social,13,LikeBot,like,active,0,,mau,,https://t.me/like,,,,,,585098,,,585098,,gramnews-apps,A cool bot to create posts with emoji-based like buttons.
social,14,TonTake (TAKE),tontake-take,active,0,,telegram,https://t.me/TonTake,https://t.me/TonTakeChatbot,https://x.com/TonTakeGame,https://www.tontake.website/,,2026-09-30,,110156,110156,152,,,dyor.io gramnews-apps ton-society-ecosystem-map ton.app,
social,15,ZIFRETTA,zifretta,active,0,,telegram,https://t.me/zifretta_ecosystem,,,,,2026-09-19,,75161,75161,47,,,2025-ton-cis-hub,
social,16,loofta,loofta,active,0,,telegram,https://t.me/loofta,https://t.me/looftabot,https://x.com/looftaxyz,https://loofta.xyz,,2026-09-29,,12532,12532,83,,,gramnews-apps ton.app,Loofta — payment service allowing transfers in tokens or bank accounts
social,17,digiverse,digiverse-pzj157,active,0,,telegram,https://t.me/digibuycommunity,https://t.me/digibuy_bot,,,,2026-08-12,,97,97,2,,,dyor.io gramnews-apps,Digiverse is an on-chain marketplace with a Shop & Earn function.
social,18,RichBlock,richblock,quiet,0,,,https://t.me/richblock_channel,https://t.me/richblock_bot,https://x.com/ton_baks,,,,,,,,26544,,dyor.io gramnews-apps,
social,19,vSelf,vself,quiet,0,,,https://t.me/vselfmeta,https://t.me/vself_bot,https://x.com/vself_meta,https://vself.app/,,,,,,,21343,,2024-06-ton-degen dyor.io gramnews-apps ton.app,
social,20,BeeVerse By NCTR,beeverse-by-nctr,quiet,0,,,,https://t.me/bee_verse_bot,https://x.com/TRUExWorld,,,,,,,,19304,,dyor.io gramnews-apps,
social,21,Zipsy,zipsy,quiet,0,,,https://t.me/zipsy_community,https://t.me/zipsy_bot,https://x.com/zipsycommunity,,,,,,,,16702,,dyor.io gramnews-apps ton.app,
social,22,INVITE,invite,quiet,0,,,,https://t.me/uxinvite_bot,,,,,,,,,12840,,dyor.io gramnews-apps,
social,23,Khomyakovo GOV,khomyakovo-gov,quiet,0,,,https://t.me/stonksonton,https://t.me/khomyakovo_gov_bot,https://x.com/tonstonks,,,,,,,,12506,,dyor.io gramnews-apps ton-society-ecosystem-map,
social,24,Memepolis,memepolis,quiet,0,,,https://t.me/MemepolisBOSS,https://t.me/memepolisbot,https://x.com/memepolisTON,,,,,,,,12416,,dyor.io gramnews-apps,
social,25,ChatGalaTon,chatgalaton,quiet,0,,,https://t.me/ChatGalaTon,https://t.me/chatgalatone_bot,https://x.com/ChatGalaTon,,,,,,,,12224,,dyor.io gramnews-apps,
social,26,Pumpkin Bot,pumpkin-bot,quiet,0,,,https://t.me/pumpkin_global,https://t.me/pumpkin_xyz_bot,https://x.com/pumpkin_global,,,,,,,,11591,,dyor.io gramnews-apps,
social,27,MomoAI,momoai-abdmcn,quiet,0,,,https://t.me/metaoasis_official,https://t.me/MomoAI_bot,https://x.com/Metaoasis_,https://www.momoai.io/,,,,,,,11413,,2024-05-coin98-games 2024-06-dwf-ventures dyor.io gramnews-apps,MomoAI — a bot for claiming $MTOS airdrops and joining the Sprint event
social,28,Friends,friends,quiet,0,,,,https://t.me/friendstonbot,,,,,,,,,11347,,2024-06-dwf-ventures dyor.io gramnews-apps,
social,29,LinkFork,linkfork,quiet,0,,,https://t.me/linkfork_en,https://t.me/linkforkbot,,,,,,,,,11299,,dyor.io gramnews-apps,
social,30,CyTrump,cytrump,quiet,0,,,https://t.me/CyTrump,https://t.me/cytrumpbot,,,,,,,,,11297,,dyor.io gramnews-apps,
social,31,To The Moon,to-the-moon-54wdfm,quiet,0,,,,https://t.me/popptothemoon_bot,,,,,,,,,11146,,defillama dyor.io gramnews-apps,
social,32,Clout,clout,quiet,0,,,https://t.me/CloutCoinSol,https://t.me/the_clout_bot,https://x.com/offsetyrn,https://alpaton.bid,https://github.com/alpaton,,2024-10-16,,,,11039,,dyor.io gramnews-apps,$CLOUT token in Telegram
social,33,Be Taurus,be-taurus,quiet,0,,,https://t.me/be_taurus,https://t.me/be_taurus_bot,https://x.com/BeTaurus_App,https://betaurus.io,,,,,,,10847,,dyor.io gramnews-apps ton.app,
social,34,GREEN COIN MEME,green-coin-meme,quiet,0,,,,https://t.me/greencoinmeme_bot,,,,,,,,,10676,,dyor.io gramnews-apps,
social,35,Dwag,dwag,quiet,0,,,,https://t.me/dwagairdropbot,,,,,,,,,10629,,dyor.io gramnews-apps,
social,36,Freelz,freelz,quiet,0,,,,https://t.me/freelz_bot,,,,,,,,,10566,,dyor.io gramnews-apps,
social,37,Buzzit.TON,buzzit-ton,quiet,0,,,https://t.me/buzzitton,https://t.me/buzzit1_bot,https://x.com/buzzit_public,,,,,,,,10480,,dyor.io gramnews-apps,
social,38,MuggleLink,mugglelink,quiet,0,,,https://t.me/MuggleLink,https://t.me/MuggleLinkBot,https://x.com/MuggleLink,https://www.muggle.link/,,,,,,,10451,,2024-06-ton-degen defillama dyor.io gramnews-apps ton.app,
social,39,Whycoin,whycoin,quiet,0,,,,https://t.me/whycoinorgbot,https://x.com/whycoinorg,,,,,,,,10425,,dyor.io gramnews-apps,
social,40,Real Cows House,real-cows-house,quiet,0,,,,https://t.me/realcowshouse_bot,https://x.com/realcowshouse,,,,,,,,10387,,dyor.io gramnews-apps,
social,41,DINO,dino,quiet,0,,,,https://t.me/dinocards_bot,,,,,,,,,10372,,dyor.io gramnews-apps,
social,42,OGCommunity Bot,ogcommunity-bot,quiet,0,,,,https://t.me/ogcommunitybot,,,,,,,,,10345,,dyor.io gramnews-apps,
social,43,TRUST APP BOT,trust-app-bot,quiet,0,,,,https://t.me/trust_empire_bot,,,,,,,,,10314,,dyor.io gramnews-apps,
social,44,Leagushqa Bot,leagushqa-bot,quiet,0,,,https://t.me/leagushqa,https://t.me/leagushqabot,https://x.com/Cwalletofficial,,,,,,,,10284,,dyor.io gramnews-apps,
social,45,Frogy LIVE,frogy-live,quiet,0,,,https://t.me/FrogyNews,https://t.me/FrogyLiveBot,https://x.com/Frogy_LIVE,https://docs.frogy.live,,,,,,,10211,,dyor.io gramnews-apps ton.app,
social,46,SideFans (By SideKick),sidefans-by-sidekick,quiet,0,,,https://t.me/sidekick_official,https://t.me/sidekick_fans_bot,https://x.com/sidekick_labs,,,,,,,,10188,,dyor.io gramnews-apps,
social,47,KKX love,kkx-love,quiet,0,,,,https://t.me/kkxlove_bot,,,,,,,,,10168,,dyor.io gramnews-apps,
social,48,Hug 🫂,hug,quiet,0,,,https://t.me/hugcommunity,https://t.me/hugcommunity_bot,https://x.com/communityhug,,https://github.com/PurrFund/SC-Purr,,2024-05-15,,,,10167,,dyor.io gramnews-apps,
social,49,VIP Club,vip-club,quiet,0,,,https://t.me/VIPClub_news,https://t.me/vipclubapp_bot,https://x.com/BCBlueSkyVC,,,,,,,,10105,,dyor.io gramnews-apps,
social,50,MemeCatsBot,memecatsbot,quiet,0,,,https://t.me/memecatsnews,https://t.me/imemecatsbot,https://x.com/MemeCatsXYZ,https://bridge.tonbankcard.com,,,,,,,10095,,dyor.io gramnews-apps,
social,51,Bulls,bulls,quiet,0,,,https://t.me/realbullscommunity,https://t.me/bullsonton_bot,https://x.com/bullsonton,,,,,,,,10086,,dyor.io gramnews-apps,
social,52,SecondLive Bot,secondlive-bot,quiet,0,,,https://t.me/SecondLiveCommunity,https://t.me/secondlive_bot,https://x.com/SecondLiveReal,https://secondlive.world/,https://github.com/SecondLive,,2023-02-09,,,,10066,,dyor.io gramnews-apps,SecondLive Bot — an AI-powered social mini app
social,53,pigshousebot,pigshousebot,quiet,0,,,,https://t.me/pigshousebot,https://x.com/realpigshouse,,,,,,,,10049,,dyor.io gramnews-apps,
social,54,AtomCoin,atomcoin,quiet,0,,,,https://t.me/atomcointgbot,https://x.com/Real_ERAX,,,,,,,,10012,,dyor.io gramnews-apps,
social,55,ShareON,shareon,quiet,0,,,,https://t.me/share_on_bot,,,,,,,,,4696,,dyor.io gramnews-apps,
social,56,Fast Food Memes,fast-food-memes,quiet,0,,,,https://t.me/ffmemesbot,https://x.com/BombCryptoGame,,,,,,,,2417,,dyor.io gramnews-apps,
social,57,EcoHero,ecohero,quiet,0,,,https://t.me/ECHA_EcoHero,https://t.me/echa_ecohero_bot,https://x.com/layerswap,https://lesnikovfund.org/,https://github.com/layerswap/layerswapapp,,2026-10-01,,,,1448,,dyor.io gramnews-apps,
social,58,Towim,towim,quiet,0,,,https://t.me/theopenwork,https://t.me/towimbot,https://x.com/PlanetorGame,,,,,,,,1033,,dyor.io gramnews-apps ton.app,
social,59,DAOGEM,daogem,quiet,0,,,https://t.me/daogem,https://t.me/DAOGem_bot,https://x.com/ali_charts,https://daogem.io/,,,,,,,593,,gramnews-apps ton.app,
social,60,SmartDeer,smartdeer,quiet,0,,,,https://t.me/smartdeer_prod_bot,,,,,,,,,386,,dyor.io gramnews-apps,
social,61,Pollo,pollo,quiet,0,,,https://t.me/polloverse,https://t.me/pollovotebot,https://x.com/pollovote,https://pollo.vote/,https://github.com/ton-blockchain,,2026-10-01,262,,,262,,dyor.io gramnews-apps ton.app,
social,62,Twitton,twitton,quiet,0,,,,https://t.me/twitton_bot,https://x.com/web3Twitton,,,,,,,,120,,dyor.io gramnews-apps,
social,63,Atomic Star,atomic-star,quiet,0,,,https://t.me/StalinFoundation,https://t.me/AtomicStarBot,,,https://github.com/StalinFoundation,,2024-04-21,,,,,,2025-07-ton 2025-ton-cis-hub 2026-05-messari dyor.io gramnews-apps ton.app,
social,64,Commander,commander,quiet,0,,,https://t.me/commander_ton,https://t.me/commander_ton_bot,https://x.com/commanderton,,,,,,,,,,dyor.io gramnews-apps,
social,65,Fibarium,fibarium,quiet,0,,,,https://t.me/fibariumbot,,,,,,,,,,,2025-ton-cis-hub,
social,66,FireTon Drop,fireton-drop,quiet,0,,,https://t.me/moklgamefi,https://t.me/mokl_io_bot,https://x.com/moklgamefi,,,,,,,,,,dyor.io gramnews-apps,
social,67,Fox Tails,fox-tails,quiet,0,,,,https://t.me/BearAMLBot,,https://foxtails.io,,,,,,,,,2023-10-tonpost gramnews-apps ton.app,
social,68,Hamsterbabybot,hamsterbabybot,quiet,0,,,,https://t.me/hansterbabybot,https://x.com/greensfinance,,,,,,,,,,dyor.io gramnews-apps,
social,69,Host.tg,host-tg,quiet,0,,,https://t.me/hosteventbot,,https://x.com/HostAppHQ,https://host.tg,,,,,,,,,dyor.io gramnews-apps ton.app,Host.tg — an app for organizing and participating in events via Telegram
social,70,Hubz Chat,hubz-chat,quiet,0,,,https://t.me/Hubz_News,https://t.me/hubz_app_bot,https://x.com/hubz_chat,https://hubz.io/,,,,,,,,,dyor.io gramnews-apps ton.app,Hubz Chat — a chat bot for verifying members by wallets and NFTs
social,71,NFT Access Guardian Bot,nft-access-guardian-bot,quiet,0,,,https://t.me/access_ton_control_bot,,,,,,,,,,,,ton-society-ecosystem-map,
social,72,NFTune,nftune,quiet,0,,,,https://t.me/nftunebot,,,,,,,,,,,2025-ton-cis-hub,
social,73,Peace Da Love,peace-da-love,quiet,0,,,,,,https://peacedalove.com,,,,,,,,,gramnews-apps ton.app,
social,74,Photon,photon,quiet,0,,,https://t.me/ThePhoton_Bot,https://t.me/The_Photon_app,https://x.com/photon_friends,,,,,,,,,,gramnews-apps ton.app,
social,75,Spiritual Hub,spiritual-hub,quiet,0,,,,https://t.me/spiritualhubbot,,,,,,,,,,,2025-ton-cis-hub,
social,76,StickerFace,stickerface,quiet,0,,,,https://t.me/stickerfacebot,,,,,,,,,,,2023-10-tonpost,
social,77,Support Day,support-day,quiet,0,,,,,https://x.com/ton_shiba,,,,,,,,,,dyor.io gramnews-apps,
social,78,Telegram one Top,telegram-one-top,quiet,0,,,,https://t.me/notonoffice_bot,https://x.com/noton_tap,,,,,,,,,,dyor.io gramnews-apps,
social,79,the future is TON,the-future-is-ton,quiet,0,,,,,https://x.com/cointool,https://ct.app,https://github.com/cointool-app,,2026-09-23,,,,,,dyor.io gramnews-apps,
social,80,The Saudis TON,the-saudis-ton,quiet,0,,,,https://t.me/SauSpaceBot,https://x.com/TheSaudisTON,,,,,,,,,,dyor.io gramnews-apps,
social,81,TON Stars,ton-stars,quiet,0,,,https://t.me/ton_stars_official,https://t.me/ton_stars_app_bot,https://x.com/tonstarsapp,,,,,,,,,,2024-05-coin98-games 2024-06-ton-degen dyor.io gramnews-apps ton.app,
social,82,TON Vote,ton-vote,quiet,0,,,https://t.me/tonvotesupportgroup,,,,https://github.com/orbs-network/dao-vote,,2026-06-04,,,,,,2023-10-tonpost 2025-07-ton ton-society-ecosystem-map,
social,83,ton.place,ton-place,quiet,0,,,https://t.me/HN_Wallet_bot,,,https://ton.place,,,,,,,,,2023-10-tonpost 2024-06-dwf-ventures 2025-07-ton gramnews-apps ton.app,
social,84,TONpie,tonpie,quiet,0,,,,https://t.me/Explaceio,https://x.com/Explaceio,https://tonpie.io,,,,,,,,,gramnews-apps ton.app,
social,85,TonsOfFriends,tonsoffriends,quiet,0,,,https://t.me/TonsOfFriends_Ann,https://t.me/toftechbot,https://x.com/TonsOfFriends,https://app.tonfriends.tech,,,,,,,,,2024-06-ton-degen defillama dyor.io gramnews-apps ton.app,
social,86,Wall Telegram,wall-telegram,quiet,0,,,https://t.me/wall,https://t.me/wall_people,,https://wall.tg,,,,,,,,,gramnews-apps ton.app,"Wall Telegram is a social network with posts, graffiti, and music."
social,87,WAP 🐵,wap,quiet,0,,,https://t.me/h0nworld,https://t.me/weareprime_bot,,https://h0n.io,,,,,,,,,dyor.io gramnews-apps,
social,88,Web3Events,web3events,quiet,0,,,https://t.me/web3events_eng,,https://x.com/Web3Events_ai,,,,,,,,,,ton-society-ecosystem-map,
social,89,WhoWhere,whowhere,quiet,0,,,https://t.me/Earnigram_Vanity_Ton_Bot,https://t.me/earnigram_group,https://x.com/earnigram,,,,,,,,,,gramnews-apps ton.app,
social,90,Криптохалва,cryptohalva,quiet,0,,,,https://t.me/beeton_kriptohalva_bot,https://x.com/jettongames,,,,,,,,,,dyor.io gramnews-apps,
social,91,Lost Dogs,lost-dogs,closed,0,,,https://t.me/lostdogscoeng,https://t.me/lost_dogs_bot,https://x.com/lostdogsco,https://app.vpn.diamonds/,,,,,,,10195,,2023-10-tonpost 2024-06-ton-degen 2025-07-ton dyor.io gramnews-apps,A detective game in the 'signals' genre in Telegram
social,92,Uniton,uniton,closed,0,,,,https://t.me/UnitonAIBot,https://x.com/UnitonAI,https://www.uniton.ai,,,,,,,257,,2024-06-dwf-ventures 2024-06-ton-degen dyor.io gramnews-apps ton-society-ecosystem-map ton.app,
social,93,DOGWIFHOOD,dogwifhood,closed,0,,,https://t.me/dogwifhood_TON,https://t.me/dogwifhoodANN,https://x.com/dogwifhoodTON,https://wifhood.dog/,,,,,,,,,2024-06-ton-degen dyor.io gramnews-apps ton-society-ecosystem-map ton.app,
ai,1,MOONBERG AI BOT,moonberg-ai-bot,active,0,,telegram,https://t.me/moonbergai,https://t.me/moonbergai_bot,https://x.com/moonberg,https://coming.It,https://github.com/Emmet-Finance,2026-09-10,2026-05-07,141180,141180,20,12241,,dyor.io gramnews-apps,MOONBERG AI BOT — AI-powered crypto trading tool
ai,2,Reverie,reverie,active,0,,mau,,https://t.me/reverie_ai_bot,,,,,,52757,,,52757,,gramnews-apps,A mini app for chatting with virtual characters who have their own memory and personalities.
ai,3,Creator. AI Video,creator-ai-tech-bot,active,0,,telegram+mau,https://t.me/creator_prompts,https://t.me/creator_ai_tech_bot,,https://Gensta.ai,,2026-09-27,,18582,15459,26,18582,,gramnews-apps,
ai,4,Meme Me,meme-me,active,0,,mau,,https://t.me/mememebot_bot,,,,,,10388,,,10388,,dyor.io gramnews-apps,
ai,5,Sentism,sentism,active,0,,telegram,https://t.me/sentismcommunity,https://t.me/SentismAIBot,https://x.com/Sentism_ai,https://sentism.ai,,2026-09-02,,2516,2516,9,11090,,gramnews-apps ton.app,Sentism — AI-powered tool for automating DeFi operations
ai,6,Cocktail App,cocktail-app,quiet,0,,,,https://t.me/cocktailappbot,,,,,,,,,59883,,dyor.io gramnews-apps,Your endless fantasy
ai,7,HabbitHero,habbithero,quiet,0,,,,https://t.me/habbithero_bot,,,,,,,,,12938,,dyor.io gramnews-apps,
ai,8,GraFun Bot,grafun-bot,quiet,0,,,,https://t.me/grafunbot,,,,,,,,,12475,,dyor.io gramnews-apps,
ai,9,PartonaAI App,partonaai-app,quiet,0,,,,https://t.me/partona_bot,,,,,,,,,10845,,dyor.io gramnews-apps ton-society-ecosystem-map,
ai,10,SWAYE AI,swaye-ai,quiet,0,,,,https://t.me/swaye_ai_bot,,,,,,,,,10221,,dyor.io gramnews-apps,
ai,11,JarvisBot,jarvisbot,quiet,0,,,,https://t.me/jarvisbot_ai_bot,https://x.com/booinuinfo,,,,,,,,10043,,dyor.io gramnews-apps,
ai,12,MozoAI Bot,mozoai-bot,quiet,0,,,https://t.me/ShillGuardOfficial,https://t.me/mozoai_bot,https://x.com/Mozo_xyz,,,,,,,,10039,,dyor.io gramnews-apps,
ai,13,Tearline Bot,tearline-bot,quiet,0,,,,https://t.me/tearlineai_bot,https://x.com/Tonshi_2024,,,,,,,,7272,,dyor.io gramnews-apps,
ai,14,Yoda AI,yoda-ai,quiet,0,,,,https://t.me/yodabot,,,,,,,,,125,,dyor.io gramnews-apps,
ai,15,NeronAI,neronai,quiet,0,,,https://t.me/neron_news,https://t.me/neronai_bot,,https://neron.ai,,,,,,,113,,gramnews-apps ton.app,
ai,16,NexaBit AI,nexabit-ai,quiet,0,,,https://t.me/nexabitHQ,https://t.me/NexaBit_Tap_bot,https://x.com/nexabitHQ,https://nexabit.web.app,,,,,,,24,,dyor.io gramnews-apps ton.app,
ai,17,Fragment Checker Bot,fragment-checker-bot,quiet,0,,,https://t.me/opt_snap,https://t.me/optsnap_bot,,,,,,,,,,,gramnews-apps ton.app,
ai,18,Fragment Neuro Bot,fragment-neuro-bot,quiet,0,,,https://t.me/TeletonApp,https://t.me/TeletonOfficialAppBot,https://x.com/teletonapp,,,,,,,,,,gramnews-apps ton.app,
ai,19,GMAI,gmai,quiet,0,,,https://t.me/gmAI_Ann,https://t.me/gmdotaibot,https://x.com/gm_dot_ai,https://docs.gm.ai/how-we-work/gmai-framework,,,,,,,,,dyor.io gramnews-apps,GMAI — developer tool for Solana dApps with AI integration
ai,20,Neural Networks,neural-networks,quiet,0,,,,https://t.me/chatgpt_tgm_bot,,https://web3.xn--e1aajcsinjk.com/,https://github.com/Stenix777/Neural-network-telegram,,2024-05-21,,,,,,dyor.io gramnews-apps ton.app,Помощь — @Neyrosetka_com
ai,21,Omniracle AI Search,omniracle-ai-search,quiet,0,,,https://t.me/omniracle,https://t.me/omniracle_bot,https://x.com/omniracle,https://omniracle.com,,,,,,,,,dyor.io gramnews-apps ton.app,Omniracle AI Search — tool for analyzing fast-moving topics on the internet
ai,22,Plate AI,plate-ai,quiet,0,,,,https://t.me/plateaibot,,,,,,,,,,,2025-07-ton-cis-hub-q2 2025-ton-cis-hub,
tools,1,Stickers Bot,stickers,active,0,,mau,,https://t.me/stickers,,,,,,647549,,,647549,,gramnews-apps,A bot for creating Telegram stickers and tracking their usage statistics.
tools,2,The Daily TON Support Bot,dailytonsupport-bot,active,0,,telegram,https://t.me/thedailyton,https://t.me/dailytonsupport_bot,https://x.com/the_daily_ton,,,2026-09-29,,169854,169854,67,,,gramnews-apps,
tools,3,VoteBot,vote,active,0,,mau,,https://t.me/vote,,,,,,143832,,,143832,,gramnews-apps,This bot will help you create polls and share them with friends.
tools,4,Pixlands,pixlands,active,0,,telegram+mau,https://t.me/pixlands,https://t.me/pixlandsbot,,,,2026-08-21,,74900,74900,16,32032,,gramnews-apps,Pixlands is a utility for asset management.
tools,5,Telegram Apps Center,telegram-apps-center,active,0,,mau,,https://t.me/tapps_bot,,,,,,52190,,,52190,,2025-07-ton dyor.io gramnews-apps ton-society-ecosystem-map,Catalog of TON and Telegram apps from third-party developers.
tools,6,PandaFiT,pandafit,active,0,,mau,,https://t.me/pandafit_bot,,,,,,23225,,,23225,,gramnews-apps,
tools,7,Guarant,guarant,active,0,,mau,,https://t.me/GuarantAppBot,https://x.com/GuarantApp,,,,,20814,,,20814,,dyor.io gramnews-apps ton.app,
tools,8,SOREN,soren,active,0,,telegram,https://t.me/SORENCHANNEL,https://t.me/SORENCOMMUNITY,https://x.com/ownsoren,https://www.soren.today/,,2026-09-08,,4170,4170,2,,,dyor.io gramnews-apps ton.app,SOREN is a digital identity layer on the TON blockchain.
tools,9,webappz,webappz,active,0,,telegram,https://t.me/webappz,https://t.me/webappzconnectbot,,https://webappz.org,,2026-07-20,,2440,2440,8,993,,gramnews-apps ton.app,
tools,10,Portal Network,portal-network,active,0,,telegram,https://t.me/portal_energy,https://t.me/portal_network_bot,https://x.com/PortalNetwork_,https://portalnetwork.tech,,2026-08-10,,265,265,1,,,gramnews-apps ton.app,Portal Network — a bot for managing a network of electric vehicle charging stations
tools,11,TON Box,ton-box,active,0,,github,https://t.me/stakeonwhales,,https://x.com/whalescorp,https://storage-two.vercel.app/,https://github.com/tonwhales,,2026-08-13,,,,,,gramnews-apps ton.app,
tools,12,Workix,workix,active,0,,github,,https://t.me/workix_tbot,,https://workix.co,https://github.com/facetoplace/Workix,,2026-09-23,,,,,,dyor.io gramnews-apps ton.app,Workix — platform for finding and applying to freelance tasks
tools,13,GMCoin,gmcoin,quiet,0,,,https://t.me/GMCoinChannel,https://t.me/thegmcoinbot,,,,,,,,,21248,,dyor.io gramnews-apps,🛌 Early to bed
tools,14,Nundu,nundu,quiet,0,,,,https://t.me/nunducryptobot,,,,,,,,,19567,,dyor.io gramnews-apps,
tools,15,Time TON Ecosystem,time-ton-ecosystem,quiet,0,,,,https://t.me/timetonbot,,,,,,,,,12860,,dyor.io gramnews-apps,
tools,16,BRN Tap,brn-tap,quiet,0,,,,https://t.me/brntap_bot,,,,,,,,,12701,,dyor.io gramnews-apps,
tools,17,NUMA,numa,quiet,0,,,,https://t.me/numasocialbot,https://x.com/NUMAsocial,,,,,,,,11438,,dyor.io gramnews-apps,
tools,18,TrumPump SEASON I,trumpump-season-i,quiet,0,,,,https://t.me/trumpumpbot,,,,,,,,,11118,,dyor.io gramnews-apps,
tools,19,InOne,inone,quiet,0,,,https://t.me/inone_me,https://t.me/inone_me_bot,,https://inone.me/,,,,,,,11085,,dyor.io gramnews-apps ton.app,
tools,20,Slof,slof,quiet,0,,,,https://t.me/slofbot,https://x.com/SlofBot,,,,,,,,10907,,dyor.io gramnews-apps,
tools,21,Bottle Up,bottle-up,quiet,0,,,,https://t.me/bottleupmining_bot,https://x.com/Athene_Network,,,,,,,,10812,,dyor.io gramnews-apps,
tools,22,Farty Bot,farty-bot,quiet,0,,,https://t.me/fartyfam,https://t.me/fartyberabot,https://x.com/fartybera,,,,,,,,10759,,dyor.io gramnews-apps,
tools,23,Not Task,not-task,quiet,0,,,https://t.me/tongiftsnews,https://t.me/not_task_bot,https://x.com/TonGiftsbot,,,,,,,,10511,,dyor.io gramnews-apps,
tools,24,Reputation Builder,reputation-builder,quiet,0,,,,https://t.me/reputationbuilderbot,https://x.com/GalacticaNet,https://Galactica.com,,,,,,,10356,,dyor.io gramnews-apps,
tools,25,Hybrid Mini App,hybrid-mini-app,quiet,0,,,,https://t.me/hybridminiappbot,https://x.com/SiriusPad_,,,,,,,,10231,,dyor.io gramnews-apps,
tools,26,Mole,mole,quiet,0,,,,https://t.me/tonmole_bot,https://x.com/KoloHub,,,,,,,,10177,,dyor.io gramnews-apps,
tools,27,Teletop,teletop,quiet,0,,,,https://t.me/the_teletop_bot,https://x.com/Tomtalkofficial,,,,,,,,10072,,dyor.io gramnews-apps,
tools,28,CallFluent,callfluent,quiet,0,,,https://t.me/callfluentai,https://t.me/callfluent_bot,https://x.com/callfluentai,,,,,,,,10051,,dyor.io gramnews-apps,
tools,29,GoldVerseBot,goldversebot,quiet,0,,,,https://t.me/goldversebot,https://x.com/GAMEEToken,,,,,,,,10019,,dyor.io gramnews-apps,
tools,30,Pell Gem,pell-gem,quiet,0,,,,https://t.me/gemcoinapp_bot,,,,,,,,,10019,,dyor.io gramnews-apps,
tools,31,Guardify AI,guardify-ai,quiet,0,,,,https://t.me/guardifybot,,,,,,,,,3542,,dyor.io gramnews-apps,
tools,32,Glow,glow,quiet,0,,,,https://t.me/secretglowbot,https://x.com/Glow_Stories,,,,,,,,782,,dyor.io gramnews-apps,
tools,33,TWITRIS,twitris,quiet,0,,,https://t.me/expert_tm,https://t.me/twitris_bot,,https://twitris.com,,,,402,,,402,,dyor.io gramnews-apps ton.app,TWITRIS — a Telegram mini app for handling NFT gifts
tools,34,Ghost Drive App,ghost-drive-app,quiet,0,,,,https://t.me/ghostdrive_bot,,,,,,,,,329,,dyor.io gramnews-apps,
tools,35,degenerative,degenerative,quiet,0,,,https://t.me/degenerativespace,https://t.me/degenerativespacebot,https://x.com/degespace,https://degenerative.space,,,,,,,270,,dyor.io gramnews-apps,A Telegram bot agent with autonomous operation on TON
tools,36,Web3 Jobs Bot,web3-jobs-bot,quiet,0,,,https://t.me/tonpro_for_builders,https://t.me/jobs_web3_bot,https://x.com/xrayWeb3,https://web3jobs.online/,,,,,,,270,,gramnews-apps ton.app,Web3 Jobs Bot — tool for tracking Web3 job openings
tools,37,Crypto Trader's Calc,crypto-trader-s-calc,quiet,0,,,https://t.me/C4B_Best_Telegram_Bots,https://t.me/TradersCalculatorBot,,,,,,,,,189,,dyor.io gramnews-apps ton.app,
tools,38,Game Cashback Calc,game-cashback-calc,quiet,0,,,https://t.me/C4B_Best_Telegram_Bots,https://t.me/CashbackGameBot,,,,,,,,,32,,dyor.io gramnews-apps ton.app,
tools,39,AdBuy,adbuy,quiet,0,,,https://t.me/Crypton_Deploys,,https://x.com/thetonhub,,,,,,,,,,gramnews-apps ton.app,
tools,40,Auto Orbit,auto-orbit,quiet,0,,,https://t.me/autoorbitbot,,,,,,,,,,,,gramnews-apps ton.app,
tools,41,BIME,bime,quiet,0,,,https://t.me/bime_ann,https://t.me/btc_is_meme_bot,https://x.com/btc_is_meme,,,,,,,,,,dyor.io gramnews-apps,
tools,42,Bulksender,bulksender,quiet,0,,,,https://t.me/bulksenderbot,,,,,,,,,,,2025-07-ton,
tools,43,Decibling Lite,decibling-lite,quiet,0,,,https://t.me/decibling,https://t.me/decibling_lite_bot,https://x.com/decibling,https://decibling.com,https://github.com/decibling,,2024-07-15,,,,,,dyor.io gramnews-apps ton.app,
tools,44,EZY TON,ezy-ton,quiet,0,,,https://t.me/ezyton,,,https://ezyton.com/,,,,,,,,,dyor.io gramnews-apps,
tools,45,Find & Check,find-check,quiet,0,,,,https://t.me/findcheckbot,,,,,,,,,,,2023-10-tonpost,
tools,46,Foldee,foldee,quiet,0,,,,https://t.me/foldee_bot,,,,,,,,,,,2025-ton-cis-hub,
tools,47,Manage Ton Subdomain,manage-ton-subdomain,quiet,0,,,https://t.me/ton_subdomain_bot,https://t.me/earnigram,https://x.com/earnigram,https://subdomain.earnigram.com,,,,,,,,,dyor.io gramnews-apps ton.app,Manage .ton subdomains directly in Telegram.
tools,48,RevYou,revyou,quiet,0,,,,https://t.me/revyou_bot,https://x.com/revyouxyz,,,,,,,,,,dyor.io gramnews-apps,
tools,49,SplitFast,splitfast,quiet,0,,,https://t.me/SplitFastBot,,,https://splitfast.io,,,,,,,,,2025-07-ton gramnews-apps ton.app,SplitFast — a mini app for splitting expenses in Telegram
tools,50,T - Card,t-card,quiet,0,,,,https://t.me/tcard_job_bot,https://x.com/Tools_MiniApps,,,,,,,,,,dyor.io gramnews-apps,
tools,51,TEPE,tepe,quiet,0,,,https://t.me/sirex_io,https://t.me/sirexio_bot,https://x.com/ton_tepe,https://sirex.io,,,,,,,,,2024-06-ton-degen dyor.io gramnews-apps,
tools,52,TON Byte,ton-byte,quiet,0,,,https://t.me/defexa,,https://x.com/atomhq,https://tonbyte.com,https://github.com/tonbyte,,2023-09-11,,,,,,gramnews-apps ton-society-ecosystem-map ton.app,
tools,53,TON Grafana,ton-grafana,quiet,0,,,,,,https://tonmon.xyz/,,,,,,,,,awesome-ton,Blockchain metrics visualization.
tools,54,TON Multisender,ton-multisender,quiet,0,,,,,,https://ton.multisender.app/,,,,,,,,,awesome-ton,Batch transaction tool for TON and Jettons.
tools,55,TON Names,ton-names,quiet,0,,,https://t.me/tonnames,,,https://tonnames.org,,,,,,,,,gramnews-apps,"Registers short TON NFT domains that point straight to a wallet, and manages them at tonnames.org."
tools,56,TON Sign,ton-sign,quiet,0,,,https://t.me/tondocsign_bot,,,https://tonsign.com/privacy?lang=en,,,,,,,,,gramnews-apps ton.app,
tools,57,TonGo,tongo,quiet,0,,,https://t.me/dotTonBot,https://t.me/tongonews,,https://tongo.run,https://github.com/tongochi/DEX,,2023-12-14,,,,,,2023-10-tonpost 2024-02-coin98-games 2024-05-coin98-games gramnews-apps ton-society-ecosystem-map ton.app,TonGo — a .ton domains and subdomains management service
tools,58,UserCoin App,usercoin-app,quiet,0,,,,https://t.me/crypto_iq_bot,https://x.com/chickizenTON,,,,,,,,,,dyor.io gramnews-apps,
shopping,1,iCryptoCheck,icryptocheck,active,0,,mau,https://t.me/iCryptoCheck,https://t.me/iCryptoCheckBot,https://x.com/iCryptoCheck,,https://github.com/unlimadev/Orniton,,2025-05-15,41634,,,41634,,2025-ton-cis-hub dyor.io gramnews-apps ton.app,
shopping,2,Uquid Shop,uquid-shop,active,0,,,https://t.me/uquidshop,https://t.me/uquidbot,https://x.com/uquidcard,,,,,1165,,,1165,,dyor.io gramnews-apps,
shopping,3,uShopWebBot,ushopwebbot,active,0,,telegram,https://t.me/uShopWeb,https://t.me/uShopWebBot,,https://www.ucoz.ru/bot/,,2026-07-08,,471,471,1,,,dyor.io gramnews-apps ton.app,Web bot shop builder for Telegram
shopping,4,IrenSystem,irensystem,active,0,,telegram,https://t.me/irensyst,https://t.me/demoirensystembot,,https://irensystem.ru,,2026-08-11,,56,56,6,,,dyor.io gramnews-apps ton.app,
shopping,5,USDt Gift Shop,usdt-gift-shop,quiet,0,,,https://t.me/fizen_io,https://t.me/fizengiftshop_bot,https://x.com/fizenapp,https://fizen.io/,,,,,,,14917,,dyor.io gramnews-apps ton.app,USDt Gift Shop — a bot for buying gifts and services with TON stablecoins
shopping,6,FileMarket AI,filemarket-ai,quiet,0,,,,https://t.me/filemarketaiplaybot,https://x.com/FileMarketAI,,,,,,,,11204,,dyor.io gramnews-apps,
shopping,7,TADA mini,tada-mini,quiet,0,,,https://t.me/mvlchain_news_en,https://t.me/TADA_Ride_Bot,https://x.com/mvlchain,https://mvlchain.io/,,,,,,,10430,,dyor.io gramnews-apps ton.app,
shopping,8,Hybrid Savings,hybrid-savings,quiet,0,,,,https://t.me/hybridsavingsbot,https://x.com/Hybrid_savings,,,,,,,,10106,,2025-07-ton-cis-hub-q2 2025-ton-cis-hub dyor.io gramnews-apps,
shopping,9,Sellz Digital,sellz-digital,quiet,0,,,,https://t.me/sellzdigitalbot,,,,,,,,,3980,,dyor.io gramnews-apps,
shopping,10,Richards Baklazhan,richards-baklazhan,quiet,0,,,,https://t.me/growbaklazhanbot,,,,,,,,,2146,,dyor.io gramnews-apps,
shopping,11,Shop Builder,shop-builder-2,quiet,0,,,https://t.me/TGShopNews,https://t.me/TGShopsBuilderBot,https://x.com/Twitgram_HQ,https://tg-shops.com/,,,,,,,1848,,dyor.io gramnews-apps ton.app,A Telegram shop with automated product filling and AI support
shopping,12,Shop Builder,shop-builder,quiet,0,,,https://t.me/ShopsBuilder,https://t.me/ShopsBuilderBot,https://x.com/shopsbuilder,https://shopsbuilder.notion.site/helpcenter,,,,,,,537,,gramnews-apps ton.app,A Telegram shop with crypto payments and AI assistants
shopping,13,Tickyton,tickyton,quiet,0,,,,https://t.me/tickytonbot,,,,,,,,,137,,dyor.io gramnews-apps,
shopping,14,$GOVNO Paper Store,govno-paper-store,quiet,0,,,https://t.me/govnopaperstore,https://t.me/GOVNOPaperBot,,https://govnoton.com/,,,,,,,,,gramnews-apps ton.app,
shopping,15,AOKI Seller,aoki-seller,quiet,0,,,https://t.me/DigtonFaucet,https://t.me/aoki_seller_bot,https://x.com/DigTonApp,https://aokimarket.com,,,,,,,,,dyor.io gramnews-apps ton.app,
shopping,16,behind,behind,quiet,0,,,,https://t.me/bhndbot,https://x.com/TomCoinBnb,,,,,,,,,,dyor.io gramnews-apps ton.app,
shopping,17,bionapp,bionapp,quiet,0,,,https://t.me/bionapp_bot,https://t.me/bion_announcements,https://x.com/bion_app,https://www.bionapp.com/,,,,,,,,,2024-06-ton-degen dyor.io gramnews-apps ton.app,
shopping,18,Cashbacker,cashbacker,quiet,0,,,,https://t.me/cashbackton_bot,https://x.com/pitzaton,https://pizzaton.me,https://github.com/pizzaton,,2024-11-24,,,,,,dyor.io gramnews-apps,
shopping,19,Catallaxy,catallaxy,quiet,0,,,https://t.me/catallaxy_bot,https://t.me/catallaxy_ton,https://x.com/catallaxy_ton,https://ctlx.cc,https://github.com/dearjohndoe/ton-agents-marketplace,,2026-08-14,,,,,,gramnews-apps ton.app,Catallaxy — a marketplace for digital goods and services on TON
shopping,20,Coinco,coinco,quiet,0,,,https://t.me/coinco_bot,https://t.me/coinco_global,,https://coinco.io,,,,,,,,,gramnews-apps ton.app,
shopping,21,GiftX: AI Wishlist,giftx-ai-wishlist,quiet,0,,,https://t.me/giftxtech_bot,https://t.me/giftx_community_ru,,,,,,,,,,,gramnews-apps ton.app,
shopping,22,monomenu,monomenu,quiet,0,,,https://t.me/ton_portfel,https://t.me/ton_portfel_bot,,,,,,,,,,,gramnews-apps ton-society-ecosystem-map ton.app,
shopping,23,OpenMarketplace,openmarketplace,quiet,0,,,https://t.me/MarketplaceTeleBot,https://t.me/OpenMarketplaces,,,,,,,,,,,gramnews-apps ton.app,
shopping,24,Peravel,peravel,quiet,0,,,https://t.me/peraveldefi,https://t.me/Peravelbot,,https://app.peravel.com/,,,,,,,,,gramnews-apps ton.app,
shopping,25,SoftShelf,softshelf,quiet,0,,,https://t.me/SoftShelf,https://t.me/SoftShelfBot,,,,,,,,,,,gramnews-apps ton.app,
shopping,26,TonMart,tonmart,quiet,0,,,,https://t.me/tonmartbot,,,,,,,,,,,2024-06-ton-degen,
shopping,27,Umy.com,umy-com,quiet,0,,,https://t.me/umyofficialnews,https://t.me/umy_official_bot,https://x.com/umycomofficial,https://umy.com/,,,,,,,,,gramnews-apps ton.app,Umy.com — hotel and flight bookings with cryptocurrency payments
shopping,28,VibeMarket,vibemarket,quiet,0,,,https://t.me/vibecodemarketdev_bot,,,https://vibemarket.pro/en,,,,,,,,,gramnews-apps ton.app,
shopping,29,WebDosa,webdosa,quiet,0,,,https://t.me/undrdosabot,https://t.me/undrdosa,,https://webdosa.app,,,,,,,,,gramnews-apps ton.app,WebDosa — a shopping bot in Telegram
shopping,30,Bounty Bay,bounty-bay,closed,0,,,,https://t.me/pakcoin_kombat_bot,https://x.com/0xBountyBay,https://www.bountybay.app/,,,,,,,,,2024-06-ton-degen dyor.io gramnews-apps ton-society-ecosystem-map,
shopping,31,Elephant Store,elephantstorebot,closed,0,,,https://t.me/slon_market,https://t.me/elephantstorebot,https://x.com/ownthedoge,,,,,,,,,,2025-ton-cis-hub gramnews-apps,
shopping,32,TGGifts,tggifts,closed,0,,,https://t.me/tongiftsnews,https://t.me/GetTonGifts_Bot,https://x.com/TonGiftsbot,https://gifts.tg,,,,,,,,,2026-05-messari dyor.io gramnews-apps ton.app,
education,1,Be Unstoppable,be-unstoppable,active,0,,telegram,https://t.me/unstoppable_announcements,https://t.me/BeUnstoppable_bot,https://x.com/unstoppablebyhs,https://unstoppable.money/,https://github.com/horizontalsystems,2026-09-30,2026-10-01,252362,252362,210,10167,,dyor.io gramnews-apps,"Be Unstoppable — a cryptocurrency wallet supporting Bitcoin, Ethereum, and Zcash"
education,2,TonNewbie,tonnewbie-nr1hca,active,0,,telegram,https://t.me/tonnewbie,https://t.me/blockspinbot,https://x.com/ru,https://new-jetton.site,,2026-09-28,,227439,227439,107,,,dyor.io gramnews-apps,
education,3,iQuizMaster,iquizmaster,active,0,,mau,,https://t.me/iquizmaster_bot,https://x.com/snapsterbot,,,,,20255,,,20255,,dyor.io gramnews-apps,
education,4,BehLand - Web3 L2E,behland-web3-l2e,active,0,,telegram,https://t.me/BehLand_Official,https://t.me/BehLand_gp,https://x.com/BehLandOfficial,https://beh.land,https://github.com/beh-land,2026-09-29,2026-09-09,6097,6097,28,,,gramnews-apps ton.app,BehLand — an educational platform with Web3 elements
education,5,XPLUS,xplus,quiet,0,,,,https://t.me/xplusio_bot,https://x.com/xplusio,,,,,,,,89543,,2024-06-ton-degen dyor.io gramnews-apps,XPLUS Game is a game within Telegram.
education,6,BrainGames,braingames,quiet,0,,,https://t.me/caspertma,https://t.me/braingamesappbot,,,,,,,,,16934,,dyor.io gramnews-apps,
education,7,Join Studihub,join-studihub,quiet,0,,,https://t.me/PieTrade,https://t.me/joinstudihub_bot,https://x.com/pie_exchange,https://pie.trading,,,,,,,12109,,dyor.io gramnews-apps,
education,8,WordBooX,wordboox,quiet,0,,,,https://t.me/wordboox_bot,https://x.com/watchlist_id,,,,,,,,10576,,dyor.io gramnews-apps,
education,9,Leap,leap,quiet,0,,,https://t.me/leap_app,https://t.me/leapapp_bot,https://x.com/hey_leap,,,,,,,,10171,,dyor.io gramnews-apps,
education,10,Botanica,botanica,quiet,0,,,,https://t.me/botanica_school_bot,,,,,,,,,10059,,dyor.io gramnews-apps,
education,11,Vottun Dojo,vottun-dojo,quiet,0,,,,https://t.me/vottundojobot,https://x.com/bradcommunity,https://thebrad.space/,https://github.com/BradDev01,,2023-01-26,,,,10057,,dyor.io gramnews-apps,
education,12,Salala Training AI,salala-training-ai,quiet,0,,,,https://t.me/salala_ai_training_bot,,,,,,,,,10027,,dyor.io gramnews-apps,
education,13,Tonal,tonal,quiet,0,,,https://t.me/tonalwin,https://t.me/tonalwinbot,https://x.com/tonalwin,,,,,,,,2560,,2024-06-ton-degen dyor.io gramnews-apps,Tonal — a bot with a personal AI mentor for self-discovery and creativity
education,14,LingoTon,lingoton,quiet,0,,,,https://t.me/lingoton_bot,https://x.com/lingoton_app,,,,,,,,1443,,dyor.io gramnews-apps,
education,15,TonTon by Intract,tonton-by-intract,quiet,0,,,,https://t.me/tonton_intract_bot,https://x.com/TonTon_Intract,https://ton.bulksender.app,,,,,,,573,,dyor.io gramnews-apps,
education,16,Catia Eduverse,catia-eduverse,quiet,0,,,https://t.me/Catia_Official,https://t.me/catia_gamebot,https://x.com/WeAreCatia,,,,,554,,,554,,dyor.io gramnews-apps,
education,17,Trading Simulator,trading-simulator,quiet,0,,,,https://t.me/trading_simulation_bot,,,,,,,,,44,,dyor.io gramnews-apps,
education,18,Roblet,roblet,quiet,0,,,,https://t.me/roblet_io_bot,,,,,,,,,1,,dyor.io gramnews-apps,
education,19,Crazy Llama English,crazy-llama-english,quiet,0,,,https://t.me/CrazyLlamaEnglish_bot,,,https://crazyllama.farm,,,,,,,,,dyor.io gramnews-apps ton.app,
education,20,FunC Lessons,func-lessons,quiet,0,,,https://t.me/ton_learn,,,,https://github.com/romanovichim/TonFunClessons_Eng,,2024-07-07,,,,,,ton-society-ecosystem-map,
education,21,Lazy Reader,lazy-reader,quiet,0,,,https://t.me/lazyreader_channel,https://t.me/lazyreader_bot,,https://lazy-reader.com/,,,,,,,,,gramnews-apps ton.app,
education,22,Tact Language,tact-language,quiet,0,,,https://t.me/tactlang,,https://x.com/tact_language,,https://github.com/tact-lang,,2026-07-29,,,,,,ton-society-ecosystem-map,
education,23,Tinlake,tinlake,quiet,0,,,https://t.me/tinlake_bot,,https://x.com/AppTinlake,,,,,,,,,,gramnews-apps ton.app,Tinlake is an educational mini-app on Telegram.
education,24,Дневник разработчика на TON,dnevnik-razrabotchika-na-ton,quiet,0,,,,https://t.me/pandalotterybot,https://x.com/loto_panda,,,,,,,,,,dyor.io gramnews-apps,
education,25,Дневник стартапера,dnevnik-startupera,quiet,0,,,,https://t.me/chaingptai_bot,,https://www.chaingpt.org/,,,,,,,,,dyor.io gramnews-apps,
education,26,Мнимый в крипте,mnimyi-v-kripte,quiet,0,,,https://t.me/pixilandofficial,https://t.me/pixiland_bot,https://x.com/pixilandsocial,https://pixiland.app,,,,,,,,,dyor.io gramnews-apps,
games,1,Dogs,dogs-wpl0el,active,1,1,telegram+mau,https://t.me/dogs,,https://x.com/realDogsHouse,https://dogs.dev/links,,2026-09-18,,2875900,2875900,16,161309,,dyor.io gramnews-apps gramnews-q3-2026,A gaming mini app for the $DOGS memecoin with NFTs and tournaments.
games,2,CITY Holder,city-holder-game,active,1,1,telegram+mau,https://t.me/city_holder,,https://x.com/City_Holder,,,,,2181926,2181926,240,48486,,dyor.io gramnews-apps gramnews-q3-2026,CITY Holder Game is a Build-to-Earn game where you build your city in Telegram.
games,3,Catizen,catizen-1,active,1,1,telegram+mau,https://t.me/catizenann,,https://x.com/CatizenAI,https://catizen.ai/,,2026-09-23,,1423100,1423100,28,83482,,2024-05-coin98-games 2024-06-dwf-ventures 2024-06-ton-degen 2025-07-ton dyor.io gramnews-apps gramnews-q3-2026,Catizen is a cat-themed simulation game on Telegram.
games,4,Gatto,gatto,active,1,1,telegram,https://t.me/gatto_game,,https://x.com/Gatto_game,https://gatto.pw/,,2026-09-30,,1331746,1331746,102,,,2024-02-coin98-games 2024-05-coin98-games 2024-06-ton-degen 2025-07-ton 2025-07-ton-cis-hub-q2 2025-ton-cis-hub dyor.io gramnews-apps gramnews-q3-2026 ton-society-ecosystem-map,Gatto — 3v3 card battle game with pets on TON
games,5,GAMEE,gamee,active,1,1,telegram+mau,https://t.me/gameechannel,,https://x.com/GAMEEToken,,,,,1177090,1177090,47,279465,,2025-07-ton dyor.io gramnews-apps gramnews-q3-2026,
games,6,PlayDeck,playdeck,active,1,1,mau,https://t.me/playdecksupport,,https://x.com/playdeckgames,,https://github.com/ton-play,,2025-11-12,986883,,,986883,,2024-02-coin98-games 2024-05-coin98-games 2025-07-ton dyor.io gramnews-apps gramnews-feed gramnews-q3-2026 ton-society-ecosystem-map,PlayDeck is a Telegram mini app offering over 250 free games.
games,7,Fomo Fighters,fomo-fighters,active,1,1,telegram+mau,https://t.me/fomo_fighters,,,,,2026-09-29,,832980,832980,53,36885,,gramnews-apps gramnews-q3-2026,"Fomo Fighters is a game where you develop your city, join a clan, and fight in wars."
games,8,TON Kombat,ton-kombat,active,1,1,telegram+mau,https://t.me/tonkombatofficial,,https://x.com/TONKombat,https://tokkombat.com/,,2026-09-29,,371980,371980,8,35899,,dyor.io gramnews-apps gramnews-q3-2026,TON Kombat is a Web3 RPG game with elements of strategy and character progression.
games,9,TON Poker,ton-poker,active,1,1,telegram,https://t.me/tonpokerroom,,,,,2026-09-30,,221017,221017,168,,,2025-07-ton gramnews-q3-2026,
games,10,EdChess,edchess,active,1,1,telegram+mau,https://t.me/edchessss,,https://x.com/join,https://padton.com/,https://github.com/PadTON,2026-09-29,2024-08-09,152450,152450,75,34066,,2024-06-ton-degen 2025-07-ton-cis-hub-q2 2025-ton-cis-hub dyor.io gramnews-apps gramnews-q3-2026,EdChess is a chess game with the ability to earn $GRAM.
games,11,Sleepagotchi,sleepagotchi,active,1,1,telegram,https://t.me/sleepagotchi,,,,,2026-09-17,,91610,91610,16,,,2025-07-ton gramnews-q3-2026,
games,12,Pixelmania,pixelmania,active,1,1,telegram+mau,https://t.me/pixelmania,,,,,2026-09-28,,81299,32530,8,81299,,gramnews-q3-2026,
games,13,Pixel World,pixel-world,active,1,1,telegram+mau,https://t.me/pixelworld_channel,https://t.me/pixelworld,,,,2026-09-14,,50288,1,1,50288,,gramnews-q3-2026,
games,14,Tiny Verse,tiny-verse,active,1,1,telegram+mau,https://t.me/tvappchannel,,,,,2026-09-01,,48145,6020,1,48145,,2025-07-ton gramnews-q3-2026,
games,15,Not Games,notgames,active,1,1,telegram+mau,https://t.me/thenotgames,,https://x.com/playnotgames,,,2026-09-08,,33310,4770,1,33310,,dyor.io gramnews-apps gramnews-q3-2026,NotGames is a gaming profile app with a market for trading items.
games,16,Uni Jump,uni-jump,active,1,1,mau,,,https://x.com/uni_jump,,,,,22364,,,22364,,2026-05-messari gramnews-apps gramnews-q3-2026,Uni Jump is a game in Telegram
games,17,VOID,void,active,1,1,telegram+mau,https://t.me/voidnothere,,,,,2026-09-24,,17260,11230,2,17260,,gramnews-q3-2026,
games,18,Punkland,punkland,active,1,1,mau,https://t.me/punkland_community,,,,,,,17170,,,17170,,dyor.io gramnews-apps gramnews-q3-2026,
games,19,Trading Wars,trading-wars,active,1,1,telegram+mau,https://t.me/tradingwarscommunity,,,https://tradingwars.site/,,2026-09-30,,17093,17093,6,10659,,dyor.io gramnews-apps gramnews-q3-2026,
games,20,Wigwam Drum Game,wigwam-drum-game,active,1,1,telegram,https://t.me/wigwam_announcements,,https://x.com/wigwam_app,https://Wigwam.app,https://github.com/wigwamapp,2026-08-27,2026-09-20,16270,16270,5,,,dyor.io gramnews-apps gramnews-q3-2026,Drum game with farming and DRUM tokens
games,21,MetaRacing Game,metaracing-game,active,1,1,telegram,https://t.me/metaracing,,https://x.com/MetaRacing_io,https://new-game.metaracing.io/docs/wallet,,2026-09-24,,12984,12984,23,,,dyor.io gramnews-apps gramnews-q3-2026,
games,22,TON Planets,ton-planets,active,1,1,telegram,https://t.me/tonplanets,,,,,2026-09-28,,4823,4823,26,,,2024-02-coin98-games 2024-05-coin98-games gramnews-q3-2026 ton-society-ecosystem-map,
games,23,FOLK,folk,active,1,1,telegram,https://t.me/folklolgame,,https://x.com/folklolgame,https://www.folk.lol,,,,3443,3443,9,,,dyor.io gramnews-apps gramnews-q3-2026,FOLK is a free indie sandbox MMORPG with survival elements.
games,24,Chess Zombies project,chess-zombies-project,active,1,1,telegram,https://t.me/chesszombies,,https://x.com/SHEDEVERstudio,https://chesszombies.fun,https://github.com/SHEDEVERstudio,2026-09-07,2023-12-25,2060,2060,13,,,2023-10-tonpost 2024-02-coin98-games 2024-05-coin98-games dyor.io gramnews-apps gramnews-q3-2026 ton-society-ecosystem-map,
games,25,Notcoin,notcoin-30j8gm,active,0,,mau,https://t.me/notcoin,https://t.me/notcoin_bot,https://x.com/thenotcoin,https://notcoin.org,,,,480195,,,480195,,2024-02-coin98-games 2024-05-coin98-games 2024-06-dwf-ventures 2024-06-ton-degen 2025-07-ton dyor.io gramnews-apps,Notcoin is a Telegram game involving the $NOT token.
games,26,CatsXWar,catsxwar,active,0,,gramnews,https://t.me/mytonwalleten,https://t.me/catsxwarbot,,https://mytonwallet.io/,https://github.com/mytonwalletorg/mytonwallet,,2026-10-01,,,,12239,,dyor.io gramnews-apps gramnews-feed ton-society-ecosystem-map,
games,27,BBQCoin,bbqcoin,active,0,,mau,,https://t.me/bbqcoin_bot,https://x.com/BBQ_Coin,,,,,11361,,,11361,,2024-05-coin98-games dyor.io gramnews-apps,
games,28,RegalIsland,regalisland,active,0,,mau,,https://t.me/richisland_bot,,,,,,11242,,,11242,,dyor.io gramnews-apps,
games,29,Bcoin 2048,bcoin-2048,active,0,,mau,https://t.me/bcoin2048_ru_channel,https://t.me/bcoin2048bot,https://x.com/bcoin2048,,,,,10172,,,10172,,dyor.io gramnews-apps,
games,30,BUMP,bump,active,0,,mau,,https://t.me/mmprobump_bot,,,,,,10161,,,10161,,dyor.io gramnews-apps,
games,31,SPACE ADVENTURE,space-adventure,active,0,,mau,https://t.me/space_adventure_game,https://t.me/spaceadv_game_bot,https://x.com/bounty_play,,,,,10057,,,10057,,dyor.io gramnews-apps,
games,32,DRFT Party,drft-party,active,0,,,https://t.me/drft_party,https://t.me/drft_party_bot,https://x.com/drft_party,,,,,9002,,,9002,,2025-07-ton dyor.io gramnews-apps,
games,33,BIRD,bird,active,0,,,https://t.me/birdtongame,https://t.me/birdtonbot,,https://birdton.site,,,,7688,,,7688,,dyor.io gramnews-apps,
games,34,Bee Harvest,bee-harvest,active,0,,,https://t.me/BeeHarvest,https://t.me/beeharvestbot,https://x.com/beeharvestton,https://beeharvest.life,,,,7074,,,7074,,dyor.io gramnews-apps,
games,35,Meerkat Coin App,meerkat-coin-app,active,0,,,,https://t.me/meerkat_coin_bot,,,,,,5428,,,5428,,dyor.io gramnews-apps,
games,36,Puparty,puparty,active,0,,,,https://t.me/puparty_bot,https://x.com/PupartyAI,,,,,4994,,,4994,,dyor.io gramnews-apps,
games,37,Night Club,night-club,active,0,,telegram,https://t.me/nightclubonline,https://t.me/tonightclubbot,https://x.com/nightclubtonbot,https://ibizagaming.xyz,,2026-09-09,,2728,1978,9,2728,,dyor.io gramnews-apps,
games,38,Arcana: LAND,arcana-land,active,0,,telegram,https://t.me/arcanaapps_land,https://t.me/land_arcana_bot,,,,2026-09-29,,2449,2449,35,4347,,dyor.io gramnews-apps,
games,39,GH Arena,gh-arena,active,0,,telegram,https://t.me/gh_coin,https://t.me/gharenabot,https://x.com/Tfarmio,,,2026-09-08,,1721,1721,4,321,,dyor.io gramnews-apps,
games,40,xCombat,xcombat,active,0,,,,https://t.me/xcombat_bot,,,,,,1529,,,1529,,dyor.io gramnews-apps,
games,41,Animal Village,animal-village,active,0,,telegram,https://t.me/animal_village_ann,https://t.me/Animal_village_bot,,,,2026-07-24,,1446,57,1,1446,,dyor.io gramnews-apps,
games,42,Direct Games Bot,direct-games-bot,active,0,,gramnews,,https://t.me/directgamesbot,https://x.com/Otter_Loot,,,,,,,,1390,,dyor.io gramnews-apps gramnews-feed,
games,43,Flutter Bees,flutter-bees,active,0,,telegram,https://t.me/FlutterBees,https://t.me/FlutterBees_bot,https://x.com/FlutterBees_X,https://www.flutterbees.app,https://github.com/flutter-bees,2026-07-15,2026-05-22,1150,1150,1,237,,dyor.io gramnews-apps,
games,44,VWS Utilities,vws-utilities,active,0,,telegram,https://t.me/miningvws,https://t.me/MiningChatbot,https://x.com/VirtualsWorlds,https://virtualsworlds.online,https://github.com/MagicVipPeople,2026-07-11,2024-05-23,1068,1068,3,,,dyor.io gramnews-apps ton.app,
games,45,Scor,scor,active,0,,telegram,https://t.me/SCORtoken,https://t.me/scor_games_bot,https://x.com/scorprotocol,,,2026-07-02,,897,897,1,10330,,dyor.io gramnews-apps,
games,46,Your Life Simulator,yourlifesimulator-bot,active,0,,telegram,https://t.me/tvorog_lab,https://t.me/yourlifesimulator_bot,,,,2026-07-17,,764,764,1,,,gramnews-apps,
games,47,Like & Love,like-and-love,active,0,,telegram,https://t.me/like_mining,https://t.me/Like_Project_Bot,,https://mehrdadjeyrani.ir,,2026-09-28,,639,639,26,,,dyor.io gramnews-apps,
games,48,MonkeyRush,monkeyrush,active,0,,telegram,https://t.me/monkeyrush,https://t.me/monkeyrush_bot,https://x.com/monkeyrush_bot,https://monkeyrush.app,,2026-08-06,,607,607,1,10035,,dyor.io gramnews-apps,
games,49,DRAGONIA,dragonia,active,0,,telegram,https://t.me/dragonianews,https://t.me/dragoniabot,,,,2026-07-10,,53,44,1,53,,dyor.io gramnews-apps,
games,50,Shahnameh,shahnameh,active,0,,telegram,https://t.me/Shahnameh_news,https://t.me/catsgang_bot,,https://realgram.no/,https://github.com/Real-Gram/Realgram,2026-09-23,2026-09-09,52,52,1,,,dyor.io gramnews-apps,
games,51,ANON Space,anon-space,active,0,,telegram,https://t.me/anon_club,https://t.me/anonearnbot,https://x.com/anonclub8,,,2026-09-30,,39,39,1,10222,,dyor.io gramnews-apps ton-society-ecosystem-map,
games,52,Junlala,junlala,active,0,,telegram,https://t.me/junlalanews,https://t.me/junlalaaibot,https://x.com/JunLaLaltd,,,2026-09-27,,2,2,1,13134,,dyor.io gramnews-apps,
games,53,Panthers,panthers,active,0,,gramnews,https://t.me/daolama,https://t.me/panthergamebot,https://x.com/bnbpanthers,https://app.daolama.co/?ref=y2Dz5GDMGL,,,,,,,,,dyor.io gramnews-apps gramnews-feed,
games,54,CoinPups,coinpups,quiet,0,,,https://t.me/coinpups2024,https://t.me/coinpupsbot,https://x.com/coinpups24,,,,,,,,110722,,dyor.io gramnews-apps,
games,55,Lost Cats,lost-cats,quiet,0,,,,https://t.me/lostcatsappbot,https://x.com/TokenLone,,,,,,,,89217,,dyor.io gramnews-apps,
games,56,Pump Game,pump-game,quiet,0,,,,https://t.me/pumptokenbot,https://x.com/PumpGameIO,https://metania.games/,,,,,,,76331,,dyor.io gramnews-apps,Pump Game is a Telegram game that is currently not functional.
games,57,Fight Brawl,fight-brawl,quiet,0,,,,https://t.me/fightbrawlbot,https://x.com/FightBrawl_Ton,,,,,,,,68640,,dyor.io gramnews-apps,Fight Brawl is a fighting game on Telegram.
games,58,onai_galaxy_blaster,onai-galaxy-blaster,quiet,0,,,,https://t.me/onai_galaxy_blaster_bot,https://x.com/onai_official,,,,,,,,65310,,dyor.io gramnews-apps,AI-powered trading app in Telegram.
games,59,Star Defender,star-defender,quiet,0,,,,https://t.me/stardefenderbot,https://x.com/vorpalDAO,,,,,,,,56374,,2025-ton-cis-hub dyor.io gramnews-apps,"Space PVP strategy with levels, quests, and NFT skins."
games,60,Pepes Frogbar,pepes-frogbar,quiet,0,,,,https://t.me/pepefrogbar_bot,https://x.com/di_sob,,,,,,,,55034,,dyor.io gramnews-apps,
games,61,WuffiTap,wuffitap,quiet,0,,,,https://t.me/wuffitap_bot,,,,,,,,,52082,,dyor.io gramnews-apps,WuffiTap: app unavailable (404 Not Found). Previously a game experience.
games,62,Cyber Islands Game,cyber-islands-game,quiet,0,,,,https://t.me/cyberislandsbot,,,,,,,,,42794,,dyor.io gramnews-apps,GEXCORE Islands ICO - это платформа проведения TGE токенов в игровом формате
games,63,GLOBULA,globula,quiet,0,,,,https://t.me/globulaspacebot,https://x.com/PiBridgeOrg,,,,,,,,39440,,dyor.io gramnews-apps,This bot is your gateway to join the blockchain geolocation game: GLOBULA
games,64,GALACoin,galacoin,quiet,0,,,,https://t.me/galacoin_bot,https://x.com/WinkFinance,,,,,,,,36470,,dyor.io gramnews-apps,
games,65,CrazyRushHeroesAlpha,crazyrushheroesalpha,quiet,0,,,,https://t.me/crazyrushheroesalphabot,,,,,,,,,34759,,dyor.io gramnews-apps,Try to beat your friends' scores and rush to the top of the leaderboards in this game of nonstop shooting action!
games,66,Space Cartels,space-cartels,quiet,0,,,,https://t.me/spacecartelsbot,https://x.com/SpaceCartels,,,,,,,,34576,,dyor.io gramnews-apps,Space Cartels is a turn-based web3 game where you become a Cartel Boss on Planet X in 2266.
games,67,BattleRoll,battleroll,quiet,0,,,,https://t.me/battleroll_bot,,,,,,,,,33587,,dyor.io gramnews-apps,
games,68,Pool Degens,pool-degens,quiet,0,,,,https://t.me/pooldegen_bot,,,,,,,,,33037,,dyor.io gramnews-apps,
games,69,MajyoTreasureBot,majyotreasurebot,quiet,0,,,https://t.me/MajyoTreasure,https://t.me/majyotreasurebot,https://x.com/MajyoGame,,,,,,,,28827,,2024-06-ton-degen dyor.io gramnews-apps,
games,70,Jetbi,jetbi,quiet,0,,,https://t.me/jetbi,https://t.me/jetbibot,,,,,,,,,26992,,dyor.io gramnews-apps,Join Jetbi channel 👉 @jetbi
games,71,Breakout,breakout,quiet,0,,,,https://t.me/breakoutgamesbot,,,,,,,,,26872,,dyor.io gramnews-apps,
games,72,KaBoom,kaboom,quiet,0,,,,https://t.me/kaboom_meme_bot,https://x.com/kaboom_meme,,,,,,,,25891,,dyor.io gramnews-apps,KaBoom is an app for discovering and trading cryptocurrencies.
games,73,PlayZap Games,playzap-games,quiet,0,,,https://t.me/PlayZapOfficial,https://t.me/playzap_bot,https://x.com/PlayZapGames,https://playzap.games,,,,,,,25230,,dyor.io gramnews-apps,
games,74,Catinton,catinton,quiet,0,,,,https://t.me/catintonbot,,,,,,,,,24321,,dyor.io gramnews-apps,Catinton is an engaging arcade game where you control a cute cat that mines CTN coins.
games,75,Rumble Bees,rumble-bees,quiet,0,,,https://t.me/snapsim,https://t.me/rumble_bees_bot,,,,,,,,,23386,,dyor.io gramnews-apps,BATTLE PASS is a bridge between the world of web2 games and web3 users.
games,76,KITON,kiton,quiet,0,,,https://t.me/KITON_EN,https://t.me/kitongame_bot,https://x.com/KiTon_Gaming,https://kiton.io,,,,,,,22058,,dyor.io gramnews-apps,
games,77,Corgia,corgia,quiet,0,,,,https://t.me/corgiawebbot,https://x.com/CorgiaState,,,,,,,,21769,,dyor.io gramnews-apps,
games,78,Zeeverse Mini,zeeverse-mini,quiet,0,,,,https://t.me/zee_verse_bot,,,,,,,,,20986,,dyor.io gramnews-apps,Zeeverse mini is an arcade built as a door to Zeeverse ecosystem.
games,79,Telgather Minigames,telgather-minigames,quiet,0,,,,https://t.me/telgatherminigamesbot,,,,,,,,,20123,,dyor.io gramnews-apps,
games,80,Sun farmer,sun-farmer,quiet,0,,,,https://t.me/sun_farmer_bot,https://x.com/DogePeeCoin,,,,,,,,19965,,dyor.io gramnews-apps,🌞 Gather the sun rays!
games,81,Aylab Game,aylab-game,quiet,0,,,https://t.me/aylab_announcement,https://t.me/aylabgame_bot,https://x.com/suinetwork,,,,,,,,19779,,dyor.io gramnews-apps,
games,82,WindyTap,windytap,quiet,0,,,,https://t.me/windy_tap_bot,,,,,,,,,19273,,dyor.io gramnews-apps,
games,83,ChessNode,chessnode,quiet,0,,,,https://t.me/chessnode_bot,,,,,,,,,19082,,dyor.io gramnews-apps,
games,84,Slimewifhat,slimewifhat,quiet,0,,,,https://t.me/slimewifhat_bot,https://x.com/slimewifhat,,,,,,,,18760,,dyor.io gramnews-apps,
games,85,KNOW PUMP,know-pump,quiet,0,,,,https://t.me/knowpump_bot,,,,,,,,,18742,,dyor.io gramnews-apps,
games,86,Puffy Games,puffy-games,quiet,0,,,https://t.me/puffygames,https://t.me/PuffyGamesBot,https://x.com/puffydotgames,https://puffy.games/,https://github.com/PuffyGames,,2024-08-20,,,,17855,,dyor.io gramnews-apps,
games,87,PennyWhale,pennywhale,quiet,0,,,https://t.me/pennywhaleiotelegram,https://t.me/pennywhaleio_bot,https://x.com/pennywhaleio,,,,,,,,17373,,dyor.io gramnews-apps,
games,88,CYBERTON,cyberton,quiet,0,,,,https://t.me/cyberton_dmntr_bot,,,,,,,,,16929,,dyor.io gramnews-apps,
games,89,TONs of Dungeons,tons-of-dungeons,quiet,0,,,,https://t.me/tonsofdungeons_bot,https://x.com/tonsofdungeons,,,,,,,,16833,,dyor.io gramnews-apps,
games,90,Purrate King,purrate-king,quiet,0,,,,https://t.me/purratekingbot,,,,,,,,,16741,,dyor.io gramnews-apps,
games,91,WALL Future,wall-future,quiet,0,,,,https://t.me/wall_game_bot,,,,,,,,,16689,,dyor.io gramnews-apps,
games,92,ALFA GAME,alfa-game,quiet,0,,,https://t.me/alfagame_support,https://t.me/alfa_pet_bot,https://x.com/fizenapp,,,,,,,,16671,,dyor.io gramnews-apps,
games,93,Musgard,musgard,quiet,0,,,,https://t.me/musgard_bot,https://x.com/SnakeTON_Game,,,,,,,,15784,,dyor.io gramnews-apps,
games,94,Football Legends,football-legends,quiet,0,,,https://t.me/fball_legends,https://t.me/fball_legends_bot,,https://telega.io/c/fball_legends,,,,,,,15465,,dyor.io gramnews-apps,Football game with earnings from swiping
games,95,Spike Game,spike-game,quiet,0,,,,https://t.me/dogespikebot,,,,,,,,,15170,,dyor.io gramnews-apps,
games,96,Sanctum AI,sanctum-ai,quiet,0,,,https://t.me/SanctumAI_Ann,https://t.me/sanctumai_bot,https://x.com/Sanctum_AI,,,,,,,,14622,,dyor.io gramnews-apps,
games,97,Dogin Hood,dogin-hood,quiet,0,,,,https://t.me/doginhood_bot,https://x.com/doginhood_io,,,,,,,,14542,,dyor.io gramnews-apps,
games,98,Cartel,cartel,quiet,0,,,https://t.me/cartel_game_community,https://t.me/cartel_game_bot,https://x.com/cartelgameton,,,,,,,,14309,,dyor.io gramnews-apps,
games,99,CryptoWorms,cryptoworms,quiet,0,,,https://t.me/cryptowormslive,https://t.me/cryptowormbot,https://x.com/minexton_bot,,,,,,,,14274,,dyor.io gramnews-apps,
games,100,MarsGO,marsgo,quiet,0,,,,https://t.me/marsgo_bot,,,,,,,,,14231,,dyor.io gramnews-apps,
games,101,Arena Games,arena-games,quiet,0,,,,https://t.me/arenavsbot,https://x.com/Arenaweb3,,https://github.com/Stenix777/Neural-network-telegram,,2024-05-21,,,,14111,,dyor.io gramnews-apps,
games,102,HangarX Gaming,hangarx-gaming,quiet,0,,,,https://t.me/hangarxgaming_bot,https://x.com/Hangarxio,https://HangarX.io,https://github.com/hangarx,,2024-12-15,,,,14040,,dyor.io gramnews-apps,
games,103,PepexVerse,pepexverse,quiet,0,,,https://t.me/pepexsupport,https://t.me/pepexversebot,,,,,,,,,13766,,dyor.io gramnews-apps,
games,104,Catmoonity,catmoonity,quiet,0,,,https://t.me/catmoonity,https://t.me/catmoonitybot,https://x.com/catmoonity,,,,,,,,13761,,dyor.io gramnews-apps,
games,105,PUSH Coin,push-coin,quiet,0,,,https://t.me/bemofinance,https://t.me/plankpushers_bot,https://x.com/bemo_finance,https://bemo.fi/,,,,,,,13740,,dyor.io gramnews-apps,
games,106,Mirrion Beyond,mirrion-beyond,quiet,0,,,https://t.me/MirrionBeyond,https://t.me/mirrionbeyondbot,https://x.com/MirrionBeyond,https://store.steampowered.com/?snr=1_1056_4_18_global-header&curator_clanid=45363409,,,,,,,13733,,dyor.io gramnews-apps,A cyberpunk game with survival and hacking elements
games,107,efootballmanager,efootballmanager,quiet,0,,,https://t.me/EFootballManager,https://t.me/efootballmanagerbot,https://x.com/EFM_TON,,,,,,,,13721,,dyor.io gramnews-apps,
games,108,Metal Bros,metal-bros,quiet,0,,,,https://t.me/metalbros_bot,https://x.com/MetalBros_ton,,,,,,,,13680,,dyor.io gramnews-apps,
games,109,Sharkara,sharkara,quiet,0,,,https://t.me/sharkara_dev,https://t.me/sharkarabot,https://x.com/sharkaragame,,,,,,,,13678,,dyor.io gramnews-apps,
games,110,WINK LEGACY,wink-legacy,quiet,0,,,https://t.me/winkofficial,https://t.me/winklegacy_bot,https://x.com/WinkFinance,,,,,,,,13404,,dyor.io gramnews-apps,
games,111,Venom Frogs,venom-frogs,quiet,0,,,,https://t.me/venomfrogsbot,,,,,,,,,13340,,dyor.io gramnews-apps,
games,112,Elympics,elympics,quiet,0,,,https://t.me/FoxiCoinBot,https://t.me/elympics_bot,https://x.com/CoinFoxis,https://foxiscoin.com/,,,,,,,13320,,2025-07-ton dyor.io gramnews-apps,
games,113,Magic Alchemy Bot,magic-alchemy-bot,quiet,0,,,,https://t.me/magicalchemybot,,,,,,,,,13216,,dyor.io gramnews-apps,
games,114,GemGame,gemgame,quiet,0,,,,https://t.me/play_gemgame_bot,https://x.com/GemGame_TG,https://decibling.com,https://github.com/decibling,,2024-07-15,,,,13195,,dyor.io gramnews-apps,
games,115,Cat Planets,cat-planets,quiet,0,,,https://t.me/catplanetsann,https://t.me/CatPlanetsBot,https://x.com/catplanetstg,,,,,,,,12927,,dyor.io gramnews-apps,
games,116,Cat Chef,cat-chef,quiet,0,,,,https://t.me/catchefbot,https://x.com/cat_chef_ton,,,,,,,,12865,,dyor.io gramnews-apps,
games,117,Nail Mini Game,nail-mini-game,quiet,0,,,,https://t.me/unnailbot,https://x.com/Bot_Gameyard,,,,,,,,12786,,dyor.io gramnews-apps,
games,118,ABLY,ably,quiet,0,,,,https://t.me/ablybot,,,,,,,,,12749,,dyor.io gramnews-apps,
games,119,Whale Dash Bot,whale-dash-bot,quiet,0,,,,https://t.me/whaledashgamebot,,,,,,,,,12713,,dyor.io gramnews-apps,
games,120,BeamTapBot,beamtapbot,quiet,0,,,https://t.me/gatto_game,https://t.me/beamtapbot,https://x.com/Gatto_game,https://gatto.pw/,,,,,,,12710,,dyor.io gramnews-apps,
games,121,SiriusTap,siriustap,quiet,0,,,,https://t.me/siriustap_bot,https://x.com/SiriusPad_,,,,,,,,12676,,dyor.io gramnews-apps,
games,122,Punks Game,punks-game,quiet,0,,,https://t.me/Punks_Support,https://t.me/punks_gamebot,https://x.com/nakamotoGames,,,,,,,,12601,,dyor.io gramnews-apps,
games,123,MetaBoss,metaboss,quiet,0,,,,https://t.me/metaboss_2024_bot,https://x.com/MetaBoss_io,,,,,,,,12532,,2024-06-ton-degen dyor.io gramnews-apps,
games,124,Meme Jump,meme-jump,quiet,0,,,,https://t.me/memejump_bot,https://x.com/TONmemejump,,,,,,,,12522,,dyor.io gramnews-apps,
games,125,GTM,gtm,quiet,0,,,https://t.me/gtm_ton,https://t.me/gtm_seizure_bot,,,,,,,,,12421,,dyor.io gramnews-apps,
games,126,EggDrop,eggdrop,quiet,0,,,,https://t.me/eggdrop_gomblebot,,,,,,,,,12379,,dyor.io gramnews-apps,
games,127,Dogizen,dogizen,quiet,0,,,https://t.me/unstoppable_announcements,https://t.me/dogizen_official_robot,https://x.com/unstoppablebyhs,https://unstoppable.money/,https://github.com/horizontalsystems,,2026-10-01,,,,12328,,dyor.io gramnews-apps,
games,128,TravelFrog,travelfrog,quiet,0,,,,https://t.me/travel_frog_bot,https://x.com/tg_frog,,,,,,,,12310,,dyor.io gramnews-apps,
games,129,WONTON,wonton,quiet,0,,,,https://t.me/wontonorgbot,https://x.com/wontondotfun,,,,,,,,12304,,defillama dyor.io gramnews-apps ton-society-ecosystem-map,
games,130,String Games,string-games,quiet,0,,,,https://t.me/string_gamesbot,https://x.com/StringGames_SOL,,,,,,,,12298,,dyor.io gramnews-apps,
games,131,Whispervale,whispervale,quiet,0,,,,https://t.me/world_of_whispervale_bot,https://x.com/WhispervaleGame,,,,,,,,12271,,dyor.io gramnews-apps,
games,132,CatGram,catgram,quiet,0,,,https://t.me/catgram_official,https://t.me/catgram_play_bot,https://x.com/catdotio,,,,,,,,12240,,dyor.io gramnews-apps,
games,133,IceFarm,icefarm,quiet,0,,,,https://t.me/icefarmbot,https://x.com/useTONMemes,,,,,,,,12153,,dyor.io gramnews-apps,
games,134,AKEFish,akefish,quiet,0,,,,https://t.me/akefishbot,https://x.com/Cyberpunk_R,,,,,,,,12132,,dyor.io gramnews-apps,
games,135,Mochi Monkey,mochi-monkey,quiet,0,,,,https://t.me/mochimonkey_bot,https://x.com/ton_mochimonkey,,https://github.com/mochimonkey,,2024-08-27,,,,12071,,dyor.io gramnews-apps,
games,136,SnakeTON,snaketon,quiet,0,,,,https://t.me/snaketon_bot,https://x.com/SnakeTON_Game,,,,,,,,12036,,2024-05-coin98-games 2024-06-ton-degen dyor.io gramnews-apps,
games,137,Taman,taman,quiet,0,,,,https://t.me/tamanfun_bot,,,,,,,,,12034,,dyor.io gramnews-apps,
games,138,Nifis Hunt Bot,nifis-hunt-bot,quiet,0,,,,https://t.me/nifishuntbot,https://x.com/NifisHunt,,,,,,,,11962,,dyor.io gramnews-apps,
games,139,CryptoHacker,cryptohacker,quiet,0,,,https://t.me/CryptoHackerTMA,https://t.me/CryptoHackerGame_bot,https://x.com/CryptoHackerTMA,,,,,,,,11944,,dyor.io gramnews-apps,
games,140,SpinnerCoin,spinnercoin,quiet,0,,,https://t.me/SpinnerCoin,https://t.me/spinnercoin_bot,https://x.com/spinnercoin,,,,,,,,11916,,dyor.io gramnews-apps,
games,141,Bunny Blitz,bunny-blitz,quiet,0,,,,https://t.me/bunnyblitz_bot,https://x.com/bunnyblitzapp,,,,,,,,11872,,dyor.io gramnews-apps,
games,142,ClickARBUZ,clickarbuz,quiet,0,,,,https://t.me/wmclick_bot,,,,,,,,,11851,,dyor.io gramnews-apps,
games,143,PokeTON,poketon,quiet,0,,,https://t.me/PoketonOrg_Ann,https://t.me/poketonorg_bot,https://x.com/Byin_Fun,,,,,,,,11830,,dyor.io gramnews-apps,
games,144,Cybers Cat,cybers-cat,quiet,0,,,,https://t.me/cyberscatbot,,,,,,,,,11815,,dyor.io gramnews-apps,
games,145,NEKO Box,neko-box,quiet,0,,,https://t.me/neco_arc_ton,https://t.me/nekoapp_bot,https://x.com/tongochi,,,,,,,,11762,,dyor.io gramnews-apps,
games,146,OctocrazeBot,octocrazebot,quiet,0,,,https://t.me/OctocrazeAnnouncement,https://t.me/octocrazebot,https://x.com/octocraze,,,,,,,,11701,,dyor.io gramnews-apps,
games,147,Flappy TON,flappy-ton,quiet,0,,,https://t.me/flappyton,https://t.me/flappyton_bot,https://x.com/flappyton_bot,,,,,,,,11682,,dyor.io gramnews-apps,
games,148,HASBILAND,hasbiland,quiet,0,,,,https://t.me/hasbiland_bot,https://x.com/Hasbiland,,,,,,,,11682,,dyor.io gramnews-apps,
games,149,Foxton Master,foxton-master,quiet,0,,,,https://t.me/foxtonmaster_bot,https://x.com/foxton_master,,,,,,,,11669,,dyor.io gramnews-apps,
games,150,Pepe Kombat,pepe-kombat,quiet,0,,,,https://t.me/pepekombat_bot,,,,,,,,,11648,,dyor.io gramnews-apps,
games,151,LumberJackGame,lumberjackgame,quiet,0,,,,https://t.me/lumberjackgame_bot,https://x.com/tonsprotocols,https://www.tonspay.top,https://github.com/tonspay,,2025-06-23,,,,11645,,dyor.io gramnews-apps,
games,152,Blaze Ember,blaze-ember,quiet,0,,,https://t.me/BeeHarvest,https://t.me/blazeemberbot,https://x.com/beeharvestton,https://beeharvest.life,,,,,,,11618,,dyor.io gramnews-apps,
games,153,LOA Hero,loa-hero,quiet,0,,,https://t.me/officialopensea,https://t.me/loa_hero_bot,https://x.com/opensea,https://opensea.io/collection/sword-of-grandia,,,,,,,11547,,dyor.io gramnews-apps,LOA Hero is a blockchain-based strategy card game
games,154,Valiants,valiants,quiet,0,,,,https://t.me/valiants_taptap_bot,https://x.com/vortrius,,,,,,,,11470,,dyor.io gramnews-apps,
games,155,Portal Fantasy,portal-fantasy,quiet,0,,,https://t.me/portal_fantasy_io,https://t.me/portal_odyssey_bot,https://x.com/PortalFantasyio,https://portalfantasy.io,,,,,,,11464,,dyor.io gramnews-apps,
games,156,Hamsterdam,hamsterdam,quiet,0,,,https://t.me/HamsterdamRU,https://t.me/hamsterdamplaybot,https://x.com/Hamsterdam_ton,https://totemancer.com,https://github.com/Totemancer,,2026-02-24,,,,11419,,dyor.io gramnews-apps,
games,157,CaTon,caton,quiet,0,,,https://t.me/tomcoinbnb_announcements,https://t.me/caton_official_bot,https://x.com/CaTon_official,,,,,,,,11410,,2024-06-ton-degen dyor.io gramnews-apps,
games,158,Mappasaurus APP,mappasaurus-app,quiet,0,,,,https://t.me/mappasaurusappbot,https://x.com/Mappasaurus,,,,,,,,11378,,dyor.io gramnews-apps,
games,159,Kwak Coin,kwak-coin,quiet,0,,,,https://t.me/kwakcoin_bot,,,,,,,,,11369,,dyor.io gramnews-apps,
games,160,Skull and Bones,skull-and-bones,quiet,0,,,https://t.me/BBQCoinTeam,https://t.me/skull_x_bones_bot,https://x.com/IEMHash,https://www.iemhash.com,,,,,,,11356,,dyor.io gramnews-apps,
games,161,AZAMEINA SAGA,azameina-saga,quiet,0,,,,https://t.me/azameinabot,,,,,,,,,11342,,dyor.io gramnews-apps,
games,162,Taitiko Arena Bot,taitiko-arena-bot,quiet,0,,,,https://t.me/taitikoarena_bot,https://x.com/TaitikoOfficial,,,,,,,,11271,,dyor.io gramnews-apps,
games,163,NANOZAP,nanozap,quiet,0,,,,https://t.me/nanozap_bot,,,,,,,,,11245,,dyor.io gramnews-apps,
games,164,Mimiland,mimiland,quiet,0,,,,https://t.me/mimiland_appbot,https://x.com/TheMimiland,,,,,,,,11183,,dyor.io gramnews-apps,
games,165,BRICSTONS,bricstons,quiet,0,,,https://t.me/Bricstons,https://t.me/bricstonshubbot,,,,,,,,,11165,,dyor.io gramnews-apps,
games,166,Meow Kingdom,meow-kingdom,quiet,0,,,,https://t.me/meowkingdombot,https://x.com/meowkingdom_io,https://meowkingdom.io/,,,,,,,11114,,dyor.io gramnews-apps,
games,167,Greedy Ball,greedy-ball,quiet,0,,,https://t.me/greedy_ball,https://t.me/greedyballbot,https://x.com/cardify_ton,,,,,,,,11099,,dyor.io gramnews-apps,
games,168,Pina Mania,pina-mania,quiet,0,,,https://t.me/PinaManiaAnn,https://t.me/pinamaniabot,https://x.com/PinaManiaX,,,,,,,,11037,,dyor.io gramnews-apps,
games,169,TFARM,tfarm,quiet,0,,,https://t.me/tfarm_exchange,https://t.me/tfarmpixelbot,https://x.com/Tfarmio,https://docs.tfarm.io/,,,,,,,11037,,2024-05-coin98-games dyor.io gramnews-apps,
games,170,PonchKickBot,ponchkickbot,quiet,0,,,https://t.me/symbiosis_announcements,https://t.me/ponchkick_bot,https://x.com/ponchiqs,https://symbiosis.finance,,,,,,,11033,,dyor.io gramnews-apps,
games,171,AI Buddy,ai-buddy,quiet,0,,,https://t.me/ai_buddy_support,https://t.me/ai_buddy_gamebot,https://x.com/cohortX_ai,,,,,,,,11025,,dyor.io gramnews-apps,
games,172,Owls 🦉,owls,quiet,0,,,https://t.me/owlslabs,https://t.me/owlsonton_bot,https://x.com/owlsonton,,,,,,,,10986,,dyor.io gramnews-apps,
games,173,TON Pirate Kings,ton-pirate-kings,quiet,0,,,https://t.me/TONPirateKings,https://t.me/tonpiratekings_bot,https://x.com/tonpiratekings,,,,,,,,10959,,dyor.io gramnews-apps,
games,174,QuizCraze,quizcraze,quiet,0,,,,https://t.me/quizcrazebot,https://x.com/quizzcraze,,,,,,,,10926,,dyor.io gramnews-apps,
games,175,Magic Muffins,magic-muffins,quiet,0,,,,https://t.me/magicmuffins_bot,,,,,,,,,10918,,dyor.io gramnews-apps,
games,176,Panda Frenzy,panda-frenzy,quiet,0,,,,https://t.me/pandafrenzybot,https://x.com/PandaFrenzyApp,,,,,,,,10908,,dyor.io gramnews-apps,
games,177,Coco Park,coco-park,quiet,0,,,https://t.me/cocopark_group,https://t.me/cocopark_airdrop_bot,https://x.com/cocopark_io,,,,,,,,10879,,dyor.io gramnews-apps,
games,178,Cat vs Alien,cat-vs-alien,quiet,0,,,,https://t.me/catvsalienbot,https://x.com/catvsalien,,,,,,,,10878,,dyor.io gramnews-apps,
games,179,Nothing,nothing,quiet,0,,,,https://t.me/nothingiobot,https://x.com/nothingsio,,,,,,,,10855,,dyor.io gramnews-apps,
games,180,TON ROLL Games,ton-roll-games,quiet,0,,,https://t.me/tonroll_support,https://t.me/tonroll_bot,,https://tonroll.com,,,,,,,10838,,2024-05-coin98-games dyor.io gramnews-apps,TON ROLL Games — survival game with bomb-throwing mechanics
games,181,BaaTapBot,baatapbot,quiet,0,,,,https://t.me/baatapbot,,,,,,,,,10834,,dyor.io gramnews-apps,
games,182,PunchOut,punchout,quiet,0,,,https://t.me/punchoutcrypto,https://t.me/punchoutbot,,,,,,,,,10826,,dyor.io gramnews-apps,
games,183,TeaBank,teabank,quiet,0,,,https://t.me/tea_bank,https://t.me/tea_bank_bot,https://x.com/TeaBankio,https://teabank.io/,,,,,,,10814,,dyor.io gramnews-apps,
games,184,Crypto Bunny Bot,crypto-bunny-bot,quiet,0,,,https://t.me/cryptobunny_en,https://t.me/cryptobunny_bot,,,,,,,,,10797,,dyor.io gramnews-apps,
games,185,Big Fish,big-fish,quiet,0,,,,https://t.me/bigfishgamebot,,,,,,,,,10796,,dyor.io gramnews-apps,
games,186,Pocket Waifu 18,pocket-waifu-18,quiet,0,,,,https://t.me/pocketwaifu_bot,https://x.com/PocketWaifuGame,,,,,,,,10796,,dyor.io gramnews-apps,
games,187,Clockie Chaos,clockie-chaos,quiet,0,,,,https://t.me/clockiechaosbot,https://x.com/vercel,https://vercel.com/docs/errors/DEPLOYMENT_NOT_FOUND,https://github.com/vercel,,2026-10-01,,,,10794,,dyor.io gramnews-apps,
games,188,Mr BitGenie,mr-bitgenie,quiet,0,,,,https://t.me/mrbitgenie_bot,https://x.com/CoinAppWallet,https://github.com/coinspace/coinspace,https://github.com/CoinSpace/CoinSpace,,2026-09-29,,,,10766,,dyor.io gramnews-apps,
games,189,DeadCoin,deadcoin,quiet,0,,,,https://t.me/thedeadcoin_bot,https://x.com/notmeme_app,,,,,,,,10729,,dyor.io gramnews-apps,
games,190,Droppy on Sui,droppy-on-sui,quiet,0,,,,https://t.me/droppy_sui_bot,,,,,,,,,10726,,dyor.io gramnews-apps,
games,191,TapMemes,tapmemes,quiet,0,,,,https://t.me/tapmemes_bot,https://x.com/soon_verse,,,,,,,,10716,,dyor.io gramnews-apps,
games,192,BeeTon,beeton,quiet,0,,,https://t.me/beetoncommunity,https://t.me/beetongamebot,https://x.com/fintopio,,,,,,,,10698,,dyor.io gramnews-apps,
games,193,MUSK TO MARS,musk-to-mars,quiet,0,,,,https://t.me/musk_crypto_bot,,,,,,,,,10694,,dyor.io gramnews-apps,
games,194,WealthQuiz,wealthquiz,quiet,0,,,https://t.me/JVault,https://t.me/wealthquizbot,https://x.com/JVault_app,https://jvault.xyz,https://github.com/JVault-app,,2026-08-17,,,,10678,,dyor.io gramnews-apps,
games,195,FantasyGame - BitPlay,fantasygame-bitplay,quiet,0,,,https://t.me/catplanetsann,https://t.me/fantasyolympicsbot,https://x.com/catplanetstg,,,,,,,,10666,,dyor.io gramnews-apps,
games,196,BIXTAPCLICK,bixtapclick,quiet,0,,,https://t.me/giftchann,https://t.me/bitbixtapclickbot,https://x.com/bitbixofficial,,,,,,,,10649,,dyor.io gramnews-apps,
games,197,Ton Milk,ton-milk,quiet,0,,,,https://t.me/tonmilk_bot,https://x.com/tonmilkgame,,,,,,,,10646,,dyor.io gramnews-apps,
games,198,Clickmiobot,clickmiobot,quiet,0,,,https://t.me/miomigame,https://t.me/clickmio_bot,https://x.com/miomi_game,https://miomi.game/games/?game=kick-mio,,,,,,,10635,,dyor.io gramnews-apps,Gaming platform for competitive matches in popular video games with real-money bets
games,199,ParadiseTap,paradisetap,quiet,0,,,https://t.me/apo11ocomm,https://t.me/paradisetapbot,,,,,,,,,10628,,dyor.io gramnews-apps,
games,200,Televerse Odyssey,televerse-odyssey,quiet,0,,,,https://t.me/torchodyssey_bot,https://x.com/spicafund,,,,,,,,10605,,dyor.io gramnews-apps,
games,201,Capcap Bara,capcap-bara,quiet,0,,,,https://t.me/capcap_bara_bot,https://x.com/CapcapBara,,,,,,,,10600,,dyor.io gramnews-apps,
games,202,ZESH: To The Moon,zesh-to-the-moon,quiet,0,,,,https://t.me/zeshtothemoonbot,https://x.com/zeshapps,,,,,,,,10597,,dyor.io gramnews-apps,
games,203,Anomaly Launcher Bot,anomaly-launcher-bot,quiet,0,,,,https://t.me/anomaly_launch_bot,,,,,,,,,10594,,dyor.io gramnews-apps,
games,204,BeHappy,behappy,quiet,0,,,https://t.me/behappymanager,https://t.me/ibehappybot,https://x.com/TractionEye,https://tractioneye.xyz/,https://github.com/TractionEye,,2026-04-10,,,,10589,,dyor.io gramnews-apps,
games,205,Election Wars,election-wars,quiet,0,,,,https://t.me/election_wars_bot,,https://delabteam.com,https://github.com/delab-team,,2025-12-09,,,,10581,,dyor.io gramnews-apps,
games,206,Tomo cat,tomo-cat,quiet,0,,,,https://t.me/tomo_cat_bot,https://x.com/30sec_yet,,,,,,,,10577,,dyor.io gramnews-apps,
games,207,Swarm,swarm,quiet,0,,,,https://t.me/getswarmed_bot,https://x.com/getswarmed,,,,,,,,10563,,dyor.io gramnews-apps,
games,208,EraOfExplorersbot,eraofexplorersbot,quiet,0,,,,https://t.me/eraofexplorers_bot,https://x.com/eraofexplorers,,,,,,,,10561,,dyor.io gramnews-apps,
games,209,HamsterGo,hamstergo,quiet,0,,,,https://t.me/hamstergobot,https://x.com/onai_official,,,,,,,,10555,,dyor.io gramnews-apps,
games,210,Coincraze,coincraze,quiet,0,,,,https://t.me/coincraze_labs_bot,https://x.com/coincraze_labs,https://coincraze.ai,https://github.com/coincraze-Labs,,2024-09-30,,,,10552,,dyor.io gramnews-apps,
games,211,Epic of Castles,epic-of-castles,quiet,0,,,,https://t.me/epicofcastles_bot,,,,,,,,,10552,,dyor.io gramnews-apps,
games,212,Squirrel Legend,squirrel-legend,quiet,0,,,,https://t.me/squirrel_legend_bot,https://x.com/catvsalien,,,,,,,,10546,,dyor.io gramnews-apps,
games,213,ClydeTap,clydetap,quiet,0,,,https://t.me/ClydeTap,https://t.me/clydetapbot,https://x.com/TapClyde,,,,,,,,10543,,dyor.io gramnews-apps,
games,214,Preton Legacy,preton-legacy,quiet,0,,,https://t.me/ShelterOfExiles,https://t.me/preton_legacy_bot,https://x.com/preton_official,,,,,,,,10542,,dyor.io gramnews-apps,
games,215,TOM TALK,tom-talk,quiet,0,,,,https://t.me/tomtalk_bot,https://x.com/Tomtalkofficial,,https://github.com/tomtalkofficial,,2025-01-08,,,,10529,,dyor.io gramnews-apps ton-society-ecosystem-map,
games,216,MysterPentagon,mysterpentagon,quiet,0,,,,https://t.me/mysterpentagonbot,,,,,,,,,10514,,dyor.io gramnews-apps,
games,217,Gala Music Coin,gala-music-coin,quiet,0,,,,https://t.me/galamusicminerearntrezbot,,,,,,,,,10513,,dyor.io gramnews-apps,
games,218,Playnation,playnation,quiet,0,,,,https://t.me/playnation_bot,,,,,,,,,10512,,dyor.io gramnews-apps,
games,219,Agent Tarot,agent-tarot,quiet,0,,,,https://t.me/agent_tarot_bot,,,,,,,,,10500,,dyor.io gramnews-apps,
games,220,Rocket Rush,rocket-rush,quiet,0,,,https://t.me/Rocketrush,https://t.me/rocket_rush_bot,,,,,,,,,10500,,dyor.io gramnews-apps,
games,221,Hamsta Pilot,hamsta-pilot,quiet,0,,,,https://t.me/hamstapilot_bot,,,,,,,,,10492,,dyor.io gramnews-apps,
games,222,PokeyQuestBot,pokeyquestbot,quiet,0,,,,https://t.me/pokequest_bot,,,,,,,,,10487,,dyor.io gramnews-apps,
games,223,BearFi Bot,bearfi-bot,quiet,0,,,,https://t.me/bearfi_officialbot,https://x.com/BearFiBot,,,,,,,,10478,,dyor.io gramnews-apps,
games,224,Moon Crackers,moon-crackers,quiet,0,,,,https://t.me/mooncrackers_bot,,,,,,,,,10472,,dyor.io gramnews-apps,
games,225,Punk City,punk-city,quiet,0,,,https://t.me/punkton,https://t.me/punkcity2094bot,https://x.com/TonPunks,https://punkcity.bot/,https://github.com/TON-Punks/punk-city-hack-a-tonx,,2023-03-26,,,,10466,,2023-10-tonpost 2024-02-coin98-games 2024-05-coin98-games 2024-06-dwf-ventures 2025-07-ton dyor.io gramnews-apps ton-society-ecosystem-map,Punk City is a strategy game with elements of character collection and progression.
games,226,AI Worlds Games,ai-worlds-games,quiet,0,,,,https://t.me/aiworlds_games_bot,https://x.com/AIWORLDSGAMES,,,,,,,,10449,,dyor.io gramnews-apps,
games,227,CashClick,cashclick,quiet,0,,,,https://t.me/cashclickappbot,https://x.com/CashClickApp,,,,,,,,10442,,dyor.io gramnews-apps,
games,228,Doomer Story,doomer-story,quiet,0,,,https://t.me/doomer_ton,https://t.me/doomerstory_bot,,https://octalend.xyz,,,,,,,10440,,dyor.io gramnews-apps,
games,229,Boosteam,boosteam,quiet,0,,,https://t.me/boosteamchannel,https://t.me/boosteambot,,,,,,,,,10434,,dyor.io gramnews-apps,
games,230,Button,button,quiet,0,,,,https://t.me/thebuttongamebot,,,,,,,,,10426,,dyor.io gramnews-apps,
games,231,Kuroro Ranch,kuroro-ranch,quiet,0,,,https://t.me/KuroroOfficial,https://t.me/kurororanchbot,https://x.com/kurorobeast,https://kuroro.com/,,,,,,,10426,,dyor.io gramnews-apps,A PvP creature battle game available in Telegram
games,232,MBoys,mboys,quiet,0,,,,https://t.me/tapmboys_bot,,,,,,,,,10425,,dyor.io gramnews-apps,
games,233,Bine,bine,quiet,0,,,https://t.me/gold_bux,https://t.me/binegames_bot,,,,,,,,,10423,,dyor.io gramnews-apps,
games,234,Royal Pets,royal-pets,quiet,0,,,https://t.me/boxrush_news,https://t.me/royalpetsbot,https://x.com/RoyalPetsGame,,,,,,,,10410,,dyor.io gramnews-apps,
games,235,CoinChance,coinchance,quiet,0,,,,https://t.me/chancedrip_bot,https://x.com/zombiesquad_ai,,,,,,,,10407,,dyor.io gramnews-apps,
games,236,Dog Pooper,dog-pooper,quiet,0,,,https://t.me/DogPooper,https://t.me/dogpooperbot,,,,,,,,,10405,,dyor.io gramnews-apps,
games,237,SnakeLite,snakelite,quiet,0,,,https://t.me/chpoker_official,https://t.me/snakelite_official_bot,https://x.com/snakeliteio,,,,,,,,10405,,dyor.io gramnews-apps,
games,238,BOOMS,booms,quiet,0,,,,https://t.me/booms_io_bot,https://x.com/booms_io,,,,,,,,10382,,dyor.io gramnews-apps,
games,239,Bourekas,bourekas,quiet,0,,,https://t.me/Bourekas,https://t.me/bourekas_game_bot,,,,,,,,,10367,,dyor.io gramnews-apps,Bourekas is a Telegram game with daily giveaways and emoji puzzles
games,240,Bento Pals,bento-pals,quiet,0,,,,https://t.me/bentopalsbot,,,,,,,,,10340,,dyor.io gramnews-apps,
games,241,LoveTap Token,lovetap-token,quiet,0,,,,https://t.me/lovetap_bot,,,,,,,,,10340,,dyor.io gramnews-apps,
games,242,Play Lolypto,play-lolypto,quiet,0,,,,https://t.me/lolypto_bot,,,,,,,,,10339,,dyor.io gramnews-apps,
games,243,Coinegg Bot,coinegg-bot,quiet,0,,,,https://t.me/coinegg_miner_bot,,,,,,,,,10322,,dyor.io gramnews-apps,
games,244,Monsta,monsta,quiet,0,,,https://t.me/monstagameclub,https://t.me/monstagamebot,https://x.com/monstagame,,,,,,,,10319,,dyor.io gramnews-apps,
games,245,Capybara TapTap,capybara-taptap,quiet,0,,,https://t.me/capybara_taptap_community,https://t.me/capybara_taptap_bot,,,,,,,,,10309,,dyor.io gramnews-apps,
games,246,Not Bored Puppies Bot,not-bored-puppies-bot,quiet,0,,,https://t.me/notboredpuppies_news,https://t.me/notboredpuppies_bot,https://x.com/anytap_dapps,,,,,,,,10301,,dyor.io gramnews-apps,
games,247,GabbyWorld,gabbyworld,quiet,0,,,,https://t.me/gabbyworldbot,,,,,,,,,10300,,dyor.io gramnews-apps,
games,248,Gameness Bot,gameness-bot,quiet,0,,,,https://t.me/gamenessbot,,,,,,,,,10298,,dyor.io gramnews-apps,
games,249,Jokecoin,jokecoin,quiet,0,,,https://t.me/jokecoin_slots,https://t.me/jokecoin_bot,https://x.com/Jokecoin_ton,,,,,,,,10298,,dyor.io gramnews-apps,
games,250,Street Fury,street-fury,quiet,0,,,https://t.me/StreetFuryGame,https://t.me/street_fury_bot,https://x.com/StreetFuryGame,https://oyabun.io,,,,,,,10297,,dyor.io gramnews-apps,
games,251,EDEN,eden,quiet,0,,,,https://t.me/edencoin_bot,,,,,,,,,10296,,dyor.io gramnews-apps,
games,252,bitMiner,bitminer,quiet,0,,,,https://t.me/bitminer_goldbot,,,,,,,,,10291,,dyor.io gramnews-apps,
games,253,P1: Mypal,p1-mypal,quiet,0,,,,https://t.me/p1_mypal_bot,,,,,,,,,10284,,dyor.io gramnews-apps,
games,254,BitBall,bitball,quiet,0,,,,https://t.me/bitballgamebot,,,,,,,,,10283,,dyor.io gramnews-apps,
games,255,Capytal War,capytal-war,quiet,0,,,,https://t.me/capytalwar_bot,https://x.com/CapytalWar,,,,,,,,10278,,dyor.io gramnews-apps,
games,256,Elfbird,elfbird,quiet,0,,,https://t.me/Elfbirds,https://t.me/Elfbirdbot,https://x.com/Elfbirds,,https://github.com/pornofnd,,2025-03-13,,,,10277,,dyor.io gramnews-apps,
games,257,Tonmons,tonmons,quiet,0,,,https://t.me/tonmons,https://t.me/tonmons_bot,https://x.com/ceosanya,,,,,,,,10273,,dyor.io gramnews-apps,
games,258,Apes Gang,apes-gang,quiet,0,,,,https://t.me/apesgang_bot,,,,,,,,,10265,,dyor.io gramnews-apps,
games,259,Merge Pals,merge-pals,quiet,0,,,,https://t.me/mergepalsbot,https://x.com/MergePals,https://lucky.vote,https://github.com/lkyton,,2025-04-11,,,,10263,,dyor.io gramnews-apps,
games,260,MonsteRRR,monsterrr,quiet,0,,,,https://t.me/rrrgame_bot,https://x.com/anonclub8,,,,,,,,10249,,dyor.io gramnews-apps,
games,261,Mobiverse,mobiverse,quiet,0,,,,https://t.me/mobiverse_bot,https://x.com/TONAIRDROP_FA,,,,,,,,10237,,2024-06-ton-degen dyor.io gramnews-apps,
games,262,HashCats,hashcats,quiet,0,,,,https://t.me/hash_cats_bot,https://x.com/HashCatsGame,,,,,,,,10234,,dyor.io gramnews-apps,
games,263,AiPets,aipets,quiet,0,,,https://t.me/autgfts,https://t.me/aipets_bot,https://x.com/AiPets_Official,,,,,,,,10232,,dyor.io gramnews-apps,
games,264,Cyber Finance,cyber-finance,quiet,0,,,https://t.me/wagmihub_news,https://t.me/cyberfinancebot,https://x.com/CyberFinance__,,,,,,,,10228,,dyor.io gramnews-apps,
games,265,Papo Ninja,papo-ninja,quiet,0,,,,https://t.me/papo_official_bot,https://x.com/papo_coin,https://papo.wtf,,,,,,,10227,,dyor.io gramnews-apps,
games,266,Critters Kombat,critters-kombat,quiet,0,,,,https://t.me/critterskombatbot,,,,,,,,,10224,,dyor.io gramnews-apps,
games,267,OrbitonX Game,orbitonx-game,quiet,0,,,,https://t.me/orbitonx_bot,https://x.com/orbitonx,,,,,,,,10224,,dyor.io gramnews-apps,
games,268,Ninja Squad,ninja-squad,quiet,0,,,https://t.me/NinjaSquadAnn,https://t.me/ninjasquad_bot,https://x.com/ninjasquadgame,,,,,,,,10223,,dyor.io gramnews-apps,
games,269,Volts,volts,quiet,0,,,,https://t.me/voltstoragebot,,,,,,,,,10217,,dyor.io gramnews-apps,
games,270,Fanton Fantasy Football,fanton-fantasy-football,quiet,0,,,https://t.me/fanton,https://t.me/FanTonGameBot,https://x.com/FantasyFanton,https://fan-ton.com/,,,,,,,10214,,2024-02-coin98-games 2024-05-coin98-games 2024-06-ton-degen dyor.io gramnews-apps,Fanton – a Telegram mini‑app for fantasy football
games,271,Dragon,dragon,quiet,0,,,,https://t.me/dragondotbot,https://x.com/dragondotbot,,,,,,,,10213,,2026-05-messari dyor.io gramnews-apps,
games,272,SquidPEPE🦑,squidpepe,quiet,0,,,https://t.me/squid_pepe,https://t.me/squidpepebot,,,,,,,,,10211,,dyor.io gramnews-apps,
games,273,QuackQuack,quackquack,quiet,0,,,https://t.me/wequackquack,https://t.me/quackquack_game_bot,https://x.com/WeQuackQuack,,,,,,,,10202,,2024-06-ton-degen dyor.io gramnews-apps,
games,274,Crazy Sausage,crazy-sausage,quiet,0,,,https://t.me/crazy_sousage_ru,https://t.me/crazy_sausage_bot,,,,,,,,,10198,,dyor.io gramnews-apps,
games,275,Flappy Bird,flappy-bird,quiet,0,,,,https://t.me/flappybirdbot,https://x.com/flappy_bird,https://flappybird.org/,,,,,,,10198,,dyor.io gramnews-apps,Flappy Bird — the classic game on Telegram
games,276,Alpaca AI,alpaca-ai,quiet,0,,,https://t.me/whalesocials2,https://t.me/alpaca_ai_bot,https://x.com/ton_alpaca_ai,https://wheelofwhales.io/?start=PofgiUcwpub,,,,,,,10197,,dyor.io gramnews-apps,
games,277,Step Hero,step-hero,quiet,0,,,https://t.me/stepheronews,https://t.me/stepherobot,https://x.com/StepApp_,https://step.app/referral,,,,,,,10191,,dyor.io gramnews-apps,A 'floor is lava' style game with daily challenges and marathons
games,278,Smash Quest,smash-quest-u9uy3u,quiet,0,,,https://t.me/tondartist,https://t.me/smashquestbot,https://x.com/smash_quest,,,,,,,,10187,,dyor.io gramnews-apps,
games,279,Dormint,dormint,quiet,0,,,https://t.me/DormintOfficial,https://t.me/dormint_bot,https://x.com/Dormint_io,https://nftone.io/,,,,,,,10180,,dyor.io gramnews-apps,
games,280,Cakon,cakon,quiet,0,,,https://t.me/Cakonio,https://t.me/cakonbot,https://x.com/CakonIoTon,,,,,,,,10178,,2024-05-coin98-games 2024-06-ton-degen dyor.io gramnews-apps,
games,281,Swopin,swopin,quiet,0,,,https://t.me/swopin,https://t.me/swopin_bot,https://x.com/swopin_nft,,,,,,,,10177,,dyor.io gramnews-apps,
games,282,Deus ex Machina,deus-ex-machina,quiet,0,,,,https://t.me/deus_game_bot,,,,,,,,,10162,,dyor.io gramnews-apps,
games,283,Keko Killer,keko-killer,quiet,0,,,,https://t.me/keko_killer_bot,https://x.com/letsexchange_io,,,,,,,,10162,,dyor.io gramnews-apps,
games,284,TonJump,tonjump,quiet,0,,,,https://t.me/ton_jump_xyz_bot,,,,,,,,,10157,,dyor.io gramnews-apps,
games,285,GoldRush,goldrush,quiet,0,,,,https://t.me/goldrush_app_bot,,,,,,,,,10152,,dyor.io gramnews-apps,
games,286,Cats Kombats,cats-kombats,quiet,0,,,,https://t.me/cats_kombats_bot,,,,,,,,,10147,,dyor.io gramnews-apps,
games,287,Afterland,afterland,quiet,0,,,https://t.me/AfterlandTON,https://t.me/afterland_bot,https://x.com/afterlandTON,,,,,,,,10142,,dyor.io gramnews-apps,
games,288,Smartest,smartest,quiet,0,,,,https://t.me/play_smartest_bot,https://x.com/Wallex_ir,,https://github.com/wallexchange,,,,,,10140,,dyor.io gramnews-apps,
games,289,TERMINAL,terminal,quiet,0,,,,https://t.me/terminalgame_bot,https://x.com/timetoterminal,,,,,,,,10134,,dyor.io gramnews-apps,
games,290,Gangsta Monkey,gangsta-monkey,quiet,0,,,https://t.me/GangstaMonkey_Manager,https://t.me/gangstamonkey_bot,https://x.com/monkey_tap2earn,https://tiktok.com/@gangsta.monkey.game,,,,,,,10131,,dyor.io gramnews-apps,
games,291,TapBase,tapbase,quiet,0,,,https://t.me/totalhashcommunity,https://t.me/tapbasebot,https://x.com/tapbaseapp,,,,,,,,10129,,dyor.io gramnews-apps,
games,292,ElefantMine game,elefantmine-game,quiet,0,,,,https://t.me/elefantmine_bot,,,,,,,,,10125,,dyor.io gramnews-apps,
games,293,Frogs 🐸,frogs-1,quiet,0,,,,https://t.me/realfrogs_bot,https://x.com/realFrogsClub,,,,,,,,10122,,dyor.io gramnews-apps,
games,294,Otter Loot,otter-loot,quiet,0,,,https://t.me/OtterLootAnnouncement,https://t.me/otterlootbot,https://x.com/Otter_Loot,,,,,,,,10122,,dyor.io gramnews-apps,
games,295,Cowtopia,cowtopia-mbalbf,quiet,0,,,https://t.me/nmotongame,https://t.me/cowtopiabot,https://x.com/CowtopiaTON,,,,,,,,10121,,dyor.io gramnews-apps,
games,296,Mellionaires Quest,mellionaires-quest,quiet,0,,,,https://t.me/melaniaquestbot,,,,,,,,,10120,,dyor.io gramnews-apps,
games,297,MafiaDAO,mafiadao,quiet,0,,,https://t.me/MafiaDAO,https://t.me/mafiadaobot,https://x.com/mafiada0,https://web3co.xyz,https://github.com/mathwallet,,2026-04-23,,,,10119,,dyor.io gramnews-apps,
games,298,TomClicker,tomclicker,quiet,0,,,,https://t.me/tomclicker_bot,https://x.com/TomCoinBnb,,,,,,,,10118,,dyor.io gramnews-apps,
games,299,Bomb Crypto BCOIN,bomb-crypto-bcoin,quiet,0,,,,https://t.me/bombcrypto_io_bot,https://x.com/BombCryptoGame,,,,,,,,10117,,dyor.io gramnews-apps,
games,300,Panda Kombat,panda-kombat,quiet,0,,,,https://t.me/pandakombat_official_bot,https://x.com/evaaprotocol,,https://github.com/evaafi,,2026-08-30,,,,10117,,dyor.io gramnews-apps,
games,301,First Grow,first-grow,quiet,0,,,,https://t.me/firstduck_bot,,,,,,,,,10111,,dyor.io gramnews-apps,
games,302,TapPop,tappop,quiet,0,,,https://t.me/TapPopAI,https://t.me/tappopbot,https://x.com/TapPop_AI,,,,,,,,10111,,dyor.io gramnews-apps,
games,303,FERMASOSEDI GAME,fermasosedi-game,quiet,0,,,,https://t.me/fermasosedibot,,,,,,,,,10108,,dyor.io gramnews-apps,
games,304,Wormfare Slap,wormfare-slap,quiet,0,,,,https://t.me/wormfare_slap_bot,https://x.com/wormfare,,,,,,,,10106,,dyor.io gramnews-apps,
games,305,Gemsee,gemsee,quiet,0,,,https://t.me/gemseee,https://t.me/gemsee_bot,https://x.com/gemseeton,,,,,,,,10105,,dyor.io gramnews-apps,
games,306,PiggyPiggy,piggypiggy,quiet,0,,,,https://t.me/piggypiggyofficialbot,https://x.com/piggypiggygame,,,,,,,,10103,,dyor.io gramnews-apps,
games,307,TON Meme Party,ton-meme-party,quiet,0,,,https://t.me/TonMemePartyChannel,https://t.me/tonmemepartybot,https://x.com/MemeParty_TON,,,,,,,,10102,,dyor.io gramnews-apps,
games,308,Tapmonsters,tapmonsters,quiet,0,,,,https://t.me/tapmonsters_bot,,,,,,,,,10094,,dyor.io gramnews-apps,
games,309,LuckyBot,luckybot,quiet,0,,,,https://t.me/luckycode666_bot,,,,,,,,,10092,,dyor.io gramnews-apps,
games,310,TapGoat,tapgoat,quiet,0,,,,https://t.me/tapgoatbot,,,,,,,,,10092,,dyor.io gramnews-apps,
games,311,Apes Game,apes-game,quiet,0,,,https://t.me/apesol_gang,https://t.me/apesgame_bot,,,,,,,,,10085,,dyor.io gramnews-apps,
games,312,Greedy Goblin,greedy-goblin,quiet,0,,,,https://t.me/greedygoblinmaster_bot,,,,,,,,,10083,,dyor.io gramnews-apps,
games,313,Billion Gems,billion-gems,quiet,0,,,,https://t.me/billiongems_bot,,,,,,,,,10082,,dyor.io gramnews-apps,
games,314,DreamCoin,dreamcoin,quiet,0,,,,https://t.me/dreamcoinofficial_bot,,,,,,,,,10076,,dyor.io gramnews-apps,
games,315,Monkey,monkey,quiet,0,,,,https://t.me/monkeycost_bot,https://x.com/Monkey_on_TON,,,,,,,,10076,,dyor.io gramnews-apps,
games,316,GD Coin,gd-coin,quiet,0,,,https://t.me/GDCoinChannel,https://t.me/gdcoinminerbot,,,,,,,,,10074,,dyor.io gramnews-apps,
games,317,AkedoBot,akedobot,quiet,0,,,,https://t.me/akedo_bot,,,,,,,,,10072,,2025-07-ton dyor.io gramnews-apps,
games,318,Ponke TON game,ponke-ton-game,quiet,0,,,,https://t.me/ponketon_bot,,,,,,,,,10071,,dyor.io gramnews-apps,
games,319,Pig of Ton,pig-of-ton,quiet,0,,,https://t.me/pigofton,https://t.me/pigoftonbot,https://x.com/PigOfTon,,,,,,,,10069,,2024-05-coin98-games dyor.io gramnews-apps,
games,320,TonPotato,tonpotato,quiet,0,,,,https://t.me/ton_potato_bot,https://x.com/TonPotato,,,,,,,,10069,,2024-05-coin98-games dyor.io gramnews-apps ton-society-ecosystem-map,
games,321,Shark Attack,shark-attack,quiet,0,,,https://t.me/sharkattack_channel,https://t.me/shark_attack_io_bot,https://x.com/sharkattack_x,https://sharkattack.io/kw-click?keyword=beach%20vacation%20deals&position=0&clickUrl=https%3A%2F%2Fintivesearch.com%2Fsearch%3Fqs%3Dqsx-60e5c8364915b3074345e7b20195d760d5e51f26a2f04542be2a4a445537906e80f7e54831ca94a23ff780f4a37940f7785c5d385cfc03d38687fb5ffce469453c2f40cbe75b480866dc40d80616278fa6f5200d5975d6dd4b7fb08f199f51e3cbe1739004134335213ba5f2d66121e82071a3ed4084d7b0828a8ba6e2433144e30f4cba8a3f396b2d16188a41f5fb33ba160c2a7eec769e7bf82b01dc32d3dc2adb8127131c61ce01f5ae79538e88d3d746eb262652f0f604ec513e73a827d49fa911f9c9f0e403c4f359c8f097c09d244358953c946e5ea24bda9be50fa675d2f022b7c0ec3e2b388e4be5d89c13ae15bfc4416363fba31a439ca2cc9b11deca0e3feaeefc1fef48aad987ab44404685bd0dbbc9f5723b637b088da80e0077067ad7da2e19d5f371a17a099dc631aa4b7cf8ca3737b5a3293f286762b6fd7e7a762a85f0aae6c5d46482f418967e50e7bc9d87a1f8756881eb8ecf6660ee28546dc053d210f627e734878c225af0d3d77ca833f2c50072e025ca5db07a543d90009c74b6b5589a25297a5e51bed10656327b4168a1d68a0a39d3f1290b9e830c0a78a49528bace9e2af244bda256af02ba27a95f639465e45353bfd81a22f5d30d6fab3ad9cc2fc74e02945e4759a9b26c1d9c6ad9616724d80d82d9ae.fda09936616ad40afbea0e094408dfed%26type%3Ddm_t2GsA9xY__sharkattack_io%26dmn%3Dsharkattack.io%26q%3Dbeach%2Bvacation%2Bdeals%26testId%3D17%26tkn%3Dt2GsA9xY&testId=17&tkn=t2GsA9xY&source=&sid=04072e3f-0028-40bf-980c-6ca653050642,,,,,,,10064,,2024-05-coin98-games dyor.io gramnews-apps,
games,322,GoalPixels,goalpixels,quiet,0,,,https://t.me/GoalPixels,https://t.me/goalpixelsbot,https://x.com/GoalPixels,,,,,,,,10056,,2025-07-ton-cis-hub-q2 2025-ton-cis-hub dyor.io gramnews-apps,
games,323,Genopets,genopets,quiet,0,,,,https://t.me/genopets_pixelton_bot,https://x.com/genopets,,,,,,,,10055,,dyor.io gramnews-apps,
games,324,Coco Rush,coco-rush,quiet,0,,,,https://t.me/cocorush_bot,https://x.com/BONS_social,https://solscan.io/token/BCNT4t3rv5Hva8RnUtJUJLnxzeFAabcYp8CghC1SmWin,,,,,,,10054,,dyor.io gramnews-apps,Coco Rush — a mini app for slot games with bonuses and wheel spins
games,325,Clayton Game,clayton-game,quiet,0,,,https://t.me/clayton,https://t.me/claytoncoinbot,https://x.com/ClaytonOnTon,,,,,,,,10052,,dyor.io gramnews-apps,
games,326,Capybara,capybara,quiet,0,,,,https://t.me/capybara_authbot,,,,,,,,,10048,,dyor.io gramnews-apps,
games,327,FLIES,flies,quiet,0,,,,https://t.me/flieshouse_bot,,,,,,,,,10047,,dyor.io gramnews-apps,
games,328,TONWifey,tonwifey,quiet,0,,,,https://t.me/tonwifey_bot,,,,,,,,,10044,,dyor.io gramnews-apps,
games,329,Black Myth WukongBWC,black-myth-wukongbwc,quiet,0,,,,https://t.me/bwcwukong_bot,,,,,,,,,10042,,dyor.io gramnews-apps,
games,330,KWINK,kwink,quiet,0,,,https://t.me/kwink_support,https://t.me/kwink_game_bot,,,,,,,,,10037,,dyor.io gramnews-apps,
games,331,Pirate Frenzy,pirate-frenzy,quiet,0,,,https://t.me/pirateclashchannel,https://t.me/pirate_frenzy_bot,https://x.com/PirateClash_HQ,https://zealy.io/cw/pirateclash/questboard,,,,,,,10037,,dyor.io gramnews-apps,
games,332,ToMarsCoin,tomarscoin,quiet,0,,,,https://t.me/tomarscoin_bot,https://x.com/ToMarsCoin,,,,,,,,10035,,dyor.io gramnews-apps,
games,333,Uzum Bos,uzum-bos,quiet,0,,,,https://t.me/uzumbosbot,,,,,,,,,10035,,dyor.io gramnews-apps,
games,334,Chickizen,chickizen,quiet,0,,,https://t.me/chickizen_channel_portugal,https://t.me/chickizenbot,https://x.com/chickizenTON,,,,,,,,10034,,dyor.io gramnews-apps,
games,335,Tea SOL Memebot,tea-sol-memebot,quiet,0,,,https://t.me/athletix,https://t.me/tea_solmemecoin_bot,https://x.com/TeaMemeCoin,https://teameme.wtf/,,,,,,,10034,,dyor.io gramnews-apps,
games,336,THE HIT,the-hit,quiet,0,,,,https://t.me/the_shit_money_bot,,,,,,,,,10032,,dyor.io gramnews-apps,
games,337,xBLAST APP,xblast-app,quiet,0,,,,https://t.me/xblastappbot,https://x.com/Ton_Capy,,,,,,,,10032,,dyor.io gramnews-apps,
games,338,APIS,apis,quiet,0,,,,https://t.me/apisgamebot,https://x.com/GameApis,,,,,,,,10031,,dyor.io gramnews-apps,
games,339,Rich Teddy TapApp,rich-teddy-tapapp,quiet,0,,,,https://t.me/richteddy_bot,https://x.com/tonoreum,,,,,,,,10028,,dyor.io gramnews-apps,
games,340,TreasureTapper,treasuretapper,quiet,0,,,https://t.me/grinderyai,https://t.me/treasure_tapper_bot,https://x.com/grindery_io,https://www.grindery.com/,https://github.com/grindery-io,,2025-11-27,,,,10020,,dyor.io gramnews-apps,
games,341,RSVP Games,rsvp-games,quiet,0,,,,https://t.me/rsvpgames_bot,,,,,,,,,10018,,dyor.io gramnews-apps,
games,342,Duck Master,duck-master,quiet,0,,,,https://t.me/duckmaster_game_bot,https://x.com/Duckmaster_app,,,,,,,,10014,,dyor.io gramnews-apps,
games,343,ZenCoin,zencoin,quiet,0,,,,https://t.me/thezencoin_bot,https://x.com/ZenCoinOnTon,https://panicboo.co/,https://github.com/Panic-Coin,,2024-08-02,,,,10012,,dyor.io gramnews-apps,
games,344,🦑 Squid,squid,quiet,0,,,https://t.me/squid_tg,https://t.me/squidtg_bot,https://x.com/squid_tg,https://squidtg.com/,,,,,,,10007,,2024-06-ton-degen 2025-ton-cis-hub dyor.io gramnews-apps,
games,345,Captain Tsubasa,captain-tsubasa,quiet,0,,,https://t.me/tsubasarivalsannounce,https://t.me/tsubasarivalsbot,,,,,,,,,10004,,dyor.io gramnews-apps,
games,346,TabiZoo,tabizoo,quiet,0,,,,https://t.me/tabizoobot,https://x.com/tabi_zoo,,,,,,,,10001,,dyor.io gramnews-apps,
games,347,PAPERCOIN,papercoin,quiet,0,,,,https://t.me/papercoinbot,https://x.com/thetonhub,,,,,,,,9979,,dyor.io gramnews-apps,
games,348,Duckygram,duckygram,quiet,0,,,,https://t.me/duckygram_bot,,,,,,,,,9938,,dyor.io gramnews-apps,
games,349,The Queue,the-queue,quiet,0,,,,https://t.me/thequeue_bot,https://x.com/yieldfort,,,,,,,,9680,,dyor.io gramnews-apps,
games,350,ALCOCOIN APP,alcocoin-app,quiet,0,,,https://t.me/alcocoins,https://t.me/alcocoin_bot,https://x.com/alcocoinapp,,,,,,,,9589,,dyor.io gramnews-apps,
games,351,Devomon,devomon,quiet,0,,,,https://t.me/devomontabmasterbot,https://x.com/tonbetapp,,,,,,,,8600,,dyor.io gramnews-apps,
games,352,Sheep Royale 2,sheep-royale-2,quiet,0,,,,https://t.me/sheeproyale2_game_bot,,,,,,,,,8236,,dyor.io gramnews-apps,
games,353,Pacbot,pacbot,quiet,0,,,https://t.me/Wtonxi,https://t.me/teampacbot,https://x.com/pacbotapp,,,,,,,,7640,,dyor.io gramnews-apps,
games,354,Chessio,chessio,quiet,0,,,https://t.me/chessio_en,https://t.me/chessiobot,https://x.com/chessio_,https://chessio.org,https://github.com/Atomicwallet,,2026-07-27,,,,7021,,dyor.io gramnews-apps,
games,355,Truecoin,truecoin,quiet,0,,,https://t.me/true_ecosystem,https://t.me/true_coin_bot,https://x.com/TRUExWorld,,,,,,,,6925,,dyor.io gramnews-apps,
games,356,Rent Tycoon,rent-tycoon,quiet,0,,,,https://t.me/rent_tycoon_bot,,https://www.namecheap.com/market/?utm_source=parkingpage&utm_medium=referral&utm_campaign=nc_market,,,,,,,5974,,dyor.io gramnews-apps,
games,357,PizzaGems,pizzagems,quiet,0,,,,https://t.me/pizzagems_bot,https://x.com/pizza_gems,,,,,,,,4691,,dyor.io gramnews-apps,
games,358,Catopia,catopia,quiet,0,,,https://t.me/Catopia_game,https://t.me/catopia_game_bot,https://x.com/Catopia_online,,,,,,,,4454,,dyor.io gramnews-apps,
games,359,TapViking,tapviking,quiet,0,,,,https://t.me/tapviking_bot,,,,,,,,,3983,,dyor.io gramnews-apps,
games,360,The Virus,the-virus,quiet,0,,,,https://t.me/the_virus_bot,,,,,,,,,3665,,dyor.io gramnews-apps,
games,361,Checkers With Friends,checkers-with-friends,quiet,0,,,,https://t.me/startcheckersbot,,,,,,,,,2871,,dyor.io gramnews-apps,
games,362,NOTMEME app,notmeme-app,quiet,0,,,,https://t.me/notmemeappbot,https://x.com/notmeme_app,,,,,,,,2828,,dyor.io gramnews-apps,
games,363,BunnyApp,bunnyapp,quiet,0,,,https://t.me/bunnyAppSupport,https://t.me/bunnyappbot,https://x.com/SeedCombinator,,,,,,,,2779,,dyor.io gramnews-apps,
games,364,Totemancer,totemancer,quiet,0,,,https://t.me/Totemancer,https://t.me/TotemancerBot,https://x.com/Totemancer,https://totemancer.com,https://github.com/Totemancer,,2026-02-24,,,,2577,,dyor.io gramnews-apps ton-society-ecosystem-map,"Strategic PvP board game: capture land, chain bonus turns, collect Totems."
games,365,Endless Siege Game,endless-siege-game,quiet,0,,,,https://t.me/endlesssiegegamebot,,,,,,,,,2557,,dyor.io gramnews-apps,
games,366,Meme Battle,meme-battle,quiet,0,,,,https://t.me/gamememebattle_bot,https://x.com/memebattleapp,,,,,,,,2333,,dyor.io gramnews-apps,
games,367,Robincoin,robincoin,quiet,0,,,https://t.me/robincoin,https://t.me/robincoin_bot,,,,,,,,,2270,,dyor.io gramnews-apps,
games,368,TThero,tthero,quiet,0,,,,https://t.me/TTHerobot,,,,,,,,,2180,,dyor.io gramnews-apps,
games,369,Pushcoin,pushcoin,quiet,0,,,https://t.me/push_coin,https://t.me/push_coin_bot,https://x.com/pushcoin_world,,,,,,,,2083,,dyor.io gramnews-apps,
games,370,BodyPUMP,bodypump,quiet,0,,,,https://t.me/bodypump_app_bot,https://x.com/bodypumpapp,,,,,,,,1944,,dyor.io gramnews-apps,
games,371,TON Dino,ton-dino,quiet,0,,,https://t.me/eppy_enertime,https://t.me/ton_dino_bot,https://x.com/Enertime_Eppy,,,,,,,,1816,,dyor.io gramnews-apps,
games,372,TG GAMES,tg-games,quiet,0,,,,https://t.me/tg_gamesbot,https://x.com/TGGames_APP,,,,,,,,1746,,dyor.io gramnews-apps,
games,373,Captains Bay App,captains-bay-app,quiet,0,,,https://t.me/CaptainsBay,https://t.me/captainsbaybot,https://x.com/CaptainsBayApp,https://captainsbay.xyz/,,,,,,,1429,,dyor.io gramnews-apps,
games,374,MineQuestGame,minequestgame,quiet,0,,,,https://t.me/minequestgamebot,https://x.com/MineQuest_Game,,,,,,,,1319,,dyor.io gramnews-apps,
games,375,Maincard,maincard,quiet,0,,,https://t.me/MaincardOfficial,https://t.me/maincardton_bot,https://x.com/MaincardGame,,,,,,,,1222,,2024-05-coin98-games 2024-06-ton-degen dyor.io gramnews-apps,
games,376,MiniGameCenter,minigamecenter,quiet,0,,,https://t.me/MiniGame,https://t.me/minigamecenterbot,,,,,,,,,1169,,dyor.io gramnews-apps,
games,377,Wooden Fish bot,wooden-fish-bot,quiet,0,,,,https://t.me/woodfish_bot,,,,,,,,,1080,,dyor.io gramnews-apps,
games,378,TopTap,toptap,quiet,0,,,,https://t.me/toptapapp_bot,,,,,,,,,1074,,dyor.io gramnews-apps,
games,379,$CUBE Worlds,cube-worlds,quiet,0,,,https://t.me/cube_worlds,https://t.me/cube_worlds_bot,,https://x.com/bastion,,,,,,,1072,,dyor.io gramnews-apps,
games,380,Ditto,ditto,quiet,0,,,,https://t.me/the_ditto_bot,https://x.com/dittocoin,,,,,,,,942,,dyor.io gramnews-apps,
games,381,Paper PLANE Game,paper-plane-game,quiet,0,,,,https://t.me/paperplanegamebot,https://x.com/thebananagameee,,https://github.com/paperplaneonton,,2024-03-27,,,,895,,dyor.io gramnews-apps ton-society-ecosystem-map,
games,382,DCL BOT,dcl-bot,quiet,0,,,,https://t.me/dcl1bot,,,,,,,,,890,,dyor.io gramnews-apps,
games,383,TON Tarot,ton-tarot,quiet,0,,,,https://t.me/tontarot_bot,https://x.com/luckyton8,,,,,,,,878,,dyor.io gramnews-apps,
games,384,Cosmo Bear,cosmo-bear,quiet,0,,,,https://t.me/cosmobear_bot,https://x.com/CosmoBear_io,https://cosmobear.io,,,,793,,,793,,dyor.io gramnews-apps,
games,385,CattonAi,cattonai,quiet,0,,,,https://t.me/cattonaibot,https://x.com/Cattontw,,,,,,,,726,,defillama dyor.io gramnews-apps,
games,386,Litrbull,litrbull,quiet,0,,,https://t.me/litrbull,https://t.me/litrbullbot,https://x.com/litrbull,,,,,,,,717,,dyor.io gramnews-apps,
games,387,Roach Racing Club,roach-racing-club,quiet,0,,,,https://t.me/roachracingclubbot,https://x.com/RoachRacingClub,https://app.roachracingclub.com/,,,,,,,717,,dyor.io gramnews-apps,A racing game with bio-mechanical roaches and trading predictions
games,388,Spun Game App,spun-game-app,quiet,0,,,https://t.me/blockchemy,https://t.me/spungamebot,https://x.com/spuncoin,https://spunmeme.io,,,,,,,716,,dyor.io gramnews-apps,
games,389,CRONA,crona,quiet,0,,,https://t.me/sociafober,https://t.me/crona_game_bot,https://x.com/sociafober,https://sociafober.me,,,,,,,676,,dyor.io gramnews-apps,
games,390,Triton,triton-9rrygb,quiet,0,,,https://t.me/notTriton,https://t.me/notTriton_bot,https://x.com/thetritonapp,,,,,,,,596,,dyor.io gramnews-apps,
games,391,Bacoin,bacoin,quiet,0,,,,https://t.me/bacoin_bot,,,,,,,,,586,,dyor.io gramnews-apps,
games,392,MiomiGame,miomigame,quiet,0,,,,https://t.me/miomigame_bot,https://x.com/miomi_game,,,,,,,,576,,dyor.io gramnews-apps,
games,393,Cat ID Paws,cat-id-paws,quiet,0,,,,https://t.me/catidpawsbot,https://x.com/catidpaw,,,,,567,,,567,,dyor.io gramnews-apps,
games,394,Empire Game,empire-game,quiet,0,,,,https://t.me/empire_gamebot,,,,,,,,,547,,dyor.io gramnews-apps,
games,395,MetaMiners,metaminers,quiet,0,,,,https://t.me/meta_miners_official_bot,,,,,,,,,514,,dyor.io gramnews-apps,
games,396,Exoworld,exoworld,quiet,0,,,,https://t.me/playexoworldbot,,,,,,,,,494,,dyor.io gramnews-apps,
games,397,DuckOnTon Game,duckonton-game,quiet,0,,,,https://t.me/psyduckgamexyzbot,https://x.com/psyduckgamexyz,,,,,,,,470,,dyor.io gramnews-apps,
games,398,FoxTap,foxtap,quiet,0,,,,https://t.me/foxtapbot,,,,,,,,,454,,dyor.io gramnews-apps,
games,399,Fishwar,fishwar,quiet,0,,,,https://t.me/fishwaroceankingbot,https://x.com/Fishwar_io,https://game.fishwar.tech/,,,,,,,441,,dyor.io gramnews-apps,
games,400,Pokemon Ball,pokemon-ball,quiet,0,,,,https://t.me/pokemonball_bot,,,,,,,,,437,,dyor.io gramnews-apps,
games,401,Space Hunters Ecosystem,space-hunters-ecosystem,quiet,0,,,https://t.me/spacehuntersnews,https://t.me/spacehuntersbot,https://x.com/nftspacehunters,https://spacehunters.online,,,,,,,401,,dyor.io gramnews-apps,
games,402,WINKO Game Token,winko-game-token,quiet,0,,,https://t.me/foliostack,https://t.me/winkogametokenbot,https://x.com/WinkoBet,https://winko.bet/,,,,,,,373,,2024-05-coin98-games dyor.io gramnews-apps,
games,403,Joker,joker,quiet,0,,,https://t.me/moki_ag,https://t.me/joker_neobot,https://x.com/moki_ag,https://moki.ag/,,,,361,,,361,,dyor.io gramnews-apps,
games,404,Endless Siege 2 Game,endless-siege-2-game,quiet,0,,,,https://t.me/endlesssiege2gamebot,,https://hackney.games,,,,,,,360,,dyor.io gramnews-apps,
games,405,Piggie Game,piggie-game,quiet,0,,,,https://t.me/piggiegamebot,,,,,,,,,332,,dyor.io gramnews-apps,
games,406,TON Doom Bot,ton-doom-bot,quiet,0,,,https://t.me/TONDoomsday,https://t.me/tondoombot,,,,,,,,,305,,dyor.io gramnews-apps,
games,407,TonGear,tongear,quiet,0,,,https://t.me/TON_Gear_Announcement_EN,https://t.me/tongearbot,,,,,,,,,291,,dyor.io gramnews-apps,
games,408,CANO Kombat,cano-kombat,quiet,0,,,,https://t.me/cano_ai_bot,https://x.com/CanoKombat,,,,,,,,281,,dyor.io gramnews-apps,
games,409,TON Shaker,ton-shaker,quiet,0,,,https://t.me/tonshaker_news,https://t.me/tonshakerbot,https://x.com/tonshaker,https://tonshaker.com/,,,,,,,281,,dyor.io gramnews-apps,
games,410,UPTON,upton,quiet,0,,,,https://t.me/uptoncryptobot,https://x.com/dashpoolapp,,,,,,,,275,,dyor.io gramnews-apps,
games,411,Raccoon Universe,raccoon-universe,quiet,0,,,,https://t.me/raccoonuniversebot,https://x.com/spinariumcasino,,,,,,,,262,,dyor.io gramnews-apps,
games,412,Eggo Quest,eggo-quest,quiet,0,,,https://t.me/eggoquest_support,https://t.me/eggo_quest_bot,https://x.com/eggoquest,,,,,250,,,250,,dyor.io gramnews-apps,
games,413,Ape Arcade,ape-arcade,quiet,0,,,,https://t.me/ape_arcade_bot,https://x.com/RealApeArcade,,,,,,,,236,,dyor.io gramnews-apps,
games,414,Coin Match Game,coin-match-game,quiet,0,,,,https://t.me/coinmatchgamebot,,https://hackney.games,,,,,,,230,,dyor.io gramnews-apps,
games,415,SHOOTTAP,shoottap,quiet,0,,,,https://t.me/shoottap_bot,,,,,,,,,210,,dyor.io gramnews-apps,
games,416,MemeTD,memetd,quiet,0,,,https://t.me/MemeTD_Official,https://t.me/memetd_bot,https://x.com/MemeTD_official,,,,,,,,208,,2024-05-coin98-games 2024-06-ton-degen dyor.io gramnews-apps,MemeTD — an idle tower defense game with crypto coins
games,417,Royal Fortress,royal-fortress,quiet,0,,,,https://t.me/royalfortressbot,,,,,,,,,208,,dyor.io gramnews-apps,
games,418,CrabsTap by $CRABS🦀,crabstap-by-crabs,quiet,0,,,,https://t.me/crabstap_bot,https://x.com/Cattontw,,,,,,,,201,,dyor.io gramnews-apps,
games,419,EPYMINING,epymining,quiet,0,,,,https://t.me/epymining_bot,,,,,,,,,201,,dyor.io gramnews-apps,
games,420,MemeTV,memetv,quiet,0,,,,https://t.me/thememetvbot,,,,,,,,,197,,dyor.io gramnews-apps,
games,421,Cat Hunter,cat-hunter,quiet,0,,,,https://t.me/cathunterx_bot,,,,,,,,,195,,dyor.io gramnews-apps,
games,422,TapStars,tapstars,quiet,0,,,https://t.me/tapstars_game,https://t.me/tapstars_bot,https://x.com/tapstars_game,,,,,,,,185,,dyor.io gramnews-apps,
games,423,Scroo-G,scroo-g,quiet,0,,,https://t.me/scroo_g,https://t.me/scroo_g_bot,https://x.com/scroo_g,https://scroo-g.com,,,,164,,,164,,dyor.io gramnews-apps,
games,424,TON Tanks bot,ton-tanks-bot,quiet,0,,,https://t.me/ton_tanks_nft_ru,https://t.me/tontanksbot,https://x.com/Ton_Tanks,,,,,,,,164,,dyor.io gramnews-apps,TON Tanks bot — a real-time PvP tank battle game
games,425,Quack Attack,quack-attack,quiet,0,,,https://t.me/QuackAttackGame,https://t.me/quack_attack_bot,,,,,,,,,157,,dyor.io gramnews-apps,
games,426,virtualspaceapp,virtualspaceapp,quiet,0,,,,https://t.me/virtualspaceapp_bot,https://x.com/metaversemoon,https://www.vi-space.ru,,,,,,,134,,dyor.io gramnews-apps,
games,427,BastionBattle,bastionbattle,quiet,0,,,https://t.me/bastion_battle_news,https://t.me/bastionbattle_bot,https://x.com/BastionBattle,,,,,,,,125,,2025-07-ton dyor.io gramnews-apps,
games,428,Fingerprint Scanner,fingerprint-scanner,quiet,0,,,,https://t.me/fingerprint_scanner_bot,https://x.com/catidpaw,https://nft.mir.one/fingerprints,https://github.com/mir-one/fingerprints,,2026-09-07,,,,96,,2024-05-coin98-games dyor.io gramnews-apps,
games,429,TimeWarriors,timewarriors,quiet,0,,,,https://t.me/timewar_bot,,,,,,,,,91,,dyor.io gramnews-apps,
games,430,Asset Mart,asset-mart,quiet,0,,,,https://t.me/assetmart_bot,https://x.com/Assetmartco,,,,,,,,83,,dyor.io gramnews-apps,
games,431,Saw Token,saw-token,quiet,0,,,https://t.me/SAW_COIN,https://t.me/SAWCOIN_BOT,,,,,,,,,83,,dyor.io gramnews-apps,
games,432,Gold of Skulls: Skullish,gold-of-skulls-skullish,quiet,0,,,,https://t.me/skullishbot,https://x.com/gameless_ofcl,,,,,,,,50,,dyor.io gramnews-apps,
games,433,Giga Game,giga-game,quiet,0,,,https://t.me/gigachaddigital,https://t.me/gigachadappbot,https://x.com/Arenaweb3,,,,,,,,19,,dyor.io gramnews-apps,
games,434,Trading just a Game,trading-just-a-game,quiet,0,,,,https://t.me/trading_just_game_bot,,,,,,,,,12,,dyor.io gramnews-apps,
games,435,RPS Titans,rps-titans,quiet,0,,,https://t.me/rpstitans_announcement,https://t.me/RPS_Titans_bot,https://x.com/RpsTitans_Game,https://www.rpstitans.xyz/,,,,,,,11,,dyor.io gramnews-apps,
games,436,Raccoon STARZ,raccoon-starz,quiet,0,,,,https://t.me/raccoonstarzbot,https://x.com/SnapFly_xyz,,,,,,,,9,,dyor.io gramnews-apps,
games,437,Utopia,utopia,quiet,0,,,https://t.me/safepermoon,https://t.me/utopia_ton_bot,https://x.com/UtopiaTon,https://safepermoon.com,,,,,,,2,,dyor.io gramnews-apps,
games,438,AEC TON,aec-ton,quiet,0,,,,https://t.me/animal_evolution_coin_bot,https://x.com/AEC_TON,,,,,,,,,,dyor.io gramnews-apps,
games,439,Allting,allting-ceo,quiet,0,,,https://t.me/alltingceo,https://t.me/allting_bot,,https://allting.ceo,,,,,,,,,dyor.io gramnews-apps,
games,440,Amazing Marshmallows,amazing-marshmallows,quiet,0,,,,https://t.me/amazing_marshmallow_bot,https://x.com/cupiee_official,,,,,,,,,,dyor.io gramnews-apps,Amazing Marshmallows – a Telegram mini‑app game
games,441,AURA x CAPITAL,aura-x-capital,quiet,0,,,https://t.me/aura_x_capital,,,,,,,,,,,,2025-07-ton-cis-hub-q2 2025-ton-cis-hub,
games,442,AVACOIN,avacoin,quiet,0,,,,https://t.me/avagoldcoin_bot,https://x.com/avagoldcoin,https://avagoldcoin.com,,,,,,,,,dyor.io gramnews-apps,
games,443,Base Bear Cutie,base-bear-cutie,quiet,0,,,,https://t.me/trumpy_coin_bot,https://x.com/DefiLlama,https://basebear.pro/,,,,,,,,,dyor.io gramnews-apps,
games,444,Basic Reality,basic-reality,quiet,0,,,https://t.me/Basic_reality_bot,https://t.me/basic_reality_chat,,https://basic-reality.ru/,,,,,,,,,dyor.io gramnews-apps ton.app,
games,445,Batte Planes,batte-planes,quiet,0,,,https://t.me/battleplanes,,,,,,,,,,,,ton-society-ecosystem-map,
games,446,Battle Planes,battle-planes,quiet,0,,,https://t.me/battleplanes,,,,,,,,,,,,2024-02-coin98-games 2024-05-coin98-games,
games,447,BattleOfMemes,battleofmemes,quiet,0,,,https://t.me/head_coin,https://t.me/baom_game_bot,https://x.com/battleofmemes_,https://headgun.org/,,,,,,,,,dyor.io gramnews-apps,
games,448,BEERTAP GAME,beertap-game,quiet,0,,,,https://t.me/beercointap_bot,https://x.com/beercoinmeme,https://beercoin2.wtf/,,,,,,,,,dyor.io gramnews-apps,
games,449,BIRDS,birds,quiet,0,,,https://t.me/Birds_announcement,https://t.me/birdx2_bot,https://x.com/noxecoin,,,,,,,,,,dyor.io gramnews-apps,
games,450,Blockchemy,blockchemy,quiet,0,,,https://t.me/blockchemy,https://t.me/blockchemybot,https://x.com/blockchemy,https://blockchemy.io/,,,,,,,,,dyor.io gramnews-apps,
games,451,Boxing Star X,boxing-star-x,quiet,0,,,https://t.me/boxingstarx,,,,,,,,,,,,2025-07-ton,
games,452,Caplly,caplly,quiet,0,,,https://t.me/caplly_support,https://t.me/capllybot,https://x.com/capllyxyz,,,,,,,,,,dyor.io gramnews-apps,
games,453,Catirace,catirace,quiet,0,,,,https://t.me/catirace_bot,https://x.com/netMinePi,,,,,,,,,,dyor.io gramnews-apps,
games,454,CatsVSRats,catsvsrats,quiet,0,,,https://t.me/catsvsrats,https://t.me/catsvsratsbot,https://x.com/cats_vs_rats,https://gmail.com,,,,,,,,,dyor.io gramnews-apps,
games,455,ClownTown,clowntown,quiet,0,,,,https://t.me/clowntownrobot,https://x.com/FightBrawl_Ton,,,,,,,,,,2024-05-coin98-games dyor.io gramnews-apps,
games,456,CockFights Game,cockfights-game,quiet,0,,,https://t.me/toncocks,,https://x.com/Cock_Fights,,,,,,,,,,2024-06-ton-degen defillama ton-society-ecosystem-map,
games,457,CoderX,coderx,quiet,0,,,https://t.me/coderx_news,https://t.me/coderxcr_bot,,,,,,,,,,,dyor.io gramnews-apps,
games,458,Crazy Camels Game,crazy-camels-game,quiet,0,,,https://t.me/crazy_camels,https://t.me/cmlgamebot,,,,,,,,,,,dyor.io gramnews-apps,
games,459,CryptoMine CGS,cryptomine-cgs,quiet,0,,,,https://t.me/cryptogamespace_bot,https://x.com/EntertaimentCGS,,,,,,,,,,dyor.io gramnews-apps,
games,460,Cyber Village,cyber-village,quiet,0,,,,https://t.me/luckydrawmasterbot,https://x.com/mogifts312,,,,,,,,,,dyor.io gramnews-apps,
games,461,DecrypTON,decrypton-l6k7v7,quiet,0,,,https://t.me/Decryp_TON,https://t.me/DecrypTON_Bot,https://x.com/Decryp_TON,,,,,,,,,,dyor.io gramnews-apps,
games,462,Dfantasy,dfantasy,quiet,0,,,https://t.me/dfantasy_pro,https://t.me/dfantasy_bot,https://x.com/dFantasy_pro,,,,,,,,,,dyor.io gramnews-apps,
games,463,DogePee,dogepee,quiet,0,,,,https://t.me/dogeepee_bot,https://x.com/DogePeeCoin,https://kibble.exchange/,https://github.com/KibbleExchange/kibble-mini-app,,,,,,,,dyor.io gramnews-apps,
games,464,Doonz Squad,doonz-squad,quiet,0,,,,https://t.me/doonz_squad_bot,https://x.com/Cardoonz,,,,,,,,,,dyor.io gramnews-apps,
games,465,DoraTon,doraton,quiet,0,,,,https://t.me/doratonsbot,https://x.com/DorawifTon,https://battlebulls.com/,,,,,,,,,dyor.io gramnews-apps,
games,466,Dropshit The Game,dropshit-the-game,quiet,0,,,,https://t.me/drop_shit_game_bot,https://x.com/Drop_shit_game,,,,,,,,,,dyor.io gramnews-apps,
games,467,Dungeon of KITSU,dungeon-of-kitsu,quiet,0,,,https://t.me/dungeonsofkitsune_bot,,https://x.com/kitsuneton,,,,,,,,,,ton-society-ecosystem-map,
games,468,Egg Fight Club,egg-fight-club,quiet,0,,,,https://t.me/eggfightclubbot,,,,,,,,,,,2024-02-coin98-games 2024-05-coin98-games,
games,469,Escape from Zeya,escape-from-zeya,quiet,0,,,https://t.me/tonplayinsider,,https://x.com/insider_ton,,https://github.com/ton-play,,2025-11-12,,,,,,2024-05-coin98-games ton-society-ecosystem-map,
games,470,EyeTon,eyeton,quiet,0,,,,https://t.me/eyetonbot,https://x.com/eyetonbot,,,,,,,,,,dyor.io gramnews-apps,
games,471,Fanton,fanton,quiet,0,,,https://t.me/fantongamebot,,https://x.com/FantasyFanton,,,,,,,,,,ton-society-ecosystem-map,
games,472,Fanzee,fanzee-2,quiet,0,,,https://t.me/fanzeefriend,https://t.me/fanzeebattlesbot,https://x.com/fanzeelabs,,,,,,,,,,dyor.io gramnews-apps,
games,473,Flip Out,flip-out,quiet,0,,,,https://t.me/flipoutbot,,,,,,,,,,,2025-ton-cis-hub,
games,474,ForestGreen,forestgreen,quiet,0,,,https://t.me/ForestGreenOfficial,https://t.me/cryptowood_mini_app_bot,,,,,,,,,,,dyor.io gramnews-apps,
games,475,Forge,forge,quiet,0,,,https://t.me/jettrade_public,https://t.me/forge_game_bot,https://x.com/forge_game_bot,,,,,,,,,,defillama dyor.io gramnews-apps,
games,476,Forton,forton,quiet,0,,,,https://t.me/fortonbot,,,,,,,,,,,2026-05-messari,
games,477,Games Platform,games-platform,quiet,0,,,,https://t.me/instantgames_bot,,https://8xr.io,,,,,,,,,dyor.io gramnews-apps,
games,478,Getsu,getsu,quiet,0,,,,https://t.me/getsubot,,,,,,,,,,,2025-ton-cis-hub,
games,479,GoldenBlock,goldenblock,quiet,0,,,https://t.me/hashblockann,https://t.me/goldenblock_bot,https://x.com/GoldenBlock_AI,,,,,,,,,,dyor.io gramnews-apps,
games,480,Grabscape,grabscape,quiet,0,,,,https://t.me/grabscape_bot,,,,,,,,,,,2023-10-tonpost,
games,481,GSHAKE,gshake,quiet,0,,,,https://t.me/gshake_bot,https://x.com/GSHAKE_app,,,,,,,,,,dyor.io gramnews-apps,
games,482,Gu$$i coin runner Game,gu-i-coin-runner-game,quiet,0,,,https://t.me/gussicoin,https://t.me/gussicoin_bot,https://x.com/Gussi_coin,https://landing.m2fund.io/,https://github.com/m2fund,,2024-12-07,,,,,,dyor.io gramnews-apps,
games,483,Hexacore Gaming Universe,hexacore-gaming-universe,quiet,0,,,,https://t.me/hexacoinbot,https://x.com/meme_capybara,,,,,,,,,,dyor.io gramnews-apps,
games,484,Instant Games,instant-games,quiet,0,,,https://t.me/instantgames_bot,,,,,,,,,,,,ton-society-ecosystem-map,
games,485,JDUN,jdun,quiet,0,,,,https://t.me/jdunbot,,,,,,,,,,,2025-ton-cis-hub,
games,486,KameTap,kametap,quiet,0,,,,https://t.me/kametap_bot,https://x.com/clickerfarm,https://clicker.space,https://github.com/clickerspace,,2025-05-31,,,,,,dyor.io gramnews-apps,
games,487,KOLOBOK,kolobok,quiet,0,,,,https://t.me/bokgame_bot,https://x.com/KOLOBOK_Game,,,,,,,,,,dyor.io gramnews-apps,
games,488,Landrocker Miner,landrocker-miner,quiet,0,,,https://t.me/landrocker_miner_bot,,https://x.com/landrocker_io,,https://github.com/infinite8fze,,,,,,,,ton-society-ecosystem-map,
games,489,Lango,lango,quiet,0,,,,https://t.me/ai_lango_bot,https://x.com/Lango_Ai,,,,,,,,,,dyor.io gramnews-apps,
games,490,League of Predictors,league-of-predictors,quiet,0,,,,https://t.me/leagueofpredictorsbot,,,,,,,,,,,2025-ton-cis-hub,
games,491,Lucky TON,lucky-ton,quiet,0,,,https://t.me/lkyton,https://t.me/lkytonbot,https://x.com/luckyton8,,,,,,,,,,2024-05-coin98-games dyor.io gramnews-apps ton-society-ecosystem-map,
games,492,Master Cat Online,master-cat-online,quiet,0,,,,https://t.me/mastercatonlinebot,,,,,,,,,,,2025-07-ton-cis-hub-q2 2025-ton-cis-hub,
games,493,Maxi GAME,maxi-game,quiet,0,,,https://t.me/maxicommunity,https://t.me/maxigame_bot,https://x.com/chancetg_app,https://app.chance.tg,https://github.com/chancetg,,,,,,,,dyor.io gramnews-apps,
games,494,Melonia,melonia,quiet,0,,,https://t.me/melonia_ru,https://t.me/meloniaclick_bot,https://x.com/apewealth,https://www.apewealth.xyz/,,,,,,,,,dyor.io gramnews-apps,
games,495,MemHustle,memhustle,quiet,0,,,,https://t.me/memhustle_bot,,,,,,,,,,,2025-07-ton,
games,496,Mnemonics,mnemonics,quiet,0,,,,https://t.me/mnmncs_bot,https://x.com/Mnemonics_coin,,,,,,,,,,dyor.io gramnews-apps,
games,497,Monorix,monorix,quiet,0,,,,https://t.me/monorixbot,https://x.com/themonorix,,,,,,,,,,dyor.io gramnews-apps,
games,498,MoonRabbits,moonrabbits,quiet,0,,,https://t.me/supernews_cis,https://t.me/mrbhouse_bot,https://x.com/moonrabbits_ton,,,,,,,,,,dyor.io gramnews-apps,
games,499,Moonraid Online,moonraid-online,quiet,0,,,https://t.me/safepermoon,https://t.me/moonraid_game_bot,https://x.com/safepermoon,https://safepermoon.com,,,,,,,,,dyor.io gramnews-apps,Mini‑app for staking and playing with the Moonraid token
games,500,Mortal Klicker,mortal-klicker,quiet,0,,,https://t.me/moklgamefi,https://t.me/mokl_io_bot,https://x.com/moklgamefi,https://esprito.com,https://github.com/espritoxyz,,2026-08-30,,,,,,dyor.io gramnews-apps,
games,501,MOWTON,mowton,quiet,0,,,,https://t.me/mow_ton_bot,https://x.com/MOW_Game_Ton,,,,,,,,,,dyor.io gramnews-apps,
games,502,Nakamoto Games,nakamoto-games,quiet,0,,,,https://t.me/nakagamesbot,https://x.com/nakamotoGames,,,,,,,,,,2024-02-coin98-games 2024-05-coin98-games dyor.io gramnews-apps,
games,503,Not Quiz,not-quiz,quiet,0,,,,https://t.me/notquizbot,,,,,,,,,,,2024-05-coin98-games,
games,504,NOTHERO,nothero,quiet,0,,,,https://t.me/notnotgame_bot,https://x.com/Not_Notcoin,,,,,,,,,,dyor.io gramnews-apps,
games,505,OpenGaming,opengaming,quiet,0,,,https://t.me/OpenGamingAnn,https://t.me/ogappbot,,,,,,,,,,,dyor.io gramnews-apps,
games,506,P2E,p2e,quiet,0,,,https://t.me/comunitiygreen,https://t.me/Play2earnINDIBot,,,,,,,,,,,dyor.io gramnews-apps,
games,507,PAKCOIN KOMBAT,pakcoin-kombat,quiet,0,,,https://t.me/pakcoin_kombat,https://t.me/pakcoin_kombat_bot,https://x.com/Pakcoin_Kombat,,,,,,,,,,dyor.io gramnews-apps,
games,508,PANIE Bot,panie-bot,quiet,0,,,,https://t.me/panieapp_bot,https://x.com/panieton,,,,,,,,,,dyor.io gramnews-apps,
games,509,PEPE'S Leap Adventure,pepes-leap-adventure,quiet,0,,,,https://t.me/pepeleapadventurebot,https://x.com/Pepeleap,,,,,,,,,,dyor.io gramnews-apps,
games,510,PetTap,pettap,quiet,0,,,,https://t.me/pettapbot,https://x.com/Petoshi_Blast,,,,,,,,,,dyor.io gramnews-apps,
games,511,Planetor,planetor,quiet,0,,,https://t.me/PlanetorNews,https://t.me/planetorbot,https://x.com/PlanetorGame,https://planetor.io/,,,,,,,,,dyor.io gramnews-apps,
games,512,Rakurai,rakurai,quiet,0,,,,https://t.me/rakurai_bot,,,,,,,,,,,2025-ton-cis-hub,
games,513,RuneForce,runeforce,quiet,0,,,,https://t.me/runeforce_bot,https://x.com/bc1_runeforce,,,,,,,,,,dyor.io gramnews-apps,
games,514,SCP,scp,quiet,0,,,https://t.me/mainet_io,https://t.me/stonecut_bot,https://x.com/mAInet_io,,,,,,,,,,dyor.io gramnews-apps,
games,515,SCRATS,scrats,quiet,0,,,,https://t.me/scrats_kleym1_bot,https://x.com/ScratchMemeCoin,,,,,,,,,,dyor.io gramnews-apps,
games,516,SFootballBot,sfootballbot,quiet,0,,,https://t.me/Catopia_game,https://t.me/space_football_bot,https://x.com/Catopia_online,,,,,,,,,,dyor.io gramnews-apps,
games,517,Solitaire Suzume,solitaire-suzume,quiet,0,,,,https://t.me/solitaire_szm_bot,https://x.com/suzumeio,,,,,,,,,,dyor.io gramnews-apps,
games,518,Spend,spend,quiet,0,,,,https://t.me/spendaton_bot,https://x.com/zjor,https://zjor.github.io/cv/,https://github.com/zjor/hello-tact,,2023-10-30,,,,,,dyor.io gramnews-apps,
games,519,Spin Clash,spin-clash,quiet,0,,,https://t.me/spinclash,https://t.me/spinclash_bot,,,,,,,,,,,dyor.io gramnews-apps,
games,520,Starborn Legacy,starborn-legacy,quiet,0,,,https://t.me/starbornlegacy,https://t.me/starbornlegacy_bot,,,,,,,,,,,dyor.io gramnews-apps,
games,521,Stepogram bot,stepogram-bot,quiet,0,,,https://t.me/StepogramAdmin,https://t.me/stepogrambot,https://x.com/CoinRacesGame,https://Stepogram.com,,,,,,,,,2024-02-coin98-games 2024-05-coin98-games dyor.io gramnews-apps,Stepogram bot is an app for tracking steps and nutrition.
games,522,SUPERCLUSTER,supercluster,quiet,0,,,,https://t.me/scluster_bot,https://x.com/dragondotbot,,,,,,,,,,dyor.io gramnews-apps,
games,523,Tago,tago,quiet,0,,,https://t.me/WelcomeToTago,https://t.me/TagoAppBot,,https://tagoworld.app,,,,,,,,,dyor.io gramnews-apps,
games,524,TakeRobot,takerobot,quiet,0,,,,https://t.me/tontakerobot,https://x.com/TonTakeGame,,,,,,,,,,2024-05-coin98-games dyor.io gramnews-apps,
games,525,Tapjenix,tapjenix,quiet,0,,,https://t.me/TapJenix,https://t.me/tapjenixbot,https://x.com/TapJenix,,,,,,,,,,dyor.io gramnews-apps,
games,526,TapRush,taprush,quiet,0,,,,https://t.me/taprushbot,https://x.com/BBQ_Coin,,,,,,,,,,dyor.io gramnews-apps,
games,527,TetriX4,tetrix4,quiet,0,,,https://t.me/TetriX4update,https://t.me/tetrix4bot,https://x.com/TetriX4Official,,,,,,,,,,dyor.io gramnews-apps,
games,528,The Pixels,the-pixels,quiet,0,,,,https://t.me/the_pixels_bot,https://x.com/ton_jobs,,,,,,,,,,2024-06-ton-degen dyor.io gramnews-apps,
games,529,THEarthGame,thearthgame,quiet,0,,,https://t.me/thearthcoin,https://t.me/thearthgamebot,https://x.com/mylegonton,,,,,,,,,,dyor.io gramnews-apps,
games,530,Tic-Tac-Toe: game on Telegram,tic-tac-toe-game-on-telegram,quiet,0,,,,https://t.me/xochatbot,https://x.com/Hasbiland,,,,,,,,,,dyor.io gramnews-apps,Играйте в крестики-нолики: самый крупный бот с любимой логической игрой + Mini App!
games,531,TON Battle Ground,ton-battle-ground,quiet,0,,,,https://t.me/tonbattleground_bot,,,,,,,,,,,2025-07-ton,
games,532,TON Chess,ton-chess,quiet,0,,,,https://t.me/tonchessbot,,,,,,,,,,,2024-05-coin98-games,
games,533,TON Cook,ton-cook,quiet,0,,,https://t.me/TONCook_Announcements,https://t.me/toncookbot,https://x.com/theTONCook,,,,,,,,,,dyor.io gramnews-apps,
games,534,TON Frogs,ton-frogs,quiet,0,,,,https://t.me/tonfrogs_bot,,,,,,,,,,,2023-10-tonpost 2024-06-ton-degen,
games,535,TON Legends,ton-legends,quiet,0,,,https://t.me/ton_legends_comm,https://t.me/ton_legends_bot,https://x.com/ton_legends,,,,,,,,,,dyor.io gramnews-apps,
games,536,Tonarchy,tonarchy,quiet,0,,,https://t.me/tonarchy,,https://x.com/tonarchy,,,,,,,,,,ton-society-ecosystem-map,
games,537,Toncaps,toncaps,quiet,0,,,https://t.me/toncapsio,,,,,,,,,,,,2023-10-tonpost 2024-05-coin98-games ton-society-ecosystem-map,
games,538,Toney Money Business,toney-money-business,quiet,0,,,,https://t.me/toneymoneybusinessbot,https://x.com/xyro_io,,,,,,,,,,dyor.io gramnews-apps,
games,539,Tonion,tonion,quiet,0,,,https://t.me/tonion_official,,,,,,,,,,,,2025-07-ton-cis-hub-q2 2025-ton-cis-hub,
games,540,Tonlanders,tonlanders,quiet,0,,,https://t.me/tonlanders,,,,,,,,,,,,2023-10-tonpost 2024-02-coin98-games 2024-05-coin98-games ton-society-ecosystem-map,
games,541,TONopolis,tonopolis,quiet,0,,,,https://t.me/tonopolisbot,https://x.com/TonopolisGame,,,,,,,,,,dyor.io gramnews-apps,
games,542,Tonrare,tonrare,quiet,0,,,https://t.me/tonrare_games,,,,,,,,,,,,ton-society-ecosystem-map,
games,543,Tooncinator,tooncinator,quiet,0,,,https://t.me/Tooncinator,https://t.me/toon_game_bot,,,,,,,,,,,dyor.io gramnews-apps,
games,544,Tsuefa,tsuefa,quiet,0,,,https://t.me/tsuefa,,,,,,,,,,,,2025-ton-cis-hub,
games,545,Twyx,twyx,quiet,0,,,https://t.me/twyx_bot,,,https://twyx.online/,,,,,,,,,gramnews-apps ton.app,
games,546,Unknown,unknown,quiet,0,,,https://t.me/unknown,https://t.me/coin_unk_bot,https://x.com/unk_coin,https://unknown-coin.com,https://github.com/coin-unknown,,,,,,,,dyor.io gramnews-apps,
games,547,Volarian Heist,volarian-heist,quiet,0,,,,https://t.me/volarianheist_bot,https://x.com/volarisgames,,,,,,,,,,dyor.io gramnews-apps,
games,548,Wallet League,wallet-league,quiet,0,,,https://t.me/WalletLeague,https://t.me/walletleaguebot,,,,,,,,,,,dyor.io gramnews-apps,
games,549,Wassie Whomps,wassie-whomps,quiet,0,,,,https://t.me/wassiewhompsbot,https://x.com/Playgram_io,,,,,,,,,,dyor.io gramnews-apps,
games,550,Web3 Gem,web3-gem,quiet,0,,,,https://t.me/web3gem_bot,https://x.com/RoachRacingClub,,,,,,,,,,dyor.io gramnews-apps,
games,551,wild treasure,wild-treasure,quiet,0,,,https://t.me/wildecosystm,https://t.me/wildtreasurebot,,,,,,,,,,,dyor.io gramnews-apps,
games,552,Words / Friends&Solo,words-friends-solo,quiet,0,,,https://t.me/slovesny_bot,https://t.me/wordscommunity,https://x.com/wordscommunity,,,,,,,,,,dyor.io gramnews-apps ton.app,
games,553,WowFish,wowfish,quiet,0,,,,https://t.me/wowfishbot,,,,,,,,,,,2024-06-ton-degen,
games,554,ZGGY,zggy,quiet,0,,,,https://t.me/zggy_bot,https://x.com/zggycoin,,,,,,,,,,dyor.io gramnews-apps,
games,555,Nobby Game,nobby-game,closed,0,,,https://t.me/NobbyOfficial,https://t.me/nobbygame_bot,https://x.com/NobbyGame,https://Nobby.Game,,,,,,,11283,,2024-05-coin98-games dyor.io gramnews-apps,
games,556,Coin Crypto Game,coin-crypto-game,closed,0,,,,https://t.me/coincryptogamebot,https://x.com/Coincrypto_game,https://coincrypto.gg,,,,,,,10967,,2024-06-ton-degen dyor.io gramnews-apps,
games,557,Token Tactics,token-tactics,closed,0,,,https://t.me/TokenTacticsGo,https://t.me/tokentactics_bot,https://x.com/TokenTacticsGo,,,,,,,,925,,2025-07-ton-cis-hub-q2 2025-ton-cis-hub dyor.io gramnews-apps,
games,558,BIOM Play2Earn Alfa 20,biom-play2earn-alfa-20,closed,0,,,https://t.me/DefendersFuryPortal,https://t.me/biom_play2earn_bot,https://x.com/DefendersFury,https://defenderfury.io,,,,,,,82,,2024-02-coin98-games 2024-05-coin98-games dyor.io gramnews-apps ton-society-ecosystem-map,
games,559,FaceToPlace,facetoplace,closed,0,,,https://t.me/facetoplace,https://t.me/facetoplace_bot,https://x.com/facetoplace_x,https://facetoplace.app,https://github.com/facetoplace,,2026-09-23,,,,,,2024-02-coin98-games 2024-05-coin98-games dyor.io gramnews-apps ton.app,
games,560,MINTODINOS Treasure,mintodinos-treasure,closed,0,,,,https://t.me/portal_network_en_bot,,,,,,,,,,,2024-05-coin98-games dyor.io gramnews-apps,
farming,1,Boinkers,boinkers,active,1,1,telegram+mau,https://t.me/boinkersnews,,https://x.com/BoinkersIO,,,2026-09-30,,15456055,15456055,480,806930,,2025-07-ton 2026-05-messari dyor.io gramnews-apps gramnews-q3-2026,"Boinkers 💩💎 game: upgrade your Boinkers, earn Moons, and travel to new planets."
farming,2,Time Farm,time-farm,active,1,1,telegram+mau,https://t.me/timefarmchannel,,https://x.com/ChronotechNews,https://Chrono.tech,,,,7682430,7682430,459,107226,,dyor.io gramnews-apps gramnews-q3-2026,A gamified Telegram app for completing tasks and earning SECOND tokens.
farming,3,Agent 301,agent-301,active,1,1,telegram+mau,https://t.me/app301,,https://x.com/301Community,,,2026-09-30,,2231448,2231448,68,264360,,dyor.io gramnews-apps gramnews-q3-2026,
farming,4,Hrum,hrum,active,1,1,telegram+mau,https://t.me/hrumfam,,https://x.com/tonco_io,https://tonco.io/,,,,1853830,1853830,91,50570,,dyor.io gramnews-apps gramnews-q3-2026,Hrum is a fortune cookie app for predictions and earning tokens.
farming,5,CEXIO Power Tap,cexio-power-tap,active,1,1,telegram+mau,https://t.me/cexio_announcements,,https://x.com/cex_io,https://earn.cex.io/,,2026-09-30,,1547901,1547901,161,27601,,dyor.io gramnews-apps gramnews-q3-2026,CEX.IO Power Tap is a crypto earning game.
farming,6,Rich Dog Game,rich-dog-game,active,1,1,mau,https://t.me/richdogsupport,,https://x.com/RichDogGame,,,,,1277678,,,1277678,,dyor.io gramnews-apps gramnews-q3-2026,A play-to-earn Telegram mini-app where players earn in-game currency and can generate yields.
farming,7,Dropee,dropee,active,1,1,telegram+mau,https://t.me/dropee_community,,https://x.com/lunaornot,,,,,1088540,1088540,34,56112,,dyor.io gramnews-apps gramnews-q3-2026,Dropee is a game where you build an empire and earn rewards.
farming,8,SuperEarn,superearn,active,1,1,telegram,https://t.me/superearn,,https://x.com/superdapp,https://superearn.org,,2026-09-30,,1003290,1003290,799,,,gramnews-apps gramnews-q3-2026 ton.app,
farming,9,Super Wallet,super-wallet,active,1,1,telegram,https://t.me/superearn,,https://x.com/superdapp,https://superearn.com/wallet,,2026-09-30,,1003290,1003290,799,,,gramnews-apps gramnews-q3-2026 ton.app,Super Wallet — a wallet for earning crypto through staking and liquidity
farming,10,My Duck,my-duck,active,1,1,mau,,https://t.me/myduck,,,,,,851143,,,851143,,gramnews-q3-2026,
farming,11,Hamster Kombat,hamster-kombat,active,1,1,mau,https://t.me/hamsterkombat_official,,https://x.com/hamster_kombat,https://hamster.network,,,,833350,,,833350,,2024-06-ton-degen dyor.io gramnews-apps gramnews-q3-2026,Hamster Kombat is a game where you manage a game development studio and earn rewards.
farming,12,HOT Wallet,hot-wallet,active,1,1,telegram+mau,https://t.me/hotonnear,,https://x.com/hotdao_,,,2026-09-30,,672500,672500,4,188102,,2025-07-ton dyor.io gramnews-apps gramnews-q3-2026,HOT Wallet is a multichain crypto wallet within Telegram.
farming,13,TapCoins,tapcoins,active,1,1,telegram+mau,https://t.me/thetapcoins,,https://x.com/theTapCoins,https://www.tapcoins.app,,2026-09-29,,512460,512460,8,58043,,2024-05-coin98-games dyor.io gramnews-apps gramnews-q3-2026,TapCoins is a Web3 mobile game where users earn rewards by tapping the screen.
farming,14,BabyDoge PAWS,babydoge-paws,active,1,1,telegram+mau,https://t.me/babydogecoin,,https://x.com/babydogecoin,,,2026-09-23,,459500,459500,23,32603,,2025-07-ton-cis-hub-q2 2025-ton-cis-hub dyor.io gramnews-apps gramnews-q3-2026,"Telegram game: collect PAWS, upgrade cards, and earn passive income."
farming,15,TapCGPT,tapcgpt,active,1,1,telegram,https://t.me/chaingptnews,,https://x.com/Tap_CGPT,https://tap.chaingpt.org/,,,,398890,398890,32,,,dyor.io gramnews-apps gramnews-q3-2026 ton.app,
farming,16,Gift Combat,gift-combat,active,1,1,telegram+mau,https://t.me/gift_kombat,,,,,2026-09-25,,371160,371160,38,95727,,dyor.io gramnews-apps gramnews-q3-2026,Gift Combat is a Telegram game where players participate in tournaments by trading items and earning points.
farming,17,TON Station,ton-station,active,1,1,telegram+mau,https://t.me/tonstationgames,,https://x.com/tonstationgames,,,2026-08-04,,345800,345800,5,63772,,2023-10-tonpost 2025-07-ton awesome-ton dyor.io gramnews-apps gramnews-q3-2026 ton-society-ecosystem-map,A game distribution platform with quests and events.
farming,18,Hamster Kombat: GameDev,hamster-kombat-gamedev,active,1,1,mau,,,,,,,,338368,,,338368,,gramnews-apps gramnews-q3-2026,Mini-app «Hamster Kombat: GameDev» — a game creation tool within the Hamster Kombat ecosystem.
farming,19,TapSwap,tapswap-jdcfzr,active,1,1,mau,https://t.me/tapswapai,,https://x.com/tapswapai,,https://github.com/Jackpot-ton,,,282154,,,282154,,dyor.io gramnews-apps gramnews-q3-2026,"A skill-based earning mini app in Telegram and Web3 where you play games, complete tasks, and withdraw rewards through the built-in cashier."
farming,20,Giftomania,giftomania,active,1,1,mau,,,,,,,,261087,,,261087,,gramnews-apps gramnews-q3-2026,Giftomania 🎁 is a bot for receiving Telegram Gifts and Premium.
farming,21,mAInet V2,mainet-v2,active,1,1,telegram,https://t.me/mainet_io,,https://x.com/mAInet_io,,,2026-08-04,,247870,247870,26,,,dyor.io gramnews-apps gramnews-q3-2026,
farming,22,Labrador Adventures,labrador-adventures,active,1,1,telegram+mau,https://t.me/labrador_labr_ru,,https://x.com/labrador_labr,,,2026-09-29,,237790,237790,47,29884,,gramnews-apps gramnews-q3-2026,"An adventure game featuring a labrador character, arena battles, dungeon crawling, and the $LABR token."
farming,23,GameBot,gamebot,active,1,1,mau,,,https://x.com/CowtopiaTON,,,,,195769,,,195769,,dyor.io gramnews-apps gramnews-q3-2026,I'm a demo bot for the Telegram Gaming Platform.
farming,24,Cats,cats-93sn9i,active,1,1,mau,https://t.me/cats_housewtf,,https://x.com/cats_telegram,,,,,176528,,,176528,,dyor.io gramnews-apps gramnews-q3-2026,
farming,25,BeeCoin,beecoin,active,1,1,telegram+mau,https://t.me/beecoin_official,,https://x.com/BeeeCoin,https://beecoin.finance/,,2026-09-24,,166600,166600,5,36359,,dyor.io gramnews-apps gramnews-q3-2026,BeeCoin is an early-access earning app.
farming,26,Headcoin,headcoin,active,1,1,telegram+mau,https://t.me/head_coin,,https://x.com/head_battlee,https://headgun.org/,,2026-07-13,,142100,142100,3,22247,,dyor.io gramnews-apps gramnews-q3-2026,
farming,27,PixelTap by Pixelverse,pixeltap-by-pixelverse,active,1,1,mau,https://t.me/pixelverse_xyz,,https://x.com/pixelverse_xyz,,,,,124092,,,124092,,dyor.io gramnews-apps gramnews-q3-2026,PixelTap by Pixelverse is a Telegram mini app for playing games.
farming,28,Surf & Earn,surf-earn-bot,active,1,1,telegram+mau,https://t.me/surf_earn_channel,,,,,2026-09-15,,108020,108020,5,30681,,gramnews-apps gramnews-q3-2026,
farming,29,Hamster Fight Club,hamster-fight-club,active,1,1,mau,,,,,,,,107581,,,107581,,gramnews-apps gramnews-q3-2026,Welcome to Hamster Fight Club Bot!
farming,30,ZarGates Retrodrop,zargates-retrodrop,active,1,1,mau,,,https://x.com/zargates,https://dyor.io,,,,103464,,,103464,,dyor.io gramnews-apps gramnews-q3-2026,ZarGates Retrodrop – a retro game with a collection system
farming,31,CapsGame,capsgame,active,1,1,telegram+mau,https://t.me/capsgame,,https://x.com/CapsXGame,,https://github.com/capsgame,,2024-09-03,95323,95323,47,17982,,2025-07-ton-cis-hub-q2 2025-ton-cis-hub dyor.io gramnews-apps gramnews-q3-2026,CapsGame is a Telegram game where players collect digital items and participate in game events.
farming,32,Yescoin,yescoin-pf3wj6,active,1,1,mau,https://t.me/theyescoin,https://t.me/realyescoinbot,https://x.com/Yescoin_Fam,,,,,87564,,,87564,,2024-05-coin98-games 2024-06-ton-degen dyor.io gramnews-apps gramnews-q3-2026,Yescoin is a game where you earn points and tickets for prize draws.
farming,33,BAKS TON GAME,baks-ton-game,active,1,1,telegram,https://t.me/baks_ton,,https://x.com/ton_baks,,,2026-07-10,,86800,86800,1,,,2024-05-coin98-games 2024-06-ton-degen dyor.io gramnews-apps gramnews-q3-2026,
farming,34,Tomarket App,tomarket-app,active,1,1,mau,https://t.me/tomarket_ai,,https://x.com/tomarket_ai,,,,,80775,,,80775,,dyor.io gramnews-apps gramnews-q3-2026,Tomarket App is a game where you farm and earn $TOMA tokens.
farming,35,ZarGates,zargates,active,1,1,telegram,https://t.me/zargateschannel,,,,,2026-09-29,,80375,80375,28,,,2025-07-ton gramnews-q3-2026,
farming,36,Empires Battle Bot,empires-battle-bot,active,1,1,telegram+mau,https://t.me/empiresbattle_channel,,https://x.com/EmpiresBattle,https://docs.empiresbattle.com/,,2026-09-13,,76959,62290,9,76959,,dyor.io gramnews-apps gramnews-q3-2026,A steampunk-themed arcade RPG where players defend a drill from waves of robots and earn tokens.
farming,37,Capybara Nation,capybara-nation,active,1,1,telegram,https://t.me/capybaranation,,https://x.com/capy_nation,https://www.tiktok.com/@capy.nation,,2026-07-21,,76400,76400,4,,,dyor.io gramnews-apps gramnews-q3-2026,
farming,38,WGScoin,wgscoin,active,1,1,telegram,https://t.me/whatsgameschannel,,https://x.com/whatsgamesio,https://pulsegpt.ru/,,,,71357,71357,114,,,dyor.io gramnews-apps gramnews-q3-2026,
farming,39,Urkocoin Tap Game,urkocoin-tap-game,active,1,1,mau,,,https://x.com/TBEAR_Ton,,,,,67257,,,67257,,dyor.io gramnews-apps gramnews-q3-2026,"A tap-to-earn Telegram mini app that rewards users with Urkocoin and GOLD tokens, featuring raffles, auto Solana payouts, and a Jackpot Wheel."
farming,40,Binance Moonbix bot,binance-moonbix-bot,active,1,1,mau,,,,,,,,63280,,,63280,,dyor.io gramnews-apps gramnews-q3-2026,Binance Moonbix bot shows a service notice.
farming,41,Yumify,yumify,active,1,1,telegram,https://t.me/yumify,,https://x.com/yumify_ton,,,,,60704,60704,19,,,dyor.io gramnews-apps gramnews-q3-2026,
farming,42,Spekter Agency,spekter-agency,active,1,1,telegram+mau,https://t.me/spekteragencynews,,https://x.com/spekteragency,,,2026-09-28,,59970,59970,24,10876,,gramnews-apps gramnews-q3-2026,A rogue-lite survivor game in Telegram where players participate in battles and earn Sparks.
farming,43,Crownville,crownville,active,1,1,telegram,https://t.me/hificrownville,,,https://crownville.online/,,2026-09-29,,55415,55415,103,,,dyor.io gramnews-apps gramnews-q3-2026,
farming,44,W-Coin,w-coin,active,1,1,mau,,,https://x.com/wcoin_io,,,,,54760,,,54760,,2024-06-ton-degen dyor.io gramnews-apps gramnews-q3-2026,W-Coin is a tool for verifying wallets on TON.
farming,45,DuckCoin,duckcoin-1,active,1,1,telegram,https://t.me/duckcoin,,https://x.com/notduckcoin,https://duckcoin.org,,2026-07-27,,52350,52350,3,,,dyor.io gramnews-apps gramnews-q3-2026 ton-society-ecosystem-map,
farming,46,SEED,seed,active,1,1,mau,https://t.me/seedupdates,,https://x.com/SeedCombinator,,,,,44245,,,44245,,dyor.io gramnews-apps gramnews-q3-2026,SEED is a Telegram mini-app for earning and growing SEED tokens.
farming,47,Wen Lambo?!,wen-lambo,active,1,1,telegram+mau,https://t.me/lambospeak,,,,,,,42343,42343,31,10645,,gramnews-apps gramnews-q3-2026,"Play, earn $LAMBO, get gifts from boxes, and stars from referrals."
farming,48,Simple Coin,simple-coin,active,1,1,mau,https://t.me/smpl_app,,https://x.com/smpl_app,https://promo.simple.app/1Qd2/xe0uv1iz?af_qr=true,,,,41059,,,41059,,dyor.io gramnews-apps gramnews-q3-2026,A stablecoin wallet for everyday use.
farming,49,XSTAR Fleet,xstar-fleet,active,1,1,telegram,https://t.me/channel,,https://x.com/xstar_id,https://channel.t.me,,,,39400,39400,1,,,dyor.io gramnews-apps gramnews-q3-2026,
farming,50,CT Pool,ct-pool,active,1,1,mau,,,,,,,,37206,,,37206,,gramnews-apps gramnews-q3-2026,CT Pool is a Telegram mini app for free crypto mining.
farming,51,Dotcoin,dotcoin,active,1,1,mau,https://t.me/dotcoin_help_support,,https://x.com/thedotcoin,https://tmarket.icu/,,,,36773,,,36773,,2024-05-coin98-games dyor.io gramnews-apps gramnews-q3-2026,
farming,52,RichQuestBot,richquestbot,active,1,1,mau,,,,,,,,36596,,,36596,,dyor.io gramnews-apps gramnews-q3-2026,"Seize the chance to grab a million pounds, showcase your strength, and win huge prizes"
farming,53,Rocky Rabbit,rocky-rabbit,active,1,1,mau,https://t.me/rockyrabbitio,,https://x.com/rockyrabbitio,,,,,36302,,,36302,,dyor.io gramnews-apps gramnews-q3-2026,A Telegram game for earning by predicting Bitcoin's price.
farming,54,MEMEWORLD,memeworld,active,1,1,mau,,,https://x.com/toughgoldbull,,,,,35588,,,35588,,dyor.io gramnews-apps gramnews-q3-2026,
farming,55,Nuts Farm,nuts-farm,active,1,1,mau,,,https://x.com/nutsfarm1337,,,,,31458,,,31458,,2025-07-ton-cis-hub-q2 2025-ton-cis-hub dyor.io gramnews-apps gramnews-q3-2026,Nuts Farm — a nut farming game in Telegram
farming,56,HoldCoin,holdcoin,active,1,1,telegram+mau,https://t.me/holdcoin_channel,,https://x.com/HoldCoinGo,,,2026-09-02,,31163,9430,1,31163,,dyor.io gramnews-apps gramnews-q3-2026,HoldCoin is an app for earning by holding tokens.
farming,57,Vertus,vertus,active,1,1,mau,https://t.me/the_vertus,,https://x.com/the_vertus,https://,,,,30869,,,30869,,dyor.io gramnews-apps gramnews-q3-2026 ton.app,
farming,58,Match money game,match-money-game,active,1,1,mau,,,,,,,,29231,,,29231,,dyor.io gramnews-apps gramnews-q3-2026,Match money game
farming,59,WeMine,wemine,active,1,1,mau,,,,,,,,27908,,,27908,,dyor.io gramnews-apps gramnews-q3-2026,WeMine - mining accessible to everyone.
farming,60,ToON Nation,toon-nation,active,1,1,telegram,https://t.me/toonorgnews,,https://x.com/toon_nation_app,,,,,27879,27879,10,,,dyor.io gramnews-apps gramnews-q3-2026,
farming,61,TON Map,ton-map,active,1,1,telegram,https://t.me/tonmap,,https://x.com/thetonmap,https://tonmap.app,https://github.com/OtherVerse,2026-09-30,2024-09-27,27682,27682,22,,,dyor.io gramnews-apps gramnews-q3-2026 ton-society-ecosystem-map,TON Map — digital real estate on the Telegram map
farming,62,Lovely Legends,lovely-legends,active,1,1,mau,,,https://x.com/LovelyLegends_,,,,,26937,,,26937,,dyor.io gramnews-apps gramnews-q3-2026,
farming,63,PhysicalDoge Airdrop,physicaldoge-airdrop,active,1,1,mau,,,https://x.com/physicaldoge,,,,,26925,,,26925,,dyor.io gramnews-apps gramnews-q3-2026,
farming,64,RetroBit,retrobit,active,1,1,telegram,https://t.me/retro_bit,,https://x.com/retrobit_game,https://ston.fi,https://github.com/ston-fi,2026-09-30,2026-09-30,26292,26292,99,,,dyor.io gramnews-apps gramnews-feed gramnews-q3-2026,
farming,65,TonPrison,tonprison,active,1,1,telegram+mau,https://t.me/tonprisonnews,,https://x.com/tonprison,,,,,26230,26230,16,12656,,dyor.io gramnews-apps gramnews-q3-2026 ton-society-ecosystem-map,
farming,66,The Exiles,the-exiles,active,1,1,telegram,https://t.me/shelterofexiles,,https://x.com/Play_SoE,,,2026-09-30,,24939,24939,49,,,dyor.io gramnews-apps gramnews-q3-2026,
farming,67,Piggy Bank,piggy-bank,active,1,1,mau,,,,https://taddy.pro/piggybankgamebot,,,,24422,,,24422,,dyor.io gramnews-apps gramnews-q3-2026,
farming,68,FreeDogs,freedogs,active,1,1,mau,,,https://x.com/thefreedogs_bot,,,,,22385,,,22385,,dyor.io gramnews-apps gramnews-q3-2026,
farming,69,TOXIC X GAME,toxic-x-game,active,1,1,telegram,https://t.me/toxic_x_official,,https://x.com/toxic_x_squad,,,2026-09-29,,21198,21198,24,,,dyor.io gramnews-apps gramnews-q3-2026,
farming,70,GOATS,goats,active,1,1,mau,https://t.me/realgoats_channel,,https://x.com/goats_immortal,,https://github.com/coincraze-Labs,,2024-09-30,20799,,,20799,,dyor.io gramnews-apps gramnews-q3-2026,
farming,71,Ton Galaxy,ton-galaxy,active,1,1,mau,https://t.me/tongalaxy_official,,https://x.com/tongalaxy_com,https://tongalaxy.com,,,,20433,,,20433,,dyor.io gramnews-apps gramnews-q3-2026,Ton Galaxy is a Telegram game for battles and earning rewards.
farming,72,PEPE Miner Bot,pepe-miner-bot,active,1,1,mau,https://t.me/pepe_miner_community,,https://x.com/ArcadiaWeb3_0,https://www.arcadiaweb3.net/,,,,18930,,,18930,,dyor.io gramnews-apps gramnews-q3-2026,PEPE Miner Bot - a tap-to-earn game with withdrawals.
farming,73,CatsDogs,catsdogs,active,1,1,mau,https://t.me/catsdogs_community,,https://x.com/cats_dogs_game,,,,,16683,,,16683,,dyor.io gramnews-apps gramnews-q3-2026,"Join the most kind battle of the world, get some $FOOD for Dogs or Cats!"
farming,74,MineX,minex-6zce1b,active,1,1,mau,https://t.me/minex_ru,,https://x.com/minexton_bot,,,,,16423,,,16423,,dyor.io gramnews-apps gramnews-q3-2026,
farming,75,MONEY DOGS,money-dogs,active,1,1,mau,https://t.me/moneydogs_community,,https://x.com/MoneyDogs_house,,,,,15754,,,15754,,dyor.io gramnews-apps gramnews-q3-2026,
farming,76,Dig It - Play For Gold,dig-it,active,1,1,mau,,,,,,,,14719,,,14719,,2025-ton-cis-hub gramnews-apps gramnews-q3-2026,Dig It - Play For Gold is a game where you dig for $NUGS.
farming,77,Kiwi Coin,kiwi-coin,active,1,1,mau,,,,,,,,14667,,,14667,,dyor.io gramnews-apps gramnews-q3-2026,
farming,78,Banana,banana-2,active,1,1,mau,https://t.me/banana_update,https://t.me/BananaStarsBot,https://x.com/thebananagameee,https://banana.marusinohome.ru,,,,13139,,,13139,,dyor.io gramnews-apps gramnews-q3-2026 ton.app,
farming,79,Money Garden AI,money-garden-ai,active,1,1,telegram,https://t.me/moneygardenai_ann,,https://x.com/moneygardenai,,,2026-09-30,,13063,13063,570,,,2024-05-coin98-games dyor.io gramnews-apps gramnews-q3-2026,
farming,80,RollerTap,rollertap,active,1,1,mau,,,https://x.com/rollercoin_com,,,,,12409,,,12409,,dyor.io gramnews-apps gramnews-q3-2026,
farming,81,Capybara MEME,capybara-meme,active,1,1,mau,https://t.me/capybara_meme_official,,https://x.com/meme_capybara,https://arbitragescanner.io/,,,,12230,,,12230,,dyor.io gramnews-apps gramnews-q3-2026,Capybara MEME is a Telegram game for earning $TON rewards.
farming,82,Gemz,gemz,active,1,1,mau,,,https://x.com/Gemzcoins,,,,,12074,,,12074,,dyor.io gramnews-apps gramnews-q3-2026,
farming,83,BlockSpinGaming,blockspingaming-gxf2bu,active,1,1,telegram,https://t.me/blockspingamingann,,https://x.com/blockspingaming,https://blockspingaming.com/,,2026-09-30,,11774,11774,90,,,dyor.io gramnews-apps gramnews-q3-2026,
farming,84,Acki Nacki,acki-nacki,active,1,1,mau,,,https://x.com/ackinackichain,,,,,11435,,,11435,,dyor.io gramnews-apps gramnews-q3-2026,
farming,85,OKX Racer,okx-racer,active,1,1,mau,,,,,,,,11258,,,11258,,dyor.io gramnews-apps gramnews-q3-2026,
farming,86,HEXNIO App,hexnio-app,active,1,1,mau,https://t.me/hexnio,,https://x.com/hexn_io,https://hexn.io/sign-up,,,,11134,,,11134,,dyor.io gramnews-apps gramnews-q3-2026,HEXNIO App — a farm and trading bot for TON
farming,87,#TotalHash,totalhash,active,1,1,mau,https://t.me/totalhashcommunity,,,,,,,11105,,,11105,,dyor.io gramnews-apps gramnews-q3-2026,
farming,88,Happy Farmer,happy-farmer,active,1,1,telegram+mau,https://t.me/happyfarmer_official,https://t.me/happyfarmergamebot,https://x.com/cropandrob,,,2026-09-27,,10808,9869,6,10808,,dyor.io gramnews-apps gramnews-q3-2026,
farming,89,Step2Earn,step2earn,active,1,1,telegram,https://t.me/step2earn_news,,,https://step2earn.app,,2026-09-30,,10658,10658,157,,,gramnews-apps gramnews-q3-2026 ton.app,Step2Earn – an app that awards points for real steps and lets you exchange them for GRAM inside Telegram.
farming,90,Dogiators,dogiators,active,1,1,mau,,,,,,,,10606,,,10606,,dyor.io gramnews-apps gramnews-q3-2026,A Telegram fighting game where players battle each other and explore dungeons.
farming,91,TON City,ton-city,active,1,1,telegram+mau,https://t.me/toncity_hq,,https://x.com/toncity_hq,https://toncity.io,,2026-09-21,,10421,6455,6,10421,,dyor.io gramnews-apps gramnews-q3-2026,
farming,92,Sociafober,sociafober,active,1,1,telegram,https://t.me/sociafober,,https://x.com/sociafober,https://sociafober.me,,2026-09-23,,9354,9354,24,,,dyor.io gramnews-apps gramnews-q3-2026,
farming,93,MOON App,moon-app,active,1,1,telegram,https://t.me/moon1app,https://t.me/moons_so_bot,https://x.com/EntertaimentCGS,,,2026-09-01,,8998,8998,20,,,2025-07-ton-cis-hub-q2 2025-ton-cis-hub dyor.io gramnews-apps gramnews-q3-2026 ton.app,
farming,94,GRAND BANG,grand-bang,active,1,1,telegram,https://t.me/thegrandbang,,https://x.com/grandbanger,https://grandbang.space/,,2026-09-30,,8892,8892,256,,,dyor.io gramnews-apps gramnews-q3-2026,"Space agency simulator: rocket launches, resource mining, item crafting"
farming,95,Aura Network,aura-network,active,1,1,telegram,https://t.me/auraanetwork,https://t.me/auraxcryptobot,https://x.com/auraAnetwork,,,2026-09-23,,8816,8816,13,,,dyor.io gramnews-apps gramnews-q3-2026 ton.app,
farming,96,NotBitCoin Bot,notbitcoin-bot,active,1,1,telegram,https://t.me/notbitco_in,,https://x.com/notbitco_in,https://notbitco.in,,2026-09-03,,8563,8563,4,,,dyor.io gramnews-apps gramnews-q3-2026,
farming,97,Nomis App,nomis-app,active,1,1,telegram,https://t.me/nomis_protocol,,https://x.com/0xNomis,https://Nomis.cc,,2026-07-29,,7720,7720,1,,,2025-07-ton-cis-hub-q2 2025-ton-cis-hub dyor.io gramnews-apps gramnews-q3-2026,
farming,98,Spin Town,spin-town,active,1,1,telegram,https://t.me/spintownofficial,,https://x.com/spintownbot,,,2026-09-29,,6876,6876,92,,,dyor.io gramnews-apps gramnews-q3-2026,
farming,99,BillyBob,billybob,active,1,1,telegram,https://t.me/billybobofficial,,https://x.com/billybob_game,https://nftkeeper.org/,,2026-07-17,,4580,4580,1,,,dyor.io gramnews-apps gramnews-q3-2026,
farming,100,Dakecoin,dakecoin,active,1,1,telegram,https://t.me/dake_coin,,https://x.com/thedakecoin,,,2026-08-02,,3135,3135,4,,,dyor.io gramnews-apps gramnews-q3-2026,
farming,101,Sabai Tapai,sabai-tapai,active,1,1,telegram,https://t.me/sabaiecoverse,,https://x.com/sabaiecoverse,https://sabaiprotocol.com/solution,,2026-08-25,,1441,1441,4,,,dyor.io gramnews-apps gramnews-q3-2026,Sabai Tapai — a tap-to-earn game with earning opportunities
farming,102,brrrrr game,brrrrr-game,active,1,1,telegram,https://t.me/brrrrren,,,,,2026-08-23,,1320,1320,1,,,dyor.io gramnews-apps gramnews-q3-2026,
farming,103,ArtiTap,artitap,active,1,1,telegram,https://t.me/artitap,,,https://Artitap.com,,2026-09-04,,352,352,1,,,dyor.io gramnews-apps gramnews-q3-2026,ArtiTap is a Web3 clicker RPG with NFT and cryptocurrency elements.
farming,104,BFDCoin,bfdcoin,active,1,1,telegram,https://t.me/bfd_coin,,https://x.com/BFDCoin,https://presale.bfdcoin.org,,2026-09-18,,322,322,11,,,dyor.io gramnews-apps gramnews-q3-2026,
farming,105,PROBULL PLAY AND EARN,probull-play-and-earn,active,1,1,telegram,https://t.me/gamebulls,,,,,,,281,281,3,,,dyor.io gramnews-apps gramnews-q3-2026,
farming,106,OinkCoin,oinkcoin,active,1,1,telegram,https://t.me/oinkcoinchannel,,https://x.com/oinkcoin_,https://oinkcoin.org,,2026-09-04,,197,197,2,,,dyor.io gramnews-apps gramnews-q3-2026,
farming,107,Farm World,farm-world,active,1,1,telegram,https://t.me/farmworldton,,https://x.com/farm_world_tg,,,2026-09-29,,133,133,1,,,2024-05-coin98-games dyor.io gramnews-apps gramnews-q3-2026,
farming,108,Notcoin Inu,notcoin-inu,active,1,1,telegram,https://t.me/notcoininu_news,,https://x.com/NotcoinInu_TON,,,2026-09-18,,11,11,1,,,dyor.io gramnews-apps gramnews-q3-2026,
farming,109,4EVERLAND Bot,4everland-bot,active,0,,telegram,https://t.me/Announcements4EVERLAND,https://t.me/tg_4everland_bot,https://x.com/4everland_org,,https://github.com/4everland,2026-09-23,2026-09-09,13068,13068,7,10147,,dyor.io gramnews-apps,
farming,110,CryptoRank,cryptorank,active,0,,mau,,https://t.me/cryptorank_app_bot,,https://cryptorank.io/ico/cooking-city,,,,10003,,,10003,,dyor.io gramnews-apps,CryptoRank — a bot for earning rewards by completing tasks
farming,111,WEB3 Portal,web3portal,active,0,,telegram,https://t.me/tondnsweb3,https://t.me/tondnsclub,https://x.com/web3tondns,,,2026-09-26,,6956,6956,31,,,dyor.io gramnews-apps,
farming,112,Bullish Farm Game,bullish-farm-game,active,0,,,,https://t.me/bullishfarmbot,https://x.com/bullishfarmgame,,,,,2423,,,2423,,dyor.io gramnews-apps,
farming,113,TapOk Space,tapok-space,active,0,,gramnews,,https://t.me/tapokspace_bot,,https://dexscreener.com/ton/eqc0ocg895i5hqqa2opwsh8x7zbreujt-xmmcqspliztlwez,,,,,,,2101,,dyor.io gramnews-apps gramnews-feed,
farming,114,Flagship Crypto,flagship-crypto,active,0,,telegram,https://t.me/flagship_announcements,https://t.me/Flagshipfyibot,https://x.com/FlagshipFYI,https://flagship.fyi,,2026-07-02,,746,746,1,15058,,dyor.io gramnews-apps ton.app,Flagship Crypto — a mini app for gaming and earning $FYI tokens
farming,115,Pleasure Quest,pleasure-quest,active,0,,telegram,https://t.me/pleasure_quest,https://t.me/PleasureQuest_bot,https://x.com/Pleasure_PLQT,https://questpl.com,,2026-09-01,,342,342,3,11705,,dyor.io gramnews-apps,Pleasure Quest — a tap-to-earn game with monthly token airdrops
farming,116,Terminus Coin Drop,terminus-coin-drop,active,0,,telegram,https://t.me/terminusdex,https://t.me/terminuscoinbot,https://x.com/TerminusFinance,https://terminus.finance,https://github.com/TerminusFinance,2026-09-26,2026-06-06,10,10,1,453,,dyor.io gramnews-apps,Terminus Coin Drop — TON token airdrop
farming,117,MemeFi Coin,memefi-coin,quiet,0,,,,https://t.me/memefi_coin_bot,https://x.com/CrgCalls,,,,,,,,17105319,,dyor.io gramnews-apps,"MemeFi Coin — a mini app with earning, items, collections and giveaways; the project channel has sold usernames on Fragment since May 2026."
farming,118,Frutoncrypto,frutoncrypto,quiet,0,,,https://t.me/frutoncrypto,https://t.me/frutoncrypto_bot,https://x.com/Pleasure_PLQT,,,,,,,,584839,,dyor.io gramnews-apps,A Telegram game where you shake your smartphone to earn crystals and frucoins.
farming,119,Farm TON,farm-ton,quiet,0,,,,https://t.me/yourfarmton_bot,,,,,,,,,239565,,dyor.io gramnews-apps,
farming,120,Cosmo Miner,cosmo-miner,quiet,0,,,https://t.me/cosmominer,https://t.me/cosmominerrobot,,,,,,,,,125237,,dyor.io gramnews-apps,
farming,121,Cutlet Tap,cutlet-tap,quiet,0,,,,https://t.me/cutlet_tap_bot,https://x.com/cutlet_tap,,,,,,,,117543,,dyor.io gramnews-apps,
farming,122,pixelxfarm_bot,pixelxfarm-bot,quiet,0,,,https://t.me/pixelxfarm,https://t.me/pixelxfarm_bot,https://x.com/PixelXFarm,,,,,,,,64473,,dyor.io gramnews-apps,Pixel X Farm is a Telegram mini app for a farming game.
farming,123,AlayaAI,alayaai,quiet,0,,,https://t.me/Alaya_AI,https://t.me/alayai_ai_bot,,,,,,,,,54918,,dyor.io gramnews-apps,AlayaAI is a product where users earn Tokens by performing AI training annotation tasks.
farming,124,Moewbie,moewbie,quiet,0,,,,https://t.me/moewbietapbot,https://x.com/0xMoewbie,,,,,,,,48661,,dyor.io gramnews-apps,Moewbie is a tap-to-earn game where users adopt cats and earn.
farming,125,Upayworld Airdrop,upayworld-airdrop,quiet,0,,,,https://t.me/upayworldairdropbot,,,,,,,,,39001,,dyor.io gramnews-apps,
farming,126,FastX,fastx,quiet,0,,,,https://t.me/fastxparkingbot,https://x.com/FastXParking,,,,,,,,33527,,dyor.io gramnews-apps,FastX is a free play-to-earn game where you can earn token rewards by parking your car.
farming,127,Nexus,nexus,quiet,0,,,,https://t.me/nexusportalbot,https://x.com/ioneoki,https://Neoki.io,,,,,,,33207,,dyor.io gramnews-apps,"Nexus is a metaverse for virtual life, land ownership, and earning."
farming,128,TapCrystal,tapcrystal,quiet,0,,,https://t.me/tapcrystal,https://t.me/tapcrystalbot,https://x.com/Tap_Crystal,,,,,,,,28729,,dyor.io gramnews-apps,
farming,129,StewieQuest,stewiequest,quiet,0,,,https://t.me/donotgame,https://t.me/stewiequestbot,,,,,,,,,27993,,dyor.io gramnews-apps,"StewieQuest is a Telegram game where you earn coins, upgrade energy, and unlock auto-tap bots."
farming,130,BLOCK,block,quiet,0,,,https://t.me/block_en_community,https://t.me/block_app_bot,,,,,,,,,27078,,dyor.io gramnews-apps,"Stack blocks, mine $BLOCK coins."
farming,131,ZombieSquad,zombiesquad,quiet,0,,,,https://t.me/zombiesquadbot,https://x.com/zombiesquad_ai,,,,,,,,21285,,dyor.io gramnews-apps,"ZombieSquad is a survival game in a post-apocalyptic world, featuring AI girlfriend care and airdrop collection."
farming,132,TMNT Game,tmnt-game,quiet,0,,,https://t.me/ime_en,https://t.me/tmnt_crypto_bot,https://x.com/iMePlatform,https://www.imem.app/,https://github.com/imemessenger,,2025-03-18,,,,20066,,dyor.io gramnews-apps,A tap-to-earn game in the Teenage Mutant Ninja Turtles universe.
farming,133,Changpeng Zhao Airdrop,changpeng-zhao-airdrop,quiet,0,,,,https://t.me/changpengzhaoairdropbot,,,,,,,,,19816,,dyor.io gramnews-apps,
farming,134,Ordeez Airdrop,ordeez-airdrop,quiet,0,,,,https://t.me/ordeezairdropbot,https://x.com/EFM_TON,,,,,,,,18881,,dyor.io gramnews-apps,
farming,135,Music,music,quiet,0,,,https://t.me/tonmusiccommunity,https://t.me/ton_music_bot,https://x.com/ton_music_x,,,,,,,,17364,,dyor.io gramnews-apps,
farming,136,CELL Wallet,cell-wallet,quiet,0,,,https://t.me/cell_news,https://t.me/cellcoin_bot,https://x.com/kirillzzy,,,,,,,,15436,,dyor.io gramnews-apps,
farming,137,FARM CLICKER,farm-clicker,quiet,0,,,,https://t.me/clicker_farm_bot,https://x.com/clickerfarm,https://clicker.farm,https://github.com/clickerspace,,2025-05-31,,,,14114,,dyor.io gramnews-apps,
farming,138,EasyPeasyBot,easypeasybot,quiet,0,,,,https://t.me/easypeasylemon_bot,,,,,,,,,13434,,dyor.io gramnews-apps,
farming,139,XYRO PORTAL,xyro-portal,quiet,0,,,https://t.me/xyro_io,https://t.me/xyroportalbot,https://x.com/xyro_io,https://xyro.io,,,,,,,12732,,dyor.io gramnews-apps,XYRO PORTAL — a gamified crypto trading platform with game mechanics
farming,140,DuppiCOIN,duppicoin-fim19z,quiet,0,,,https://t.me/duppicommunity,https://t.me/DuppiCoinUz_bot,https://x.com/BlockCardTON,https://blockcardweb.web.app/,,,,,,,12434,,dyor.io gramnews-apps,
farming,141,Mono Farm🍀,mono-farm,quiet,0,,,https://t.me/MonoFarmCN,https://t.me/MonoFarmBot,https://x.com/Glow_Stories,,,,,,,,12148,,dyor.io gramnews-apps,
farming,142,Water Tap,water-tap,quiet,0,,,,https://t.me/watertaps_bot,,,,,,,,,11806,,dyor.io gramnews-apps,
farming,143,tapNonce,tapnonce,quiet,0,,,https://t.me/tapNonce,https://t.me/tapnonce_bot,https://x.com/tapnonce,,,,,,,,11720,,dyor.io gramnews-apps,
farming,144,MissCharm Tap,misscharm-tap,quiet,0,,,,https://t.me/miss_charm_bot,,,,,,,,,11698,,dyor.io gramnews-apps,
farming,145,TON Walk App,ton-walk-app,quiet,0,,,https://t.me/tonwalk,https://t.me/tonwalk_bot,,https://tonwalk.com,https://github.com/tonwalk,,,,,,11636,,dyor.io gramnews-apps ton-society-ecosystem-map,
farming,146,TonBitcoin Mine-2-Earn,tonbitcoin-mine-2-earn,quiet,0,,,https://t.me/ton4btc,https://t.me/tBTCminer_bot,https://x.com/_tbtc,,,,,,,,11624,,dyor.io gramnews-apps,
farming,147,SAVE Trump Tap,save-trump-tap,quiet,0,,,https://t.me/steamify,https://t.me/savetrump_bot,https://x.com/steamify_io,https://steamify.io/topup,,,,,,,11482,,dyor.io gramnews-apps,
farming,148,SMOKE Airdrop,smoke-airdrop,quiet,0,,,,https://t.me/smokesolbot,https://x.com/smoke_solana,,,,,,,,11481,,dyor.io gramnews-apps,
farming,149,Sizu Network Game,sizu-network-game,quiet,0,,,,https://t.me/sizucoin_bot,,https://pyramida.app,,,,,,,11345,,dyor.io gramnews-apps,
farming,150,SPLASH App,splash-app,quiet,0,,,,https://t.me/splashapp_bot,,,,,,,,,11343,,dyor.io gramnews-apps,
farming,151,HABIT Farming,habit-farming,quiet,0,,,,https://t.me/habitnetwork_bot,https://x.com/0xHabitNetwork,https://virtuals.io/,,,,,,,11270,,dyor.io gramnews-apps,HABIT Farming — app to earn rewards by interacting with an AI agent
farming,152,MrGem,mrgem,quiet,0,,,https://t.me/mrgem_official,https://t.me/mestergem_bot,,https://mrgem.io/blog/,,,,,,,11126,,dyor.io gramnews-apps,MrGem — a marketplace for in-game items and gift cards
farming,153,Tonshi,tonshi,quiet,0,,,https://t.me/Tonshi_news,https://t.me/officialtonshi_bot,https://x.com/Tonshi_2024,,https://github.com/TonShipCom,,2024-03-27,,,,11122,,2024-06-ton-degen dyor.io gramnews-apps ton-society-ecosystem-map,
farming,154,Pixie,pixie,quiet,0,,,https://t.me/pixiecm,https://t.me/pixie_project_bot,,,,,,,,,11057,,dyor.io gramnews-apps,
farming,155,PET TAP TAP,pet-tap-tap,quiet,0,,,,https://t.me/pettaptap_bot,https://x.com/pet_tap_tap,,https://github.com/OGenLab/Thero1,,,,,,10953,,dyor.io gramnews-apps,
farming,156,Crypto Millionaire Bot,crypto-millionaire-bot,quiet,0,,,,https://t.me/cryptomillionaireapp_bot,https://x.com/MEMEOW_IO,,,,,,,,10932,,dyor.io gramnews-apps,
farming,157,Lizarts World,lizarts-world,quiet,0,,,,https://t.me/lizartsworld_bot,https://x.com/lizarts_nft,,,,,,,,10805,,dyor.io gramnews-apps,Adventure game with farming and roulette elements for lizards
farming,158,Nistap fun and earn,nistap-fun-and-earn,quiet,0,,,,https://t.me/nistap_bot,,,,,,,,,10740,,dyor.io gramnews-apps,
farming,159,NASDUCK,nasduck,quiet,0,,,,https://t.me/nasduck_official_bot,,,,,,,,,10732,,dyor.io gramnews-apps,
farming,160,Ancestral Land,ancestral-land,quiet,0,,,https://t.me/ancestralland,https://t.me/ancestrallandbot,https://x.com/Ancestral_Land,https://ancestral-landing.vercel.app,,,,,,,10702,,dyor.io gramnews-apps,A tap-to-earn game with farming and NFTs
farming,161,Pixiland,pixiland,quiet,0,,,https://t.me/pixilandofficial,https://t.me/pixiland_bot,https://x.com/pixilandsocial,https://pixiland.app,,,,,,,10679,,dyor.io gramnews-apps,Pixiland — a farming game with strategy and racing elements
farming,162,Gold Miner,gold-miner,quiet,0,,,,https://t.me/tongoldminer_bot,https://x.com/tongoldminer,,,,,,,,10664,,dyor.io gramnews-apps,
farming,163,Cephei Bot,cephei-bot,quiet,0,,,https://t.me/cephei_fi,https://t.me/cephei_fi_bot,https://x.com/cephei_fi,,,,,,,,10601,,dyor.io gramnews-apps,
farming,164,Neuron,neuron,quiet,0,,,https://t.me/iamneuron,https://t.me/iamneuron_bot,,,,,,,,,10601,,dyor.io gramnews-apps,
farming,165,Save Question,save-question,quiet,0,,,,https://t.me/savequestion_bot,,,,,,,,,10595,,dyor.io gramnews-apps,
farming,166,Tap Cat Bot,tap-cat-bot,quiet,0,,,,https://t.me/app_tap_cat_bot,https://x.com/CatTapCoin,,,,,,,,10590,,dyor.io gramnews-apps,
farming,167,BAYC Miner,bayc-miner,quiet,0,,,https://t.me/bayc_miner,https://t.me/btokminerbot,https://x.com/BaycCto,,https://github.com/orgs/Fonates,,,,,,10587,,dyor.io gramnews-apps,
farming,168,Alpha TON,alpha-ton,quiet,0,,,,https://t.me/alphatongame_bot,https://x.com/AlphaTONCrypto,https://www.tiktok.com/@al,,,,,,,10581,,dyor.io gramnews-apps,Alpha TON — a social clicker for earning
farming,169,KISMI.APP,kismi-app,quiet,0,,,https://t.me/kismiapp,https://t.me/kismiapp_bot,https://x.com/kismiapp,https://kismi.app/,,,,,,,10535,,dyor.io gramnews-apps ton.app,KISMI.APP — a dice-rolling game mini app with winnable rewards
farming,170,MOON TOKEN MINING,moon-token-mining,quiet,0,,,,https://t.me/moon_tokenmining_bot,https://x.com/MOONTOKENMINING,https://github.com/VirtualsWorlds,https://github.com/VirtualsWorlds,,2024-05-17,,,,10534,,dyor.io gramnews-apps,
farming,171,Not Panda Bot,not-panda-bot,quiet,0,,,,https://t.me/not_panda_bot,,,,,,,,,10532,,dyor.io gramnews-apps,
farming,172,Iceberg,iceberg-oav4it,quiet,0,,,https://t.me/icebergen,https://t.me/icebergappbot,https://x.com/0xiceberg_com,https://0xiceberg.com/,,,,,,,10491,,dyor.io gramnews-apps,
farming,173,Buffy Drop,buffy-drop,quiet,0,,,,https://t.me/buffydropbot,https://x.com/BuffyDrop,,,,,,,,10455,,dyor.io gramnews-apps,
farming,174,MoonDrops,moondrops,quiet,0,,,,https://t.me/moondropsggbot,,,,,,,,,10448,,dyor.io gramnews-apps,
farming,175,TON Start Earn XP,ton-start-earn-xp,quiet,0,,,,https://t.me/tonstartbot,,,,,,,,,10440,,dyor.io gramnews-apps,
farming,176,Ballz of Steel,ballz-of-steel,quiet,0,,,https://t.me/ballzgametg,https://t.me/ballzofsteelbot,https://x.com/theballzgame,https://chainaware.ai/,,,,,,,10422,,dyor.io gramnews-apps,
farming,177,Cat Gold Miner,cat-gold-miner,quiet,0,,,,https://t.me/catgoldminerbot,https://x.com/catgoldminer,,,,,,,,10400,,2024-05-coin98-games 2024-06-ton-degen dyor.io gramnews-apps,
farming,178,ONUS Tap Tap Tap,onus-tap-tap-tap,quiet,0,,,,https://t.me/onus_tap_tap_tap_bot,https://x.com/ONUSFinance,,,,,,,,10348,,dyor.io gramnews-apps,
farming,179,Gold Tap Tap,gold-tap-tap,quiet,0,,,https://t.me/goldtaptap,https://t.me/gold_tap_tap_bot,https://x.com/goldtaptap,,,,,,,,10345,,dyor.io gramnews-apps,
farming,180,TapTrend,taptrend,quiet,0,,,,https://t.me/taptrendbot,,,,,,,,,10345,,dyor.io gramnews-apps,
farming,181,Satoshi Game,satoshi-game,quiet,0,,,https://t.me/satoshi_game_news,https://t.me/satoshi_game_bot,https://x.com/tonstarsapp,,,,,,,,10287,,dyor.io gramnews-apps,
farming,182,DFTap,dftap,quiet,0,,,,https://t.me/dftap_bot,,,,,,,,,10277,,dyor.io gramnews-apps,
farming,183,AAS TAP,aas-tap,quiet,0,,,,https://t.me/aastap2earnbot,https://x.com/toon_nation_app,,,,,,,,10267,,dyor.io gramnews-apps,
farming,184,OptimusX,optimusx,quiet,0,,,https://t.me/optimusx_official,https://t.me/Optimus_x_bot,https://x.com/optimusx_bot,https://optimusx.org/,,,,,,,10262,,gramnews-apps ton.app,
farming,185,EasyWatch,easywatch,quiet,0,,,https://t.me/blockcard_bc,https://t.me/eswatch_bot,https://x.com/blockcard_q,,,,,,,,10242,,dyor.io gramnews-apps,
farming,186,ELSE,else,quiet,0,,,,https://t.me/else_app_bot,,,,,,,,,10242,,dyor.io gramnews-apps,
farming,187,Tonoreum PoW & PoL,tonoreum-pow-pol,quiet,0,,,https://t.me/Tonoreum,https://t.me/Tonoreum_Bot,https://x.com/tonoreum,https://tonoreum.com/,,,,,,,10211,,dyor.io gramnews-apps ton.app,
farming,188,Tiger,tiger,quiet,0,,,,https://t.me/tigernetwork_bot,https://x.com/tigernetworkio,,,,,,,,10210,,dyor.io gramnews-apps,
farming,189,Qappi Miner,qappi-miner,quiet,0,,,https://t.me/qappi,https://t.me/qappiminerbot,https://x.com/weatherxm,,,,,,,,10208,,dyor.io gramnews-apps,
farming,190,Atleta TAP,atleta-tap,quiet,0,,,,https://t.me/atleta_tap_bot,https://x.com/AtletaTAP,,,,,,,,10207,,dyor.io gramnews-apps,
farming,191,Maybecoin,maybecoin,quiet,0,,,,https://t.me/maybecoin_officialbot,,https://alchemy.f2p.ms,,,,,,,10185,,dyor.io gramnews-apps,
farming,192,Ape Farm,ape-farm,quiet,0,,,,https://t.me/apefarm_bot,,,,,,,,,10167,,dyor.io gramnews-apps,
farming,193,Official Satoshi Miner,official-satoshi-miner,quiet,0,,,https://t.me/notTriton,https://t.me/satoshiminer_hq_bot,https://x.com/thetritonapp,,,,,,,,10163,,dyor.io gramnews-apps,
farming,194,Obix Power Tap,obix-power-tap,quiet,0,,,,https://t.me/obix_bot,https://x.com/ObixToken,,,,,,,,10153,,dyor.io gramnews-apps,
farming,195,Earth Coin,earth-coin,quiet,0,,,,https://t.me/earthcoinapp_bot,https://x.com/EarthNetworkio,,,,,,,,10123,,dyor.io gramnews-apps,
farming,196,Mine2Mine App,mine2mine-app,quiet,0,,,https://t.me/mine2mine_news,https://t.me/mine2mine_bot,,,,,,,,,10122,,dyor.io gramnews-apps,
farming,197,Oxygen Miner,oxygen-miner,quiet,0,,,https://t.me/oxygenminerchannel,https://t.me/oxygenminerbot,https://x.com/oxygen_miner,https://xp.network/,https://github.com/xp-network,,2025-02-07,,,,10107,,dyor.io gramnews-apps,
farming,198,TOM - The Open Meme,tom-the-open-meme,quiet,0,,,https://t.me/doges_ton,https://t.me/theopenmeme_bot,,,,,,,,,10107,,dyor.io gramnews-apps,
farming,199,TONIX App,tonix-app,quiet,0,,,,https://t.me/tonix_mining_bot,,,,,,,,,10094,,dyor.io gramnews-apps,
farming,200,Money Mining,money-mining,quiet,0,,,,https://t.me/money_mining_bot,,,,,,,,,10076,,dyor.io gramnews-apps,
farming,201,GoMint,gomint,quiet,0,,,,https://t.me/gomint_bot,,,,,,,,,10066,,dyor.io gramnews-apps,
farming,202,Pulse Bot,pulse-bot,quiet,0,,,https://t.me/PulseSocialGlobal,https://t.me/pulsesocial_bot,https://x.com/PulseSocialFi,,,,,,,,10066,,dyor.io gramnews-apps,"Pulse – a crypto wallet and rewards platform, discontinued 21 Aug 2026"
farming,203,Novas,novas,quiet,0,,,,https://t.me/xnovas_bot,https://x.com/the_novasapp,,,,,,,,10058,,dyor.io gramnews-apps,
farming,204,ZND Airdrop App,znd-airdrop-app,quiet,0,,,,https://t.me/znd_airdrop_app_bot,,,,,,,,,10058,,dyor.io gramnews-apps,
farming,205,Pikachu Tap,pikachu-tap,quiet,0,,,,https://t.me/pikachu_tap_bot,,,,,,,,,10054,,dyor.io gramnews-apps,
farming,206,Sunwaves Token,sunwaves-token,quiet,0,,,,https://t.me/sunwaves_token_bot,https://x.com/sunwaves_token,,,,,,,,10047,,dyor.io gramnews-apps,
farming,207,Miner Kombat,miner-kombat,quiet,0,,,https://t.me/miner_kombat,https://t.me/miner_kombat_bot,https://x.com/MinerKombat,,,,,,,,10045,,dyor.io gramnews-apps,
farming,208,Ton Flash,ton-flash,quiet,0,,,,https://t.me/tonflash_mine_bot,,,,,,,,,10044,,dyor.io gramnews-apps,
farming,209,BirdX Bot,birdx-bot,quiet,0,,,https://t.me/birdx_community,https://t.me/bird_x_app_bot,,,,,,,,,10039,,dyor.io gramnews-apps,
farming,210,Tongems0x Bot,tongems0x-bot,quiet,0,,,,https://t.me/tongems0x_bot,,,,,,,,,10022,,dyor.io gramnews-apps,
farming,211,Timecoin,timecoin,quiet,0,,,,https://t.me/timecoinbot,https://x.com/Timecoin_mine,,,,,,,,10021,,dyor.io gramnews-apps,
farming,212,MTK Clicker Mafia,mtk-clicker-mafia,quiet,0,,,,https://t.me/mtkbossbot,https://x.com/app_ikeeper,https://www.metatoken.gg,,,,,,,10020,,dyor.io gramnews-apps,
farming,213,TPIB Token,tpib-token,quiet,0,,,,https://t.me/tpibtap_bot,https://x.com/PiBridgeOrg,,,,,,,,10020,,dyor.io gramnews-apps,
farming,214,Lamaz bot Play Earn,lamaz-bot-play-earn,quiet,0,,,https://t.me/lamaz_official,https://t.me/cryptolamaz_bot,,,,,,,,,10016,,dyor.io gramnews-apps,
farming,215,Pulse AIRDROP,pulse-airdrop,quiet,0,,,,https://t.me/pulseairdropbot,,,,,,,,,8370,,dyor.io gramnews-apps,
farming,216,MemexZone,memexzone,quiet,0,,,,https://t.me/memexappbot,https://x.com/MemexZone,https://memex.zone,,,,,,,8347,,dyor.io gramnews-apps,
farming,217,CoinGEM Miner Game,coingem-miner-game,quiet,0,,,https://t.me/coingem_com,https://t.me/coinsgem_miner_bot,https://x.com/coingem_com,https://CoinGem.com,,,,,,,5205,,dyor.io gramnews-apps,
farming,218,Frog Farm,frog-farm,quiet,0,,,https://t.me/frogfarmceo,https://t.me/frogfarmbot,https://x.com/pet_tap_tap,,,,,,,,4627,,dyor.io gramnews-apps,
farming,219,CharacterX,characterx,quiet,0,,,,https://t.me/characterx_bot,https://x.com/unk_coin,https://unknown-coin.com,https://github.com/coin-unknown,,,,,,4388,,dyor.io gramnews-apps,
farming,220,GTon,gton,quiet,0,,,https://t.me/gtoncrypto,https://t.me/gtonapp_bot,,,,,,,,,3155,,dyor.io gramnews-apps,
farming,221,Radiogram,radiogram,quiet,0,,,,https://t.me/radiogrammbot,,,,,,,,,2380,,dyor.io gramnews-apps,
farming,222,AvanGifts,avangifts,quiet,0,,,https://t.me/avangifts_bot,,https://x.com/avanchange,https://avangifts.com/,,,,,,,1480,,dyor.io gramnews-apps ton.app,
farming,223,#HexMine,hexmine,quiet,0,,,https://t.me/hexminecoin,https://t.me/HexMine_bot,,,,,,,,,949,,dyor.io gramnews-apps,
farming,224,YN Promo app,yn-promo-app,quiet,0,,,,https://t.me/ynpromobot,,,,,,,,,798,,dyor.io gramnews-apps,
farming,225,Dust of the Moon Token Dispenser,dust-of-the-moon-token-dispenser,quiet,0,,,,https://t.me/dust_of_the_moon_bot,,,,,,,,,610,,dyor.io gramnews-apps,
farming,226,TonMoney Box,tonmoney-box,quiet,0,,,https://t.me/ton_moneybox,https://t.me/tonmoneybox_bot,,,,,,,,,535,,dyor.io gramnews-apps ton.app,
farming,227,XNX Crypto Clicker,xnx-crypto-clicker,quiet,0,,,,https://t.me/xnxcoin_bot,,,,,,,,,526,,dyor.io gramnews-apps,
farming,228,GobblUp,gobblup,quiet,0,,,,https://t.me/gobblupbot,https://x.com/gmgobbl,,,,,,,,481,,dyor.io gramnews-apps,
farming,229,Alpha World,alpha-world,quiet,0,,,https://t.me/alphaworldofficial,https://t.me/thealphaworld_bot,https://x.com/CryptoAlpha2025,,,,,,,,437,,dyor.io gramnews-apps,
farming,230,BABYTON,babyton,quiet,0,,,https://t.me/babyyton,https://t.me/babytonmining_bot,https://x.com/babiytonn,,,,,,,,378,,dyor.io gramnews-apps,
farming,231,GVWS,gvws,quiet,0,,,https://t.me/tecteam,https://t.me/gvws_bot,https://x.com/tecteam_,,,,,,,,296,,2025-07-ton-cis-hub-q2 2025-ton-cis-hub dyor.io gramnews-apps ton.app,
farming,232,Tea Farm,tea-farm,quiet,0,,,,https://t.me/teafarmtownbot,https://x.com/teafarmtown,,,,,,,,296,,dyor.io gramnews-apps,
farming,233,Tap Goose Adventure,tap-goose-adventure,quiet,0,,,,https://t.me/tap_igoose_bot,,,,,,,,,228,,dyor.io gramnews-apps,
farming,234,Checkiton,checkiton,quiet,0,,,,https://t.me/checkitonbot,,,,,,,,,212,,dyor.io gramnews-apps,
farming,235,SQUID TON,squid-ton,quiet,0,,,https://t.me/ChannelPays,https://t.me/SQUIDTONGAMES_bot,https://x.com/squidton,,,,,,,,166,,dyor.io gramnews-apps,
farming,236,ChallenQuizBot,challenquizbot,quiet,0,,,,https://t.me/challenquizbot,https://x.com/zggycoin,,,,,,,,162,,2024-05-coin98-games dyor.io gramnews-apps,
farming,237,The Caps,the-caps,quiet,0,,,,https://t.me/the_caps_bot,https://x.com/The_Caps_Game,,,,,,,,124,,dyor.io gramnews-apps,
farming,238,Vending Coin ($VNDG),vending-coin-vndg,quiet,0,,,https://t.me/VNDG_COIN,https://t.me/VNDG_COIN_BOT,https://x.com/VNDG_COIN,https://vndg.world/,https://github.com/Vending-Coin/vending-coin.github.io,,,,,,118,,dyor.io gramnews-apps,
farming,239,TonzCoin,tonzcoin,quiet,0,,,https://t.me/TonzCoin,https://t.me/tonzcoin_bot,https://x.com/tonzcoin,https://testnet.scaleton.co,,,,,,,109,,dyor.io gramnews-apps,
farming,240,APO11O,apo11o,quiet,0,,,https://t.me/apo11ocomm,https://t.me/apo11_bot,,,,,,,,,82,,dyor.io gramnews-apps,
farming,241,RocketTON,rocketton,quiet,0,,,https://t.me/rocketton_official,https://t.me/getyourrocketbot,https://x.com/RocketTONApp,https://rocketton.com,,,,65,,,65,,dyor.io gramnews-apps,A play-to-earn game where you launch a rocket and must stop it before it crashes
farming,242,Chain Bunny Inc.,chain-bunny-inc,quiet,0,,,https://t.me/ChainBunny,https://t.me/ChainBunnyBot,https://x.com/chainbunnyinc,https://chainbunny.site,,,,,,,64,,dyor.io gramnews-apps,Chain Bunny Inc. — a game where you can earn cryptocurrency
farming,243,Me Earn,me-earn,quiet,0,,,https://t.me/architecton_tech,https://t.me/meearn_bot,https://x.com/meearn_club,https://architecton.tech/,,,,,,,9,,dyor.io gramnews-apps,
farming,244,Pulse,pulse,quiet,0,,,https://t.me/PulseTokenOfficial,https://t.me/PulseToken_bot,https://x.com/whalegames_en,,,,,,,,9,,dyor.io gramnews-apps,
farming,245,$FNOT 13:12,fnot-13-12,quiet,0,,,https://t.me/stonfidex,https://t.me/notcoin_core_stat_bot,https://x.com/ston_fi,https://app.ston.fi/pools/EQCZBmf0ijfNqZo09OkMty9Kz0xywgbqSe2ncM4xBnGXR8XI,https://github.com/ston-fi,,2026-09-30,,,,,,dyor.io gramnews-apps,$FNOT 13:12 — a game where users can earn a fake token
farming,246,30sec CASUAL,30sec-casual,quiet,0,,,,https://t.me/casual30sec_bot,https://x.com/30sec_yet,https://30sec.net/,,,,,,,,,dyor.io gramnews-apps,
farming,247,ABT Miner,abt-miner,quiet,0,,,https://t.me/durevvpn,https://t.me/aibetradecombot,,https://durevpn.com/,,,,,,,,,dyor.io gramnews-apps,
farming,248,AI Sketch Art,ai-sketch-art,quiet,0,,,https://t.me/sketchartai_ann,https://t.me/tgshopsbuilderbot,https://x.com/SketchArtAI,https://www.sketchart.ai/,https://github.com/sketchartai,,,,,,,,dyor.io gramnews-apps ton.app,
farming,249,Airdrop Express,airdrop-express,quiet,0,,,,https://t.me/beeton_kriptohalva_bot,https://x.com/BRC20Chat,,,,,,,,,,dyor.io gramnews-apps,
farming,250,AskTon,askton,quiet,0,,,,https://t.me/Directual_bot,https://x.com/directual,,,,,,,,,,gramnews-apps ton.app,
farming,251,bemo The Raffle,bemo-raffle-bot,quiet,0,,,,https://t.me/bemo_raffle_bot,,https://app.bemo.finance,,,,,,,,,gramnews-apps,
farming,252,CrossFi Tap,crossfi-tap,quiet,0,,,,https://t.me/xficonsolebot,https://x.com/Hamsterdam_ton,https://test.xficonsole.com,,,,,,,,,dyor.io gramnews-apps,
farming,253,Crypto Fox Lab,crypto-fox-lab,quiet,0,,,https://t.me/CryptoFoxLab,https://t.me/cryptofoxlab_bot,,,,,,,,,,,dyor.io gramnews-apps,
farming,254,Crypto Mason Game,crypto-mason-game,quiet,0,,,https://t.me/cryptomasonsru,https://t.me/masson_game_bot,https://x.com/CryptoMasonGame,https://cryptomasonsgame.com,,,,,,,,,dyor.io gramnews-apps,A TON token mining game in Telegram
farming,255,DefyTON,defyton,quiet,0,,,https://t.me/DefyTONBot,,https://x.com/DefyTON_app,https://defyton.com,,,,,,,,,gramnews-apps ton.app,
farming,256,Dynabit App,dynabit-app,quiet,0,,,,https://t.me/dynabitbot,https://x.com/xpnetwork_,https://xp.network/,https://github.com/XP-NETWORK,,2025-02-07,,,,,,dyor.io gramnews-apps,
farming,257,Erzy Channel Collab,erzy-channel-collab,quiet,0,,,https://t.me/raskrutichannel,https://t.me/ErzyNetWebBot,,https://erzy.net/,,,,,,,,,dyor.io gramnews-apps ton.app,
farming,258,EXOUSDT Farming Bot APP,exousdt-farming-bot-app,quiet,0,,,,https://t.me/exotapapp_bot,https://x.com/OlaWealth_xyz,,,,,,,,,,dyor.io gramnews-apps,
farming,259,Go!,go,quiet,0,,,,https://t.me/thegoprojectbot,,https://gosmartchain.ai,,,,,,,,,dyor.io gramnews-apps,Go! is an agentic operating system for automatic income.
farming,260,Goat Gaming,goat-gaming,quiet,0,,,,https://t.me/goatgaming_bot,,,,,,,,,,,2025-07-ton,
farming,261,GoMining,gomining,quiet,0,,,,https://t.me/cryptonbuybot,https://x.com/Gomining_token,https://gomining.com,,,,,,,,,dyor.io gramnews-apps,
farming,262,IEM Hash,tgbtc,quiet,0,,,,https://t.me/IEMHash_bot,https://x.com/IEMHash,https://www.iemhash.com,,,,,,,,,dyor.io gramnews-apps,IEM Hash — TON mining app with token rewards
farming,263,moonpacket,moonpacket,quiet,0,,,https://t.me/moonpacket_bot,https://t.me/moonpacketchat,https://x.com/mooniniofficial,https://moonpacket.com,,,,,,,,,gramnews-apps ton.app,moonpacket — sending token red packets in Telegram
farming,264,Mumba TaskBot,mumba-taskbot,quiet,0,,,https://t.me/mumbatonofficial,https://t.me/mumbatasks_bot,https://x.com/mumba_ton,https://teletype.in/@mumba/taskbot,,,,,,,,,2024-05-coin98-games dyor.io gramnews-apps ton.app,
farming,265,mylegton,mylegton,quiet,0,,,,https://t.me/mylegonton_bot,https://x.com/mylegonton,,,,,,,,,,dyor.io gramnews-apps,
farming,266,Piggy Tap,piggy-tap,quiet,0,,,https://t.me/PiggyTapNews,https://t.me/piggytapofficial_bot,https://x.com/PiggyTap,,,,,,,,,,dyor.io gramnews-apps,
farming,267,PRETON DROP,preton-drop,quiet,0,,,https://t.me/preton,https://t.me/preton_drop_bot,https://x.com/preton_official,,,,,,,,,,dyor.io gramnews-apps,
farming,268,QuokkaCoin Tap Bot,quokkacoin-tap-bot,quiet,0,,,,https://t.me/quokkacointap_bot,https://x.com/QuokkaCoinNews,,,,,,,,,,dyor.io gramnews-apps,
farming,269,Spark,spark-zjwxnz,quiet,0,,,https://t.me/SparkOne_Ton,https://t.me/SparkOne_Bot,,,,,,,,,,,dyor.io gramnews-apps,
farming,270,Tegen Tap,tegen-tap,quiet,0,,,https://t.me/tmail_ton,https://t.me/tegentap_bot,https://x.com/TegenTap,https://tmail.ae/,,,,,,,,,dyor.io gramnews-apps,
farming,271,TGR Boost,tgr-boost,quiet,0,,,,https://t.me/tegrotonbot,https://x.com/TegroTON,https://tegro.money,https://github.com/TegroTON,,2026-10-01,,,,,,dyor.io gramnews-apps,TGR Boost is a bot for earning tokens through actions in the Tegro ecosystem.
farming,272,The Treasury,the-treasury,quiet,0,,,,https://t.me/ownershipcoinbot,https://x.com/ownershipcoin,https://ownershipcoin.com,,,,,,,,,dyor.io gramnews-apps,
farming,273,TON Click Bot,ton-click-bot,quiet,0,,,https://t.me/beosin,,https://x.com/Beosin_com,,,,,,,,,,gramnews-apps ton.app,
farming,274,TON Click Bot,ton-click-bot-2,quiet,0,,,https://t.me/TONClickFAQ,https://t.me/TonClickRobot,,,,,,,,,,,dyor.io gramnews-apps,
farming,275,TON Diamonds,tondiamondsbot,quiet,0,,,https://t.me/tondiamonds,https://t.me/tondiamondsbot,https://x.com/TonDiamonds,https://ton.diamonds,,,,,,,,,2023-10-tonpost 2024-06-dwf-ventures 2024-06-ton-degen 2025-07-ton gramnews-apps ton-society-ecosystem-map,
farming,276,Ton Miner Gold,ton-miner-gold,quiet,0,,,,https://t.me/tongoldminerbot,https://x.com/TonMinerGold,,,,,,,,,,dyor.io gramnews-apps,
farming,277,TON NEWS,ton-news,quiet,0,,,,https://t.me/beecon_bot,https://x.com/TonAirdropChat,,,,,,,,,,dyor.io gramnews-apps,
farming,278,Ton Shiba Inu,ton-shiba-inu,quiet,0,,,https://t.me/ton_shibainu,https://t.me/wow3_bot,https://x.com/ton_shiba,,,,,,,,,,dyor.io gramnews-apps ton.app,
farming,279,TON Teleport,ton-teleport,quiet,0,,,,https://t.me/tonteleportbot,,,,,,,,,,,2025-07-ton,
farming,280,TONTurbobot,tonturbobot,quiet,0,,,,https://t.me/tonturbo_mint_bot,https://x.com/tonturbo_app,,,,,,,,,,dyor.io gramnews-apps,
farming,281,TTCoin,ttcoin,quiet,0,,,https://t.me/tontoncoinoffical,https://t.me/tontoncoinbot,,,,,,,,,,,dyor.io gramnews-apps,
farming,282,upbeat,upbeat,quiet,0,,,https://t.me/upbeat_community,https://t.me/upbeatapp_bot,,,,,,,,,,,dyor.io gramnews-apps ton.app,
farming,283,Mine POO,mine-poo,closed,0,,,https://t.me/TONpad_news,https://t.me/minepoobot,https://x.com/miningpoo,https://godex.fi,https://github.com/tonpad,,2024-04-28,,,,11287,,2024-05-coin98-games dyor.io gramnews-apps,
farming,284,Tap Fantasy,tap-fantasy,closed,0,,,https://t.me/tapfantasy_announcement,https://t.me/TapFantasyGameBot,https://x.com/tapfantasy2021,https://ton.tapfantasy.io,https://github.com/tapfantasy,,2022-09-21,,,,10189,,2024-05-coin98-games dyor.io gramnews-apps,
farming,285,TON DOGE bot,ton-doge-bot,closed,0,,,https://t.me/tondogeofficial,https://t.me/tondoge_bot,https://x.com/tondogeofficial,https://tondoge.com,,,,,,,710,,2024-02-coin98-games dyor.io gramnews-apps,
gambling,1,VIRUS GAME,virus-game-bot,active,1,1,telegram+mau,https://t.me/omicron,,,,,2026-09-29,,11024899,11024899,128,744222,,gramnews-apps gramnews-q3-2026,🦠Канал: @omicron 🦠Поддержка: @Virussupport_bot 🦠Депозит подарками: @virusgift
gambling,2,Epic Gift,epic-gift,active,1,1,telegram+mau,https://t.me/epic_gift_official,,,,,2026-09-30,,9984630,9984630,92,940499,,gramnews-apps gramnews-q3-2026,Epic Gift is a mini-app for earning and invitations.
gambling,3,Easy Gift,easy-gift,active,1,1,telegram+mau,https://t.me/easygiftnews,,,,,2026-09-29,,4466100,4466100,87,261050,,gramnews-apps gramnews-q3-2026,Easy Gift is a game where users earn stars and receive gifts.
gambling,4,Gorilla Case,gorilla-case,active,1,1,telegram+mau,https://t.me/gorilla_news,,https://x.com/gorillacase,,,2026-09-28,,4410400,4410400,41,420792,,gramnews-apps gramnews-q3-2026,🎁 Выиграй NFT-подарки мечты!
gambling,5,Rocket Gift,rocket-gift,active,1,1,telegram+mau,https://t.me/rocket_gift,,,,,2026-09-30,,3250897,3250897,510,150052,,gramnews-apps gramnews-q3-2026,"Rocket Gift is a game with ""Mines"", ""Crash"", and ""Fortune Spin"" modes."
gambling,6,TopGift,topgift,active,1,1,telegram+mau,https://t.me/topgiftnews,,,,,2026-09-29,,1802858,1802858,324,67938,,gramnews-apps gramnews-q3-2026,Community: @TopGiftNews
gambling,7,HunnyPlay,hunnyplay,active,1,1,telegram+mau,https://t.me/hunnyfinancenews,,https://x.com/HunnyPlay_,,,,,660788,660788,208,16809,,dyor.io gramnews-apps gramnews-q3-2026,
gambling,8,Gifts Battle,gifts-battle,active,1,1,telegram+mau,https://t.me/giftsbattle,,,,,2026-09-29,,649570,649570,16,126346,,gramnews-apps gramnews-q3-2026,Gifts Battle is a mini app for opening NFT cases.
gambling,9,@TonPlay,tonplay,active,1,1,mau+editor,,https://t.me/tonplay,,,,,,547237,,,547237,,2023-10-tonpost 2024-06-dwf-ventures gramnews-q3-2026,
gambling,10,Rolls,rolls,active,1,1,telegram+mau,https://t.me/rolls_tv,,,,,2026-09-29,,454982,454982,267,130531,,2026-05-messari gramnews-apps gramnews-q3-2026,PVP game with Telegram Gifts
gambling,11,Mell Gifts,mell-gifts,active,1,1,telegram+mau,https://t.me/mellgifts,,,,,2026-09-30,,446817,446817,109,30367,,gramnews-apps gramnews-q3-2026,Mell Gifts — a mini app for completing tasks and receiving NFTs
gambling,12,StarsCase,starscase,active,1,1,telegram+mau,https://t.me/starsik,,,,,2026-09-27,,386189,386189,34,34135,,gramnews-apps gramnews-q3-2026,"A mini-app for opening virtual cases to win Telegram Stars, TON, and NFT gifts."
gambling,13,Lucky Draw Master,luckydrawmaster,active,1,1,telegram+mau,https://t.me/lucky_draw_master,,https://x.com/mogifts312,https://www.moboost.xyz/,,2026-09-21,,217040,217040,24,12496,,dyor.io gramnews-apps gramnews-q3-2026 ton.app,A tool for running draws with USDT prizes.
gambling,14,NFTROULETTE,nftroulette,active,1,1,telegram,https://t.me/nftroulettecommunity,,,,,2026-09-30,,216155,216155,292,,,gramnews-apps gramnews-q3-2026,"NFTROULETTE is a mini app for spinning cases, playing mini-games, and winning gifts."
gambling,15,GiftUp,giftup,active,1,1,telegram+mau,https://t.me/giftup,,,,,2026-09-04,,177910,177910,9,61725,,gramnews-apps gramnews-q3-2026,🚀 Channel - @GiftUp
gambling,16,Bull Run,bull-run,active,1,1,telegram+mau,https://t.me/holdbull,,https://x.com/AppBullRun,,,,,147813,147813,78,40687,,dyor.io gramnews-apps gramnews-q3-2026,"Pilot Gift: cases, crash game with multiplier up to x1000, and NFT gift staking."
gambling,17,Bitsler,bitslercom-casino,active,1,1,telegram,https://t.me/bitsler_casino,,https://x.com/Bitsler,,,,,61648,61648,61,,,dyor.io gramnews-apps gramnews-q3-2026 ton-society-ecosystem-map,
gambling,18,Pyramida,pyramida,active,1,1,telegram+mau,https://t.me/pyramida_news,,,https://pyramida.app,,2026-09-27,,56052,56052,22,10109,,dyor.io gramnews-apps gramnews-q3-2026,"Buy tickets, win prizes in TON, and earn from referrals."
gambling,19,Chance Bot,chance-bot,active,1,1,telegram+mau,https://t.me/chance_winners,https://t.me/chanceappbot,https://x.com/chancetg_app,https://app.chance.tg,https://github.com/chancetg,2026-09-26,,53008,53008,663,10104,,dyor.io gramnews-apps gramnews-q3-2026,Chance is a Telegram utility app currently under maintenance.
gambling,20,Athletix,athletix,active,1,1,telegram+mau,https://t.me/athletix,,https://x.com/AthletixAi,https://www.athletix.ai,,2026-09-30,,50724,50724,93,19174,,dyor.io gramnews-apps gramnews-q3-2026,AI bot offering sports predictions and analysis
gambling,21,SlotCoin,slotcoin,active,1,1,telegram,https://t.me/slotcoin,,https://x.com/slotcoin_news,https://slot.win,,2026-09-17,,5209,5209,3,,,dyor.io gramnews-apps gramnews-q3-2026,
gambling,22,JetTon Games,jetton-games,active,1,1,telegram,https://t.me/jetton,,https://x.com/jettongames,,,,,1810,1810,1,,,2024-06-dwf-ventures 2024-06-ton-degen 2026-05-messari dyor.io gramnews-apps gramnews-feed gramnews-q3-2026 ton-society-ecosystem-map,
gambling,23,SHULERA,shulera,active,1,1,editor,https://t.me/shulera_live,,,,,,,,,,,,gramnews-q3-2026,
gambling,24,Raffles by The Daily TON,the-daily-bot,active,0,,telegram,https://t.me/thedailyton,https://t.me/the_daily_bot,https://x.com/the_daily_ton,,,2026-09-29,,169854,169854,67,,,gramnews-apps,
gambling,25,1win 🎰,1win,active,0,,gramnews,https://t.me/tonkeeper_news,https://t.me/casino_1w_bot,https://x.com/tonkeeper,https://tonkeeper.com/,,,,,,,,,dyor.io gramnews-apps gramnews-feed,
gambling,26,FairGram,fairgram,quiet,0,,,,https://t.me/fairgram_game_bot,https://x.com/cephei_fi,,,,,,,,17942,,dyor.io gramnews-apps,
gambling,27,Bettor Whales,bettor-whales,quiet,0,,,,https://t.me/whalesbettle_bot,https://x.com/OlaWealth_xyz,,,,,,,,16229,,dyor.io gramnews-apps,
gambling,28,Ton Raffles Bot,ton-raffles-bot,quiet,0,,,,https://t.me/tonraffle_bot,,https://tonraffles.app,,,,,,,15828,,2023-10-tonpost 2024-06-ton-degen 2025-07-ton dyor.io gramnews-apps ton-society-ecosystem-map,
gambling,29,TruHar Game,truhar-game,quiet,0,,,,https://t.me/truharbot,,,,,,,,,13189,,dyor.io gramnews-apps,
gambling,30,Raffley,raffley,quiet,0,,,https://t.me/raffleychannel,https://t.me/raffleybot,,,,,,,,,12230,,2025-ton-cis-hub dyor.io gramnews-apps,
gambling,31,Magic Pot,magic-pot,quiet,0,,,https://t.me/magicpot_fam,https://t.me/magic_pot_bot,https://x.com/Hangarxio,,https://github.com/hangarx,,2024-12-15,,,,11221,,dyor.io gramnews-apps,
gambling,32,Jetton lucky spin,jetton-lucky-spin,quiet,0,,,,https://t.me/jetton_lucky_spin_bot,https://x.com/TonTakeGame,,,,,,,,10808,,dyor.io gramnews-apps,
gambling,33,Solexai,solexai,quiet,0,,,,https://t.me/solex_ai_bot,,,,,,,,,10613,,dyor.io gramnews-apps,
gambling,34,WOW3 Coin Flip,wow3-coin-flip,quiet,0,,,https://t.me/wow3_official,https://t.me/wow3_bot,https://x.com/WOW3_Official,https://wow3.app/,,,,,,,10294,,dyor.io gramnews-apps,WOW3 Coin Flip — a coin flip mini-game in Telegram
gambling,35,Power TON,power-ton,quiet,0,,,,https://t.me/powertonbot,https://x.com/PowerT0N,,,,,,,,1732,,dyor.io gramnews-apps,
gambling,36,Duel Duck,duel-duck,quiet,0,,,,https://t.me/duelduck_bot,https://x.com/duel_duck,,,,,,,,349,,dyor.io gramnews-apps,
gambling,37,Coin Flip,coin-flip,quiet,0,,,,https://t.me/coinflipgame_bot,,,,,,310,,,310,,dyor.io gramnews-apps,
gambling,38,ShamanCoin,shamancoin,quiet,0,,,https://t.me/ShamanCoin_channel,https://t.me/shamancoin_bot,,,,,,,,,240,,dyor.io gramnews-apps,
gambling,39,Markets,markets,quiet,0,,,https://t.me/tonymarketapp,https://t.me/tonymarketsbot,,,,,,,,,173,,dyor.io gramnews-apps,
gambling,40,The BearDrop,the-beardrop,quiet,0,,,https://t.me/thebeardrop,https://t.me/thebeardropbot,https://x.com/thebeardrop,,,,,,,,22,,dyor.io gramnews-apps,
gambling,41,AlpaTON,alpaton,quiet,0,,,https://t.me/alpaton_channel,https://t.me/AlpaTONbot,https://x.com/Changehero_io,https://alpaton.bid,https://github.com/alpaton,,2024-10-16,,,,,,dyor.io gramnews-apps,
gambling,42,B3t Dice,b3t-dice,quiet,0,,,,https://t.me/b3tdicebot,https://x.com/bit3rn_bot,,,,,,,,,,dyor.io gramnews-apps,
gambling,43,BIX Games,bix-games,quiet,0,,,,https://t.me/ninebixbot,https://x.com/di_sob,,,,,,,,,,dyor.io gramnews-apps,
gambling,44,Capton Play,capton-play,quiet,0,,,https://t.me/captonplay,,,,,,,,,,,,ton-society-ecosystem-map,
gambling,45,Grand Casino TON,grand-casino-ton,quiet,0,,,https://t.me/tg_grand_casino_bot,,,,,,,,,,,,ton-society-ecosystem-map,
gambling,46,GreenOrRed,greenorred,quiet,0,,,,https://t.me/ton_lucky_game_bot,https://x.com/Petoshi_Blast,,,,,,,,,,dyor.io gramnews-apps,
gambling,47,Lucky Matrix Game,lucky-matrix-game,quiet,0,,,https://t.me/Lucky_matrix_official,https://t.me/Lucky_Matrix_bot,https://x.com/LuckyMatrixGame,,,,,,,,,,dyor.io gramnews-apps,
gambling,48,NECASINO,necasino,quiet,0,,,,https://t.me/necaplaybot,https://x.com/ne_casino,,,,,,,,,,dyor.io gramnews-apps,
gambling,49,OwlGames,owlgames,quiet,0,,,,https://t.me/owlgamesbot,https://x.com/OWLDAOio,https://owl.games,,,,,,,,,dyor.io gramnews-apps,
gambling,50,Panda loto,panda-loto,quiet,0,,,,https://t.me/pandalotterybot,https://x.com/loto_panda,,,,,,,,,,dyor.io gramnews-apps ton-society-ecosystem-map,
gambling,51,Playgram,playgram-sxdjvg,quiet,0,,,,https://t.me/torch_finance_bot,https://x.com/Playgram_io,,,,,,,,,,dyor.io gramnews-apps,
gambling,52,Poker 1337,poker-1337,quiet,0,,,,https://t.me/poker1337bot,,,,,,,,,,,2025-ton-cis-hub,
gambling,53,Prophecy Pulse [Telegram](https://t.me/prophecypulse_bot),prophecy-pulse-telegram-https-t-me-prophecypulse-bot,quiet,0,,,https://t.me/prophecypulse_bot,,https://x.com/ProphecyPulse,,,,,,,,,,ton-society-ecosystem-map,
gambling,54,Slot Game,slot-game,quiet,0,,,,https://t.me/slotapp_bot,https://x.com/slotgame_ton,,,,,,,,,,dyor.io gramnews-apps,
gambling,55,Sportsbet,sportsbet,quiet,0,,,https://t.me/tonshaker_news,https://t.me/tonshakerbot,https://x.com/tonshaker,https://tonshaker.com/,,,,,,,,,dyor.io gramnews-apps,
gambling,56,TGCasino,tgcasino,quiet,0,,,,https://t.me/tgcasinoofficialbot,https://x.com/TGCasino_,,,,,,,,,,dyor.io gramnews-apps,
gambling,57,TON Bingo,ton-bingo,quiet,0,,,https://t.me/ton_bingo,https://t.me/tonbingo_bot,,,,,,,,,,,dyor.io gramnews-apps,
gambling,58,TON Crypto Games,ton-crypto-games,quiet,0,,,https://t.me/tonslotgames,https://t.me/tonslotgames_bot,,,,,,,,,,,dyor.io gramnews-apps,
gambling,59,TON Lottery,ton-lottery,quiet,0,,,https://t.me/tonproject_bot,,,,,,,,,,,,ton-society-ecosystem-map,
gambling,60,Tonbet App,tonbet-app,quiet,0,,,https://t.me/tonbetapp,https://t.me/tonbetapp_bot,https://x.com/tonbetapp,https://tonbetapp.com,,,,,,,,,dyor.io gramnews-apps,Tonbet – a betting bot for cryptocurrency tokens
gambling,61,TONJiggle,tonjiggle,quiet,0,,,,https://t.me/treasure_tapper_bot,https://x.com/TonJiggle,,,,,,,,,,dyor.io gramnews-apps,
gambling,62,TonTogether,tontogether,quiet,0,,,https://t.me/ton_together,,https://x.com/TogetherTON,,,,,,,,,,ton-society-ecosystem-map,
gambling,63,TWIF_choice,twif-choice,quiet,0,,,https://t.me/Trump_Wif_Coin,https://t.me/TWIFchoice_bot,https://x.com/TrumpWifCoin,https://trumpwifcoin.pro/,,,,,,,,,dyor.io gramnews-apps,
gambling,64,Wagmi 11,wagmi-11,quiet,0,,,https://t.me/wagmi11,,https://x.com/wagmi_11,,https://github.com/wagmi11,,2026-01-11,,,,,,ton-society-ecosystem-map,
gambling,65,Whale,whale,quiet,0,,,https://t.me/whalesocials2,https://t.me/auraxcryptobot,https://x.com/whalegames_en,https://offers.whalegames.gg/?offer=8&uid=019ac51d-d569-7d28-bbb7-1a5f9dd5e338,,,,,,,,,2023-10-tonpost dyor.io gramnews-apps ton-society-ecosystem-map,
gambling,66,Wheel of Fate,wheel-of-fate,quiet,0,,,,https://t.me/wheeloffateofficial_bot,https://x.com/_WheelofFate,,,,,,,,,,dyor.io gramnews-apps,
gambling,67,Wins,wins,quiet,0,,,https://t.me/wins,,,,,,,,,,,,ton-society-ecosystem-map,
gambling,68,Predicton,predicton,closed,0,,,https://t.me/predicton_news,https://t.me/predicton_tbot,https://x.com/predicton_tbot,https://predicton.live,,,,,,,,,2025-ton-cis-hub dyor.io gramnews-apps,
